LEAGUE,SEASON,PLAYER_ID,PLAYER_NAME,TEAM_ID,TEAM_ABBREVIATION,GP,MIN,PTS,REB,AST,USG_PCT,TS_PCT,PIE,WIN_SHARES
WNBA,1997,100100,Adrienne Johnson,1611661315,CLE,25,7.8,2.1,0.9,0.4,0.209,0.428,0.022,
WNBA,1997,100065,Andrea Congreaves,1611661314,CHA,28,23.6,6.7,4.8,1.5,0.129,0.621,0.131,
WNBA,1997,100059,Andrea Stinson,1611661314,CHA,28,36.1,15.7,5.5,4.4,0.248,0.504,0.145,
WNBA,1997,100094,Anita Maxwell,1611661315,CLE,9,6.9,2.1,1.3,0.9,0.246,0.333,0.068,
WNBA,1997,100031,Bridget Pettis,1611661317,PHO,28,29.7,12.5,3.8,2.8,0.237,0.48,0.118,
WNBA,1997,100017,Bridgette Gordon,1611661318,SAC,28,34.1,12.6,4.8,2.7,0.198,0.508,0.112,
WNBA,1997,100110,Cassandra Crumpton-Moorer,1611661313,NYL,2,5.5,1.0,1.0,0.5,0.227,0.25,0.063,
WNBA,1997,100079,Catarina Pollini,1611661316,HOU,13,7.2,1.7,0.9,0.4,0.163,0.403,-0.085,
WNBA,1997,100022,Chantel Tremitiere,1611661318,SAC,28,37.6,7.8,4.6,4.6,0.153,0.456,0.067,
WNBA,1997,100024,Corissa Yasen,1611661318,SAC,19,10.8,2.5,1.0,0.3,0.164,0.434,0.046,
WNBA,1997,100073,Cynthia Cooper,1611661316,HOU,28,35.0,22.2,3.9,4.7,0.284,0.628,0.235,
WNBA,1997,100005,Daedra Charles,1611661320,LAS,28,10.5,2.4,1.7,0.4,0.142,0.437,0.049,
WNBA,1997,100028,Danielle Viglione,1611661318,SAC,6,4.4,0.7,0.3,0.2,0.115,0.286,-0.015,
WNBA,1997,100052,Deborah Carter,1611661319,UTA,18,14.7,3.9,2.7,0.4,0.158,0.422,0.048,
WNBA,1997,100064,Debra Williams,1611661314,CHA,10,11.6,2.7,1.3,0.9,0.192,0.308,0.006,
WNBA,1997,100045,Dena Head,1611661319,UTA,27,17.5,5.7,2.3,1.7,0.197,0.494,0.077,
WNBA,1997,100021,Denique Graves,1611661318,SAC,21,3.7,0.8,0.7,0.0,0.243,0.271,-0.173,
WNBA,1997,100043,Elena Baranova,1611661319,UTA,28,32.6,12.2,7.4,2.2,0.212,0.476,0.127,
WNBA,1997,100091,Eva Nemcova,1611661315,CLE,28,33.7,13.7,3.9,2.4,0.198,0.584,0.137,
WNBA,1997,100084,Fran Harris,1611661316,HOU,25,14.8,4.2,2.3,1.0,0.185,0.431,0.083,
WNBA,1997,100055,Greta Koss,1611661319,UTA,13,20.7,3.4,2.8,0.8,0.093,0.61,0.067,
WNBA,1997,100006,Haixia Zheng,1611661320,LAS,28,20.2,9.4,4.2,0.7,0.198,0.649,0.126,
WNBA,1997,100156,Heidi Burge,1611661320,LAS,21,12.6,3.8,3.0,0.7,0.175,0.465,0.065,
WNBA,1997,100089,Isabelle Fijalkowski,1611661315,CLE,28,28.7,11.9,5.6,2.4,0.208,0.57,0.114,
WNBA,1997,100007,Jamila Wideman,1611661320,LAS,28,21.2,2.8,1.8,3.5,0.118,0.35,0.053,
WNBA,1997,100075,Janeth Arcain,1611661316,HOU,28,27.3,10.2,3.8,1.6,0.2,0.522,0.132,
WNBA,1997,100087,Janice Braxton,1611661315,CLE,25,32.9,11.5,7.6,2.0,0.183,0.528,0.147,
WNBA,1997,100109,Jasmina Perazic-Gipe,1611661313,NYL,9,5.2,1.1,1.2,0.4,0.177,0.385,0.116,
WNBA,1997,100030,Jennifer Gillom,1611661317,PHO,28,30.7,15.7,5.3,0.8,0.25,0.517,0.137,
WNBA,1997,100095,Jenny Boucek,1611661315,CLE,10,11.2,1.8,1.0,0.9,0.161,0.498,-0.007,
WNBA,1997,100048,Jessie Hicks,1611661319,UTA,26,10.1,3.2,1.4,0.4,0.166,0.477,0.033,
WNBA,1997,100018,Judy Mosley-McAfee,1611661318,SAC,13,22.3,6.2,3.6,0.9,0.157,0.529,0.06,
WNBA,1997,100053,Karen Booker,1611661319,UTA,26,12.4,2.3,3.1,0.9,0.161,0.403,0.025,
WNBA,1997,100067,Katasha Artis,1611661314,CHA,20,5.6,0.8,0.8,0.4,0.137,0.354,0.01,
WNBA,1997,100009,Katrina Colleton,1611661320,LAS,27,22.4,5.0,2.2,1.6,0.124,0.496,0.072,
WNBA,1997,100014,Kim Gessig,1611661320,LAS,1,3.7,0.0,1.0,0.0,0.143,0.0,-0.571,
WNBA,1997,100083,Kim Perrot,1611661316,HOU,28,24.8,5.7,2.7,3.0,0.16,0.446,0.094,
WNBA,1997,100050,Kim Williams,1611661319,UTA,28,21.8,8.1,2.9,2.1,0.217,0.448,0.07,
WNBA,1997,100107,Kisha Ford,1611661313,NYL,28,16.9,4.1,1.7,0.9,0.164,0.435,0.028,
WNBA,1997,100102,Kym Hampton,1611661313,NYL,28,23.7,9.8,5.8,1.4,0.213,0.523,0.157,
WNBA,1997,100044,Lady Grooms,1611661319,UTA,28,24.7,5.5,3.0,2.4,0.175,0.402,0.042,
WNBA,1997,100027,Latasha Byears,1611661318,SAC,27,24.2,9.0,7.0,1.7,0.202,0.512,0.124,
WNBA,1997,100161,Laure Savasta,1611661318,SAC,14,11.1,2.4,0.5,0.9,0.193,0.337,-0.057,
WNBA,1997,100011,Linda Burgess,1611661320,LAS,28,17.7,6.7,4.2,0.3,0.175,0.581,0.138,
WNBA,1997,100003,Lisa Leslie,1611661320,LAS,28,31.5,15.5,9.5,2.6,0.266,0.493,0.15,
WNBA,1997,100090,Lynette Woodard,1611661315,CLE,28,25.5,7.8,4.1,2.4,0.199,0.443,0.098,
WNBA,1997,100158,Marcie Alberts,1611661315,CLE,5,6.1,0.0,0.2,0.6,0.068,0.0,-0.019,
WNBA,1997,100162,Margo Clark,1611661318,SAC,4,10.5,1.8,1.5,0.3,0.098,0.509,0.005,
WNBA,1997,100037,Marlies Askamp,1611661317,PHO,28,18.6,7.4,5.1,0.8,0.221,0.478,0.138,
WNBA,1997,100051,Megan Compain,1611661319,UTA,5,7.9,1.0,1.0,0.4,0.141,0.357,-0.005,
WNBA,1997,100092,Merlakia Jones,1611661315,CLE,28,21.0,8.2,2.9,0.9,0.241,0.451,0.069,
WNBA,1997,100029,Michele Timms,1611661317,PHO,27,35.4,11.6,3.7,5.0,0.193,0.472,0.118,
WNBA,1997,100088,Michelle Edwards,1611661315,CLE,20,31.2,10.2,3.5,4.5,0.214,0.488,0.1,
WNBA,1997,100019,Mikiko Hagiwara,1611661317,PHO,26,14.2,3.3,0.9,0.9,0.137,0.439,0.039,
WNBA,1997,100066,Milica Vukadinovic,1611661314,CHA,1,14.4,3.0,1.0,1.0,0.103,1.5,0.053,
WNBA,1997,100057,Molly Tuter,1611661317,PHO,3,0.9,0.0,0.0,0.0,0.25,0.0,1.0,
WNBA,1997,100036,Monique Ambers,1611661317,PHO,19,4.6,0.7,1.1,0.2,0.105,0.449,0.0,
WNBA,1997,100012,Mwadi Mabika,1611661320,LAS,21,15.7,6.2,2.6,0.9,0.222,0.45,0.077,
WNBA,1997,100032,Nancy Lieberman,1611661317,PHO,25,11.2,2.6,1.3,1.6,0.184,0.393,0.041,
WNBA,1997,100155,Nicole Levesque,1611661314,CHA,27,23.0,4.0,1.7,2.8,0.132,0.521,0.049,
WNBA,1997,100020,Pam McGee,1611661318,SAC,27,25.4,10.0,4.4,0.8,0.224,0.512,0.047,
WNBA,1997,100374,Penny Moore,1611661314,CHA,28,19.3,4.8,2.6,1.0,0.186,0.391,0.045,
WNBA,1997,100004,Penny Toler,1611661320,LAS,28,31.4,13.1,3.4,4.9,0.239,0.495,0.116,
WNBA,1997,100081,Pietra Gay,1611661316,HOU,5,2.5,0.8,0.6,0.4,0.296,0.476,-0.038,
WNBA,1997,100049,Raegan Scott,1611661319,UTA,8,5.2,1.5,0.9,0.1,0.123,0.432,0.096,
WNBA,1997,100002,Rebecca Lobo,1611661313,NYL,28,33.5,12.4,7.3,1.9,0.232,0.435,0.105,
WNBA,1997,100108,Rhonda Blades,1611661313,NYL,28,10.4,2.9,0.8,1.1,0.172,0.508,-0.007,
WNBA,1997,100060,Rhonda Mapp,1611661314,CHA,28,25.5,11.6,5.5,2.3,0.236,0.561,0.129,
WNBA,1997,100097,Rushia Brown,1611661315,CLE,28,18.3,6.3,4.0,0.7,0.16,0.579,0.146,
WNBA,1997,100016,Ruthie Bolton,1611661318,SAC,24,34.2,18.3,5.8,2.4,0.259,0.503,0.144,
WNBA,1997,100041,Ryneldi Becenti,1611661317,PHO,1,8.3,0.0,0.0,0.0,0.053,0.0,0.0,
WNBA,1997,100063,Sharon Manning,1611661314,CHA,28,15.6,4.9,3.5,0.5,0.183,0.466,0.107,
WNBA,1997,100072,Sheryl Swoopes,1611661316,HOU,9,14.4,7.1,1.7,0.8,0.24,0.541,0.192,
WNBA,1997,100105,Sophia Witherspoon,1611661313,NYL,28,30.9,14.5,3.0,2.3,0.241,0.517,0.124,
WNBA,1997,100104,Sue Wicks,1611661313,NYL,28,11.8,3.5,3.4,1.0,0.216,0.406,0.099,
WNBA,1997,100071,Susie Hopson-Shelton,1611661314,CHA,6,4.8,2.7,0.8,0.2,0.212,0.673,0.211,
WNBA,1997,100023,Tajama Abraham,1611661318,SAC,28,14.7,4.9,2.3,0.4,0.202,0.473,0.013,
WNBA,1997,100008,Tamecka Dixon,1611661320,LAS,27,26.4,12.3,3.1,2.0,0.22,0.563,0.136,
WNBA,1997,100047,Tammi Reiss,1611661319,UTA,28,29.6,7.8,2.8,3.1,0.167,0.425,0.052,
WNBA,1997,100077,Tammy Jackson,1611661316,HOU,28,19.0,4.1,4.1,0.4,0.152,0.453,0.051,
WNBA,1997,100038,Tara Williams,1611661317,PHO,12,6.9,3.1,0.7,0.3,0.223,0.474,0.101,
WNBA,1997,100101,Teresa Weatherspoon,1611661313,NYL,28,32.9,7.0,4.1,6.2,0.133,0.541,0.153,
WNBA,1997,100034,Tia Jackson,1611661317,PHO,26,12.2,2.8,2.0,1.0,0.161,0.444,0.092,
WNBA,1997,100086,Tiffany Woosley,1611661316,HOU,26,15.6,2.9,1.1,1.0,0.135,0.411,0.036,
WNBA,1997,100093,Tina Nicholson,1611661315,CLE,24,11.3,2.0,0.4,1.8,0.123,0.519,0.039,
WNBA,1997,100076,Tina Thompson,1611661316,HOU,28,31.7,13.2,6.5,1.1,0.212,0.527,0.117,
WNBA,1997,100033,Toni Foster,1611661317,PHO,28,25.9,8.5,6.0,1.0,0.176,0.513,0.147,
WNBA,1997,100062,Tora Suber,1611661314,CHA,28,17.0,4.7,1.5,2.0,0.173,0.52,0.071,
WNBA,1997,100010,Travesa Gant,1611661320,LAS,3,13.5,0.0,1.3,0.3,0.095,0.0,-0.034,
WNBA,1997,100106,Trena Trice-Hill,1611661313,NYL,28,12.2,4.8,2.4,0.1,0.195,0.599,0.074,
WNBA,1997,100035,Umeki Webb,1611661317,PHO,28,27.3,5.0,4.0,2.4,0.14,0.373,0.064,
WNBA,1997,100103,Vickie Johnson,1611661313,NYL,26,30.4,9.6,4.2,2.5,0.187,0.436,0.095,
WNBA,1997,100058,Vicky Bullett,1611661314,CHA,28,31.1,12.8,6.4,2.3,0.23,0.5,0.145,
WNBA,1997,100074,Wanda Guyton,1611661316,HOU,25,27.4,6.8,5.6,0.5,0.144,0.514,0.058,
WNBA,1997,100046,Wendy Palmer,1611661319,UTA,28,33.3,15.8,8.0,1.7,0.268,0.446,0.119,
WNBA,1997,100085,Yolanda Moore,1611661316,HOU,13,7.1,1.2,1.0,0.1,0.156,0.316,-0.059,
WNBA,1997,100026,Yvette Angel,1611661318,SAC,5,18.2,3.4,1.8,1.8,0.152,0.399,0.052,
WNBA,1998,100231,Adia Barnes,1611661318,SAC,28,21.3,7.3,2.9,0.8,0.214,0.443,0.037,
WNBA,1998,100100,Adrienne Johnson,1611661315,CLE,29,11.5,4.6,1.7,0.5,0.209,0.537,0.083,
WNBA,1998,100202,Adrienne Shuler,1611661322,WAS,24,14.5,3.7,2.1,1.9,0.163,0.503,0.078,
WNBA,1998,100212,Albena Branzova,1611661313,NYL,11,8.6,2.1,1.5,0.5,0.184,0.43,0.017,
WNBA,1998,100201,Alessandra Santos de Olive,1611661322,WAS,16,30.2,11.0,8.1,0.1,0.211,0.519,0.081,
WNBA,1998,100216,Alicia Thompson,1611661313,NYL,19,6.6,1.6,1.3,0.2,0.192,0.327,0.002,
WNBA,1998,100170,Allison Feaster,1611661320,LAS,3,13.7,3.3,0.7,1.0,0.2,0.336,-0.093,
WNBA,1998,100211,Amaya Valdemoro,1611661316,HOU,16,3.9,1.9,0.6,0.4,0.25,0.639,0.085,
WNBA,1998,100065,Andrea Congreaves,1611661314,CHA,24,15.6,4.3,3.0,1.5,0.135,0.576,0.112,
WNBA,1998,100224,Andrea Kuklova,1611661317,PHO,29,11.8,3.3,1.3,1.1,0.202,0.438,0.03,
WNBA,1998,100059,Andrea Stinson,1611661314,CHA,30,34.9,15.0,4.6,4.5,0.232,0.491,0.137,
WNBA,1998,100251,Aneta Kausaite,1611661321,DET,10,5.7,1.4,1.1,0.1,0.177,0.303,0.0,
WNBA,1998,100270,Angela Hamblin,1611661321,DET,6,4.8,1.0,1.2,0.3,0.216,0.338,-0.042,
WNBA,1998,100197,Angela Jackson,1611661322,WAS,6,5.7,1.7,0.7,0.0,0.106,0.579,-0.006,
WNBA,1998,100225,Brandy Reed,1611661317,PHO,24,10.6,5.2,3.3,0.8,0.239,0.571,0.191,
WNBA,1998,100031,Bridget Pettis,1611661317,PHO,30,28.3,11.3,3.4,2.1,0.212,0.498,0.097,
WNBA,1998,100017,Bridgette Gordon,1611661318,SAC,21,12.0,2.7,1.4,0.4,0.184,0.412,-0.008,
WNBA,1998,100269,Carla Boyd,1611661321,DET,30,27.3,8.2,3.9,2.3,0.189,0.417,0.052,
WNBA,1998,100022,Chantel Tremitiere,1611661319,UTA,28,25.4,5.5,2.2,3.6,0.124,0.498,0.079,
WNBA,1998,100181,Christy Smith,1611661314,CHA,24,18.7,3.7,1.4,3.0,0.136,0.531,0.056,
WNBA,1998,100183,Cindy Blodgett,1611661315,CLE,22,8.3,2.9,0.6,0.8,0.213,0.411,0.038,
WNBA,1998,100248,Cindy Brown,1611661321,DET,30,32.3,11.8,10.0,1.8,0.183,0.555,0.182,
WNBA,1998,100217,Coquese Washington,1611661313,NYL,28,8.1,1.9,0.9,1.6,0.201,0.424,0.059,
WNBA,1998,100073,Cynthia Cooper,1611661316,HOU,30,35.0,22.7,3.7,4.4,0.301,0.604,0.209,
WNBA,1998,100052,Deborah Carter,1611661322,WAS,28,14.9,3.9,2.3,0.8,0.195,0.362,0.005,
WNBA,1998,100045,Dena Head,1611661319,UTA,30,15.5,3.6,1.7,1.2,0.14,0.543,0.063,
WNBA,1998,100043,Elena Baranova,1611661319,UTA,20,33.6,12.9,9.3,3.5,0.202,0.516,0.159,
WNBA,1998,100213,Elisabeth Cebrian,1611661313,NYL,22,8.4,1.7,1.2,0.4,0.15,0.462,-0.018,
WNBA,1998,100168,Erin Alexander,1611661319,UTA,20,6.9,2.0,0.9,0.5,0.176,0.426,0.01,
WNBA,1998,100174,Eugenia Rycraw,1611661320,LAS,20,11.4,2.3,2.5,0.2,0.107,0.552,0.096,
WNBA,1998,100091,Eva Nemcova,1611661315,CLE,30,32.4,11.9,3.7,2.2,0.184,0.568,0.11,
WNBA,1998,100084,Fran Harris,1611661319,UTA,18,19.5,3.9,2.2,1.7,0.134,0.421,0.051,
WNBA,1998,100235,Franthea Price,1611661318,SAC,25,14.8,4.8,1.7,1.4,0.181,0.508,0.121,
WNBA,1998,100246,Gergana Branzova,1611661321,DET,26,7.8,2.7,1.6,0.3,0.194,0.467,0.024,
WNBA,1998,100006,Haixia Zheng,1611661320,LAS,6,16.4,7.5,4.3,0.5,0.176,0.641,0.161,
WNBA,1998,100156,Heidi Burge,1611661322,WAS,29,16.5,6.8,3.2,0.8,0.22,0.557,0.06,
WNBA,1998,100089,Isabelle Fijalkowski,1611661315,CLE,28,28.8,13.7,6.9,2.1,0.23,0.611,0.143,
WNBA,1998,100007,Jamila Wideman,1611661320,LAS,25,13.1,1.9,0.9,2.3,0.122,0.43,0.051,
WNBA,1998,100075,Janeth Arcain,1611661316,HOU,30,21.9,6.8,3.6,0.9,0.181,0.477,0.101,
WNBA,1998,100087,Janice Braxton,1611661315,CLE,30,27.9,9.8,5.6,2.5,0.186,0.561,0.139,
WNBA,1998,100030,Jennifer Gillom,1611661317,PHO,30,32.1,20.9,7.3,1.4,0.315,0.541,0.192,
WNBA,1998,100053,Karen Booker,1611661316,HOU,1,2.2,0.0,0.0,0.0,0.167,0.0,0.0,
WNBA,1998,100009,Katrina Colleton,1611661320,LAS,30,19.2,2.7,1.7,1.6,0.105,0.374,0.035,
WNBA,1998,100177,Kelly Boucher,1611661314,CHA,9,5.8,1.1,1.4,0.2,0.157,0.298,0.067,
WNBA,1998,100194,Keri Chaconas,1611661322,WAS,29,13.2,5.0,0.7,1.3,0.224,0.454,0.008,
WNBA,1998,100083,Kim Perrot,1611661316,HOU,30,32.9,8.5,3.1,4.7,0.159,0.51,0.112,
WNBA,1998,100050,Kim Williams,1611661319,UTA,30,18.0,7.6,1.9,1.5,0.256,0.464,0.064,
WNBA,1998,100107,Kisha Ford,1611661313,NYL,30,15.7,4.9,1.2,0.8,0.17,0.472,0.064,
WNBA,1998,100250,Korie Hlede,1611661321,DET,27,33.8,14.1,5.2,2.7,0.234,0.489,0.105,
WNBA,1998,100222,Kristi Harrower,1611661317,PHO,30,11.8,2.3,0.7,1.7,0.12,0.544,0.082,
WNBA,1998,100102,Kym Hampton,1611661313,NYL,30,24.8,9.1,6.0,0.9,0.205,0.517,0.123,
WNBA,1998,100193,La'Shawn Brown,1611661322,WAS,21,12.1,1.9,2.3,0.3,0.127,0.41,-0.032,
WNBA,1998,100242,LaTonya Johnson,1611661319,UTA,28,17.5,5.4,1.9,0.7,0.187,0.472,0.036,
WNBA,1998,100044,Lady Grooms,1611661318,SAC,29,26.2,7.2,2.7,1.6,0.145,0.549,0.095,
WNBA,1998,100027,Latasha Byears,1611661318,SAC,29,27.5,14.3,6.5,1.0,0.285,0.487,0.124,
WNBA,1998,100283,Leila de Souza Sobral,1611661322,WAS,14,5.0,1.8,0.7,0.4,0.216,0.408,-0.01,
WNBA,1998,100290,Leslie Johnson,1611661322,WAS,6,2.4,0.3,0.2,0.2,0.176,0.5,-0.072,
WNBA,1998,100011,Linda Burgess,1611661318,SAC,29,23.2,7.4,4.8,1.0,0.182,0.516,0.106,
WNBA,1998,100003,Lisa Leslie,1611661320,LAS,28,32.1,19.6,10.2,2.5,0.294,0.548,0.216,
WNBA,1998,100090,Lynette Woodard,1611661321,DET,27,14.1,3.5,2.4,0.8,0.167,0.429,0.073,
WNBA,1998,100239,Margo Dydek,1611661319,UTA,30,28.0,12.9,7.6,1.8,0.252,0.538,0.131,
WNBA,1998,100289,Margo Graham,1611661322,WAS,9,5.3,2.0,1.4,0.1,0.228,0.434,-0.042,
WNBA,1998,100227,Maria Stepanova,1611661317,PHO,20,6.4,3.3,1.9,0.4,0.261,0.467,0.107,
WNBA,1998,100037,Marlies Askamp,1611661317,PHO,26,12.2,5.3,3.3,0.5,0.22,0.529,0.125,
WNBA,1998,100092,Merlakia Jones,1611661315,CLE,30,22.7,9.5,3.2,1.3,0.22,0.528,0.103,
WNBA,1998,100257,Mfon Udoka,1611661321,DET,3,8.2,1.3,1.0,0.0,0.15,0.258,-0.077,
WNBA,1998,100029,Michele Timms,1611661317,PHO,30,31.2,6.9,2.5,5.3,0.152,0.423,0.078,
WNBA,1998,100221,Michelle Brogan,1611661317,PHO,30,25.9,9.2,4.4,1.4,0.162,0.605,0.159,
WNBA,1998,100088,Michelle Edwards,1611661315,CLE,23,23.1,7.7,2.3,2.8,0.212,0.481,0.089,
WNBA,1998,100286,Michelle Reed,1611661320,LAS,9,5.4,1.6,1.2,0.2,0.169,0.43,0.056,
WNBA,1998,100019,Mikiko Hagiwara,1611661317,PHO,10,5.8,2.2,0.2,0.3,0.189,0.493,0.028,
WNBA,1998,100207,Monica Lamb,1611661316,HOU,30,21.6,5.4,4.7,0.3,0.121,0.573,0.085,
WNBA,1998,100199,Murriel Page,1611661322,WAS,29,32.1,8.3,6.9,1.3,0.139,0.507,0.087,
WNBA,1998,100012,Mwadi Mabika,1611661320,LAS,29,24.5,8.2,4.4,1.5,0.194,0.429,0.081,
WNBA,1998,100214,Nadine Domond,1611661318,SAC,9,10.2,3.0,1.0,1.0,0.204,0.388,0.011,
WNBA,1998,100198,Nikki McCray,1611661322,WAS,28,33.5,17.3,3.0,3.1,0.288,0.484,0.086,
WNBA,1998,100208,Nyree Roberts,1611661316,HOU,14,3.9,1.1,0.7,0.1,0.097,0.794,0.122,
WNBA,1998,100169,Octavia Blue,1611661320,LAS,30,11.0,2.4,1.6,0.3,0.154,0.417,0.013,
WNBA,1998,100243,Olympia Scott,1611661319,UTA,29,16.2,5.3,2.9,0.8,0.2,0.47,0.038,
WNBA,1998,100020,Pam McGee,1611661320,LAS,30,19.0,6.8,4.8,0.4,0.202,0.475,0.055,
WNBA,1998,100223,Pauline Jordan,1611661318,SAC,23,11.1,3.0,1.7,0.7,0.178,0.449,0.032,
WNBA,1998,100374,Penny Moore,1611661322,WAS,28,25.9,8.0,3.7,1.5,0.2,0.409,0.073,
WNBA,1998,100004,Penny Toler,1611661320,LAS,30,31.5,12.3,3.5,4.8,0.226,0.485,0.107,
WNBA,1998,100180,Pollyanna Johns Kimbrough,1611661314,CHA,24,7.6,2.6,1.5,0.3,0.155,0.541,0.146,
WNBA,1998,100230,Quacy Barnes,1611661318,SAC,17,5.3,0.9,0.5,0.1,0.139,0.403,-0.138,
WNBA,1998,100255,Rachael Sporn,1611661321,DET,30,17.8,4.5,3.6,1.3,0.163,0.422,0.071,
WNBA,1998,100049,Raegan Scott,1611661315,CLE,22,7.7,1.7,1.3,0.3,0.149,0.439,0.053,
WNBA,1998,100253,Razija Brcaninovic,1611661321,DET,30,23.2,9.1,5.1,1.0,0.201,0.558,0.114,
WNBA,1998,100002,Rebecca Lobo,1611661313,NYL,30,29.1,11.7,6.9,1.5,0.205,0.544,0.141,
WNBA,1998,100175,Rehema Stephens,1611661318,SAC,8,10.3,3.3,1.3,0.5,0.298,0.304,-0.063,
WNBA,1998,100108,Rhonda Blades,1611661321,DET,29,11.8,2.3,1.1,1.4,0.174,0.364,-0.023,
WNBA,1998,100060,Rhonda Mapp,1611661314,CHA,21,21.8,10.1,4.2,1.6,0.227,0.557,0.116,
WNBA,1998,100204,Rita Williams,1611661322,WAS,29,23.7,4.4,2.3,2.3,0.139,0.428,0.062,
WNBA,1998,100097,Rushia Brown,1611661315,CLE,30,17.4,6.5,3.1,0.9,0.203,0.55,0.1,
WNBA,1998,100016,Ruthie Bolton,1611661318,SAC,5,26.7,11.0,2.2,1.2,0.274,0.391,0.02,
WNBA,1998,100176,Sandra VanEmbricqs,1611661320,LAS,28,16.8,3.4,2.7,0.6,0.11,0.489,0.066,
WNBA,1998,100247,Sandy Brondello,1611661321,DET,30,33.1,14.2,2.9,3.3,0.217,0.516,0.135,
WNBA,1998,100063,Sharon Manning,1611661314,CHA,30,19.1,5.4,5.5,1.0,0.159,0.497,0.131,
WNBA,1998,100072,Sheryl Swoopes,1611661316,HOU,29,32.3,15.6,5.1,2.1,0.253,0.511,0.177,
WNBA,1998,100178,Sonia Chase,1611661314,CHA,23,7.2,1.5,0.6,0.6,0.116,0.555,0.056,
WNBA,1998,100105,Sophia Witherspoon,1611661313,NYL,30,30.0,13.8,3.0,1.9,0.247,0.503,0.112,
WNBA,1998,100104,Sue Wicks,1611661313,NYL,30,14.8,4.3,2.8,1.2,0.185,0.505,0.077,
WNBA,1998,100187,Suzie McConnell Serio,1611661315,CLE,28,31.6,8.6,2.2,6.4,0.167,0.58,0.116,
WNBA,1998,100023,Tajama Abraham,1611661321,DET,12,3.5,1.5,0.6,0.0,0.23,0.437,-0.025,
WNBA,1998,100008,Tamecka Dixon,1611661320,LAS,22,32.2,16.2,2.5,2.5,0.246,0.536,0.109,
WNBA,1998,100047,Tammi Reiss,1611661319,UTA,22,21.7,6.5,1.8,2.2,0.161,0.487,0.069,
WNBA,1998,100077,Tammy Jackson,1611661316,HOU,21,8.3,1.3,1.2,0.3,0.114,0.471,-0.014,
WNBA,1998,100236,Tangela Smith,1611661318,SAC,27,25.1,9.8,4.6,1.1,0.231,0.443,0.1,
WNBA,1998,100186,Tanja Kostic,1611661315,CLE,5,5.9,1.0,0.4,0.4,0.097,0.644,0.018,
WNBA,1998,100101,Teresa Weatherspoon,1611661313,NYL,30,33.4,6.8,4.0,6.4,0.146,0.467,0.136,
WNBA,1998,100070,Tia Paschal,1611661314,CHA,20,5.5,1.4,0.8,0.5,0.201,0.341,0.029,
WNBA,1998,100234,Ticha Penicheiro,1611661318,SAC,29,36.0,6.1,4.8,7.5,0.14,0.431,0.117,
WNBA,1998,100233,Tiffani Johnson,1611661318,SAC,6,5.3,0.3,1.7,0.0,0.131,0.129,-0.212,
WNBA,1998,100086,Tiffany Woosley,1611661316,HOU,18,5.4,1.2,0.4,0.5,0.165,0.422,0.02,
WNBA,1998,100076,Tina Thompson,1611661316,HOU,27,32.3,12.7,7.1,0.9,0.2,0.532,0.127,
WNBA,1998,100033,Toni Foster,1611661317,PHO,16,13.6,4.9,1.9,1.2,0.19,0.54,0.146,
WNBA,1998,100062,Tora Suber,1611661314,CHA,30,22.8,6.0,1.8,2.9,0.166,0.441,0.069,
WNBA,1998,100182,Tracy Reid,1611661314,CHA,30,32.2,13.8,5.2,1.5,0.222,0.53,0.114,
WNBA,1998,100106,Trena Trice-Hill,1611661313,NYL,10,7.8,2.1,1.8,0.1,0.157,0.481,0.037,
WNBA,1998,100237,Tricia Bader Binford,1611661319,UTA,22,9.5,2.1,0.5,0.9,0.169,0.407,-0.026,
WNBA,1998,100284,Tully Bevilaqua,1611661315,CLE,11,11.0,1.9,0.9,2.1,0.104,0.631,0.149,
WNBA,1998,100035,Umeki Webb,1611661317,PHO,30,28.2,5.3,3.9,3.1,0.123,0.428,0.076,
WNBA,1998,100103,Vickie Johnson,1611661313,NYL,30,30.3,12.5,3.8,2.5,0.209,0.518,0.134,
WNBA,1998,100058,Vicky Bullett,1611661314,CHA,30,31.5,13.3,6.5,1.5,0.23,0.493,0.139,
WNBA,1998,100074,Wanda Guyton,1611661316,HOU,1,13.5,0.0,0.0,0.0,0.103,0.0,-0.355,
WNBA,1998,100046,Wendy Palmer,1611661319,UTA,28,27.2,13.5,6.6,1.1,0.249,0.521,0.128,
WNBA,1998,100085,Yolanda Moore,1611661316,HOU,30,17.7,3.3,2.9,0.3,0.099,0.55,0.074,
WNBA,1999,100231,Adia Barnes,1611661324,MIN,19,4.8,1.1,1.1,0.3,0.167,0.371,0.011,
WNBA,1999,100363,Adrienne Goodson,1611661319,UTA,32,33.4,14.9,4.3,2.7,0.245,0.492,0.091,
WNBA,1999,100100,Adrienne Johnson,1611661323,ORL,29,7.8,2.0,1.0,0.5,0.165,0.432,0.052,
WNBA,1999,100201,Alessandra Santos de Olive,1611661322,WAS,13,16.5,3.9,3.2,0.1,0.141,0.524,0.03,
WNBA,1999,100429,Alisa Burras,1611661315,CLE,31,17.6,7.4,3.9,0.5,0.212,0.556,0.132,
WNBA,1999,100170,Allison Feaster,1611661320,LAS,32,12.7,5.1,1.8,1.0,0.17,0.632,0.119,
WNBA,1999,100380,Amanda Wilson,1611661317,PHO,12,2.9,1.0,0.5,0.2,0.144,0.45,0.063,
WNBA,1999,100211,Amaya Valdemoro,1611661316,HOU,17,5.4,2.4,0.8,0.5,0.234,0.476,0.087,
WNBA,1999,100065,Andrea Congreaves,1611661323,ORL,32,25.3,6.5,3.2,1.1,0.127,0.603,0.067,
WNBA,1999,100224,Andrea Kuklova,1611661317,PHO,5,2.6,0.0,0.0,0.0,0.16,0.0,-0.171,
WNBA,1999,100402,Andrea Lloyd-Curry,1611661324,MIN,32,28.2,6.7,4.3,2.8,0.157,0.487,0.094,
WNBA,1999,100353,Andrea Nagy,1611661322,WAS,32,29.5,5.1,2.4,4.6,0.124,0.513,0.06,
WNBA,1999,100059,Andrea Stinson,1611661314,CHA,32,32.6,13.6,3.5,2.9,0.23,0.521,0.121,
WNBA,1999,100441,Angela Aycock,1611661317,PHO,8,3.6,0.5,0.1,0.4,0.179,0.347,-0.071,
WNBA,1999,100368,Angie Braziel,1611661314,CHA,7,5.7,3.4,1.6,0.4,0.242,0.622,0.263,
WNBA,1999,100403,Angie Potthoff,1611661324,MIN,32,22.2,4.0,2.7,1.2,0.133,0.411,0.03,
WNBA,1999,100401,Annie Burgess,1611661324,MIN,25,13.3,2.4,1.5,1.4,0.129,0.418,0.065,
WNBA,1999,100387,Astou Ndiaye-Diatta,1611661321,DET,31,14.2,5.3,3.2,0.5,0.215,0.463,0.104,
WNBA,1999,100342,Becky Hammon,1611661313,NYL,30,6.8,2.6,0.6,0.6,0.21,0.556,0.08,
WNBA,1999,100225,Brandy Reed,1611661324,MIN,25,30.2,16.1,6.0,2.6,0.3,0.507,0.182,
WNBA,1999,100031,Bridget Pettis,1611661317,PHO,32,16.8,5.7,1.8,1.4,0.226,0.386,0.039,
WNBA,1999,100269,Carla Boyd,1611661321,DET,32,21.6,5.3,2.3,1.6,0.158,0.457,0.038,
WNBA,1999,100411,Carla McGhee,1611661323,ORL,30,7.8,1.5,1.5,0.3,0.153,0.41,0.007,
WNBA,1999,100294,Cass Bauer-Bilodeau,1611661314,CHA,25,5.0,1.3,0.8,0.2,0.199,0.44,0.006,
WNBA,1999,100356,Chamique Holdsclaw,1611661322,WAS,31,34.3,16.9,7.9,2.4,0.286,0.497,0.17,
WNBA,1999,100022,Chantel Tremitiere,1611661319,UTA,20,9.5,1.1,1.0,1.1,0.102,0.357,0.011,
WNBA,1999,100371,Charlotte Smith,1611661314,CHA,32,23.4,5.4,3.6,1.8,0.179,0.405,0.031,
WNBA,1999,100179,Charmin Smith,1611661324,MIN,13,4.2,0.8,0.7,0.2,0.138,0.373,-0.041,
WNBA,1999,100433,Chasity Melvin,1611661315,CLE,31,22.0,7.9,3.9,1.2,0.204,0.497,0.094,
WNBA,1999,100181,Christy Smith,1611661314,CHA,4,4.8,3.3,0.3,0.3,0.17,0.979,0.19,
WNBA,1999,100183,Cindy Blodgett,1611661318,SAC,12,2.6,0.9,0.1,0.1,0.227,0.324,-0.126,
WNBA,1999,100248,Cindy Brown,1611661319,UTA,30,21.6,5.9,4.9,1.1,0.179,0.417,0.081,
WNBA,1999,100377,Clarissa Davis-Wrightsil,1611661317,PHO,14,19.0,9.3,2.7,1.4,0.248,0.498,0.092,
WNBA,1999,100395,Clarisse Machanguana,1611661320,LAS,28,8.7,2.6,1.8,0.4,0.147,0.571,0.088,
WNBA,1999,100386,Claudia Neves,1611661321,DET,30,10.3,2.5,0.8,1.0,0.179,0.368,0.017,
WNBA,1999,100217,Coquese Washington,1611661313,NYL,19,3.9,0.6,0.4,0.8,0.178,0.318,0.011,
WNBA,1999,100345,Crystal Robinson,1611661313,NYL,31,28.1,11.9,2.8,1.5,0.189,0.622,0.141,
WNBA,1999,100073,Cynthia Cooper,1611661316,HOU,31,35.5,22.1,2.8,5.2,0.293,0.614,0.211,
WNBA,1999,100364,Dalma Ivanyi,1611661319,UTA,14,4.8,0.8,0.4,0.5,0.143,0.4,-0.087,
WNBA,1999,100372,Dawn Staley,1611661314,CHA,32,33.3,11.5,2.3,5.5,0.203,0.54,0.121,
WNBA,1999,100396,DeLisha Milton-Jones,1611661320,LAS,32,26.1,9.9,5.5,1.6,0.188,0.581,0.125,
WNBA,1999,100359,Debbie Black,1611661319,UTA,32,31.7,5.1,3.5,5.0,0.115,0.438,0.076,
WNBA,1999,100384,Dominique Canty,1611661321,DET,26,24.6,9.6,3.0,1.5,0.236,0.431,0.063,
WNBA,1999,100375,Edna Campbell,1611661317,PHO,28,26.8,9.6,1.9,1.3,0.211,0.469,0.062,
WNBA,1999,100414,Elaine Powell,1611661323,ORL,18,14.1,2.6,1.3,1.8,0.113,0.551,0.077,
WNBA,1999,100043,Elena Baranova,1611661319,UTA,29,19.7,6.0,3.4,1.6,0.165,0.521,0.091,
WNBA,1999,100388,Elena Tornikidou,1611661321,DET,11,7.8,1.8,0.8,0.7,0.183,0.39,0.0,
WNBA,1999,100091,Eva Nemcova,1611661315,CLE,30,29.6,10.9,3.6,1.7,0.213,0.526,0.109,
WNBA,1999,100394,Gordana Grubin,1611661320,LAS,32,22.2,8.9,2.2,2.8,0.206,0.532,0.11,
WNBA,1999,100354,Heather Owen,1611661322,WAS,17,13.7,2.1,2.2,0.4,0.109,0.513,0.001,
WNBA,1999,100417,Heather Quella,1611661318,SAC,13,2.0,0.5,0.4,0.0,0.173,0.38,-0.041,
WNBA,1999,100007,Jamila Wideman,1611661315,CLE,25,14.6,1.9,1.3,1.8,0.152,0.306,0.041,
WNBA,1999,100075,Janeth Arcain,1611661316,HOU,32,23.0,5.8,2.8,1.2,0.144,0.514,0.079,
WNBA,1999,100087,Janice Braxton,1611661315,CLE,26,17.4,5.6,4.1,1.2,0.184,0.533,0.13,
WNBA,1999,100382,Jennifer Azzi,1611661321,DET,28,29.7,10.8,2.1,3.7,0.158,0.669,0.129,
WNBA,1999,100030,Jennifer Gillom,1611661317,PHO,32,34.1,15.0,5.7,1.7,0.256,0.479,0.104,
WNBA,1999,100431,Jennifer Howard,1611661315,CLE,4,3.9,0.0,0.0,0.0,0.167,0.0,-0.409,
WNBA,1999,100338,Jennifer Rizzotti,1611661316,HOU,25,9.7,1.7,1.1,0.8,0.115,0.464,0.07,
WNBA,1999,100355,Jennifer Whittle,1611661322,WAS,3,5.8,0.0,1.0,0.0,0.189,0.0,-0.072,
WNBA,1999,100340,Kara Wolters,1611661316,HOU,10,4.0,1.6,1.2,0.2,0.202,0.438,0.027,
WNBA,1999,100422,Kate Starbird,1611661318,SAC,24,8.9,2.0,1.0,0.6,0.162,0.359,0.017,
WNBA,1999,100404,Katie Smith,1611661324,MIN,30,32.3,11.7,2.9,2.0,0.198,0.525,0.067,
WNBA,1999,100421,Kedra Holland-Corn,1611661318,SAC,32,32.3,11.8,2.1,1.6,0.188,0.514,0.061,
WNBA,1999,100432,Kellie Jolly Harper,1611661315,CLE,1,3.6,0.0,0.0,1.0,0.222,0.0,-0.08,
WNBA,1999,100107,Kisha Ford,1611661323,ORL,8,5.5,0.5,0.8,0.0,0.077,0.34,-0.072,
WNBA,1999,100250,Korie Hlede,1611661319,UTA,32,21.4,9.8,2.7,1.7,0.231,0.52,0.1,
WNBA,1999,100222,Kristi Harrower,1611661317,PHO,32,20.7,4.3,2.0,3.0,0.125,0.542,0.116,
WNBA,1999,100400,Kristin Folkl,1611661324,MIN,32,16.2,4.9,3.6,0.7,0.17,0.499,0.106,
WNBA,1999,100365,Krystyna Lara,1611661319,UTA,25,8.2,2.5,0.5,0.9,0.226,0.439,-0.003,
WNBA,1999,100102,Kym Hampton,1611661313,NYL,32,26.1,9.2,5.5,0.6,0.205,0.5,0.096,
WNBA,1999,100393,La'Keshia Frett,1611661320,LAS,31,21.3,6.1,3.0,2.1,0.142,0.522,0.105,
WNBA,1999,100242,LaTonya Johnson,1611661319,UTA,31,23.1,6.5,1.7,1.6,0.159,0.491,0.055,
WNBA,1999,100044,Lady Grooms,1611661318,SAC,32,14.0,3.1,1.7,1.2,0.137,0.491,0.073,
WNBA,1999,100027,Latasha Byears,1611661318,SAC,32,22.1,9.2,5.3,1.0,0.204,0.548,0.11,
WNBA,1999,100383,Lesley Brown,1611661321,DET,13,3.2,1.5,0.7,0.2,0.25,0.51,0.036,
WNBA,1999,100011,Linda Burgess,1611661318,SAC,27,8.6,3.6,2.0,0.1,0.211,0.516,0.076,
WNBA,1999,100378,Lisa Harrison,1611661317,PHO,32,25.5,6.0,4.0,1.7,0.136,0.504,0.101,
WNBA,1999,100003,Lisa Leslie,1611661320,LAS,32,28.9,15.6,7.7,1.8,0.268,0.546,0.152,
WNBA,1999,100239,Margo Dydek,1611661319,UTA,32,23.0,12.6,6.4,1.8,0.266,0.59,0.179,
WNBA,1999,100227,Maria Stepanova,1611661317,PHO,32,17.2,7.8,5.1,0.8,0.243,0.526,0.181,
WNBA,1999,100348,Markita Aldridge,1611661322,WAS,31,12.2,2.6,1.2,1.1,0.19,0.373,0.014,
WNBA,1999,100037,Marlies Askamp,1611661317,PHO,30,26.0,9.4,7.2,0.8,0.173,0.573,0.142,
WNBA,1999,100092,Merlakia Jones,1611661315,CLE,31,26.2,10.4,3.7,1.6,0.234,0.48,0.094,
WNBA,1999,100379,Merlelynn Lang-Harris,1611661317,PHO,1,2.9,0.0,2.0,0.0,0.0,0.0,0.4,
WNBA,1999,100428,Mery Andrade,1611661315,CLE,32,11.3,2.2,1.6,1.5,0.144,0.497,0.035,
WNBA,1999,100029,Michele Timms,1611661317,PHO,30,26.7,6.8,2.6,5.0,0.176,0.48,0.089,
WNBA,1999,100346,Michele Van Gorp,1611661313,NYL,21,5.5,0.9,0.8,0.3,0.119,0.355,-0.004,
WNBA,1999,100360,Michelle Campbell,1611661319,UTA,8,3.7,1.0,0.8,0.3,0.208,0.34,-0.013,
WNBA,1999,100088,Michelle Edwards,1611661315,CLE,31,23.8,7.5,2.3,2.6,0.222,0.431,0.067,
WNBA,1999,100439,Mila Nikolich,1611661316,HOU,7,4.1,1.4,0.7,0.1,0.211,0.421,0.005,
WNBA,1999,100207,Monica Lamb,1611661316,HOU,3,12.1,4.3,2.0,0.0,0.175,0.514,0.043,
WNBA,1999,100357,Monica Maxwell,1611661322,WAS,20,6.9,1.7,1.1,0.5,0.227,0.315,0.032,
WNBA,1999,100199,Murriel Page,1611661322,WAS,32,28.7,8.8,6.7,0.9,0.143,0.614,0.129,
WNBA,1999,100012,Mwadi Mabika,1611661320,LAS,32,29.2,10.8,4.8,3.5,0.208,0.469,0.107,
WNBA,1999,100366,Natalie Williams,1611661319,UTA,28,34.0,18.0,9.2,0.9,0.236,0.585,0.16,
WNBA,1999,100369,Niesa Johnson,1611661314,CHA,31,9.6,1.5,0.6,1.4,0.143,0.425,0.056,
WNBA,1999,100198,Nikki McCray,1611661322,WAS,32,32.5,17.5,2.7,2.4,0.291,0.534,0.112,
WNBA,1999,100391,Nina Bjedov,1611661320,LAS,27,16.0,4.4,2.6,0.6,0.137,0.556,0.072,
WNBA,1999,100415,Nykesha Sales,1611661323,ORL,32,32.4,13.7,4.2,2.8,0.233,0.487,0.12,
WNBA,1999,100208,Nyree Roberts,1611661322,WAS,12,6.8,1.4,1.0,0.1,0.141,0.568,0.047,
WNBA,1999,100243,Olympia Scott,1611661321,DET,12,7.3,2.1,1.7,0.4,0.2,0.376,-0.026,
WNBA,1999,100374,Penny Moore,1611661322,WAS,4,4.7,0.5,0.3,0.0,0.156,0.333,-0.071,
WNBA,1999,100004,Penny Toler,1611661320,LAS,30,14.3,4.8,1.4,2.2,0.223,0.421,0.076,
WNBA,1999,100210,Polina Tzekova,1611661316,HOU,32,24.3,6.1,5.1,1.0,0.155,0.498,0.057,
WNBA,1999,100255,Rachael Sporn,1611661321,DET,18,18.9,5.9,3.3,1.5,0.16,0.498,0.098,
WNBA,1999,100002,Rebecca Lobo,1611661313,NYL,1,1.0,0.0,1.0,0.0,0.333,0.0,-1.0,
WNBA,1999,100060,Rhonda Mapp,1611661314,CHA,30,26.3,9.5,6.4,1.9,0.21,0.538,0.127,
WNBA,1999,100204,Rita Williams,1611661322,WAS,31,10.2,3.4,1.2,1.0,0.157,0.668,0.15,
WNBA,1999,100097,Rushia Brown,1611661315,CLE,31,14.1,4.3,2.8,0.6,0.186,0.468,0.069,
WNBA,1999,100016,Ruthie Bolton,1611661318,SAC,31,31.4,13.6,4.3,2.4,0.216,0.485,0.111,
WNBA,1999,100247,Sandy Brondello,1611661321,DET,32,31.3,13.2,2.1,2.3,0.211,0.543,0.094,
WNBA,1999,100350,Shalonda Enis,1611661322,WAS,29,29.2,7.4,5.4,1.6,0.176,0.427,0.063,
WNBA,1999,100410,Shannon Johnson,1611661323,ORL,32,35.8,14.0,4.7,4.4,0.219,0.551,0.137,
WNBA,1999,100063,Sharon Manning,1611661314,CHA,32,16.2,4.3,3.6,0.5,0.155,0.522,0.113,
WNBA,1999,100416,Sheri Sam,1611661323,ORL,32,34.1,11.4,4.6,2.4,0.193,0.479,0.081,
WNBA,1999,100072,Sheryl Swoopes,1611661316,HOU,32,34.4,18.3,6.3,4.0,0.277,0.539,0.224,
WNBA,1999,100178,Sonia Chase,1611661314,CHA,13,4.5,0.8,0.4,0.4,0.162,0.326,0.0,
WNBA,1999,100336,Sonja Henning,1611661316,HOU,32,24.9,4.0,2.5,2.3,0.094,0.512,0.082,
WNBA,1999,100406,Sonja Tate,1611661324,MIN,32,25.8,4.5,4.0,3.1,0.137,0.446,0.085,
WNBA,1999,100105,Sophia Witherspoon,1611661313,NYL,32,17.9,8.3,1.4,1.2,0.273,0.499,0.089,
WNBA,1999,100370,Stephanie White,1611661314,CHA,30,18.8,5.3,1.6,1.7,0.156,0.55,0.087,
WNBA,1999,100104,Sue Wicks,1611661313,NYL,31,29.2,6.9,6.9,1.4,0.166,0.439,0.087,
WNBA,1999,100187,Suzie McConnell Serio,1611661315,CLE,18,28.3,6.0,2.4,4.2,0.147,0.508,0.069,
WNBA,1999,100412,Taj McWilliams-Franklin,1611661323,ORL,32,32.6,13.1,7.5,1.6,0.21,0.551,0.155,
WNBA,1999,100008,Tamecka Dixon,1611661320,LAS,32,17.4,6.7,2.1,1.7,0.214,0.474,0.089,
WNBA,1999,100347,Tamika Whitmore,1611661313,NYL,26,21.3,8.1,3.6,0.7,0.226,0.499,0.058,
WNBA,1999,100077,Tammy Jackson,1611661316,HOU,28,13.7,2.6,3.3,0.3,0.123,0.504,0.036,
WNBA,1999,100236,Tangela Smith,1611661318,SAC,31,20.4,8.3,3.8,0.5,0.216,0.48,0.107,
WNBA,1999,100413,Tari Phillips,1611661323,ORL,32,10.5,4.1,2.1,0.3,0.279,0.428,0.014,
WNBA,1999,100101,Teresa Weatherspoon,1611661313,NYL,32,32.9,6.9,3.1,6.3,0.136,0.527,0.133,
WNBA,1999,100234,Ticha Penicheiro,1611661318,SAC,32,35.1,7.3,4.8,7.1,0.163,0.42,0.096,
WNBA,1999,100076,Tina Thompson,1611661316,HOU,32,33.5,12.2,6.4,0.9,0.204,0.518,0.103,
WNBA,1999,100033,Toni Foster,1611661317,PHO,10,4.3,2.5,0.8,0.1,0.222,0.657,0.086,
WNBA,1999,100398,Tonya Edwards,1611661324,MIN,32,32.3,14.8,3.5,2.6,0.282,0.47,0.106,
WNBA,1999,100062,Tora Suber,1611661323,ORL,25,4.6,0.8,0.5,0.4,0.15,0.352,-0.005,
WNBA,1999,100430,Tracy Henderson,1611661315,CLE,27,11.3,2.6,2.9,0.3,0.182,0.359,0.04,
WNBA,1999,100182,Tracy Reid,1611661314,CHA,10,15.5,4.8,2.3,0.9,0.232,0.435,0.04,
WNBA,1999,100237,Tricia Bader Binford,1611661315,CLE,16,6.8,0.8,0.9,0.8,0.109,0.327,0.012,
WNBA,1999,100399,Trisha Fallon,1611661324,MIN,26,10.8,3.0,0.8,0.8,0.186,0.411,0.038,
WNBA,1999,100392,Ukari Figgs,1611661320,LAS,22,14.9,4.3,1.6,1.4,0.158,0.519,0.075,
WNBA,1999,100389,Val Whiting,1611661321,DET,31,24.6,6.5,6.7,1.5,0.178,0.407,0.107,
WNBA,1999,100437,Valerie Still,1611661322,WAS,23,12.2,1.3,1.9,0.3,0.135,0.27,-0.055,
WNBA,1999,100215,Vanessa Nygaard,1611661315,CLE,4,4.9,0.8,0.8,0.5,0.075,0.75,0.116,
WNBA,1999,100425,Venus Lacy,1611661313,NYL,18,6.4,1.8,1.2,0.1,0.19,0.491,-0.009,
WNBA,1999,100103,Vickie Johnson,1611661313,NYL,31,33.9,13.3,4.4,3.3,0.223,0.492,0.137,
WNBA,1999,100058,Vicky Bullett,1611661314,CHA,32,31.5,11.5,6.8,1.6,0.197,0.551,0.161,
WNBA,1999,100074,Wanda Guyton,1611661321,DET,11,8.9,1.9,2.4,0.2,0.174,0.437,0.01,
WNBA,1999,100046,Wendy Palmer,1611661321,DET,31,23.7,9.7,6.0,1.4,0.221,0.52,0.117,
WNBA,1999,100419,Yolanda Griffith,1611661318,SAC,29,33.7,18.8,11.3,1.6,0.243,0.576,0.247,
WNBA,1999,100085,Yolanda Moore,1611661323,ORL,23,4.9,1.1,0.6,0.0,0.165,0.495,-0.04,
WNBA,2000,100231,Adia Barnes,1611661315,CLE,5,3.6,1.6,0.4,0.8,0.2,0.592,0.093,
WNBA,2000,100526,Adrian Williams-Strong,1611661317,PHO,28,12.6,2.8,2.5,0.6,0.162,0.44,0.051,
WNBA,2000,100363,Adrienne Goodson,1611661319,UTA,29,32.1,17.2,5.7,2.4,0.27,0.525,0.137,
WNBA,2000,100100,Adrienne Johnson,1611661323,ORL,32,33.4,13.4,2.8,1.6,0.209,0.533,0.098,
WNBA,2000,100201,Alessandra Santos de Olive,1611661325,IND,3,3.9,1.0,1.0,0.0,0.24,0.412,-0.19,
WNBA,2000,100216,Alicia Thompson,1611661325,IND,31,25.6,10.0,5.1,1.3,0.2,0.567,0.114,
WNBA,2000,100429,Alisa Burras,1611661327,POR,21,14.9,7.6,3.5,0.3,0.246,0.626,0.173,
WNBA,2000,100170,Allison Feaster,1611661320,LAS,32,14.7,6.3,2.7,1.0,0.232,0.508,0.111,
WNBA,2000,100380,Amanda Wilson,1611661317,PHO,3,3.2,0.7,0.3,0.3,0.125,0.362,-0.029,
WNBA,2000,100211,Amaya Valdemoro,1611661316,HOU,22,7.8,2.6,1.0,0.6,0.205,0.455,0.065,
WNBA,2000,100549,Amy Herrig,1611661319,UTA,25,13.7,3.6,2.4,0.8,0.161,0.513,0.055,
WNBA,2000,100503,Andrea Garner,1611661328,SEA,32,17.6,3.1,3.0,0.8,0.158,0.376,0.048,
WNBA,2000,100402,Andrea Lloyd-Curry,1611661324,MIN,14,23.9,5.4,3.1,1.6,0.149,0.497,0.076,
WNBA,2000,100353,Andrea Nagy,1611661322,WAS,23,30.1,4.2,2.7,5.1,0.104,0.536,0.08,
WNBA,2000,100059,Andrea Stinson,1611661314,CHA,32,35.1,17.7,4.3,3.8,0.261,0.541,0.147,
WNBA,2000,100441,Angela Aycock,1611661324,MIN,4,3.2,0.0,1.3,1.0,0.115,0.0,0.056,
WNBA,2000,100368,Angie Braziel,1611661314,CHA,22,9.2,2.3,1.5,0.2,0.173,0.445,0.022,
WNBA,2000,100403,Angie Potthoff,1611661324,MIN,3,2.4,0.0,0.7,0.3,0.143,0.0,-0.154,
WNBA,2000,100445,Ann Wauters,1611661315,CLE,31,18.5,6.3,4.0,1.1,0.197,0.565,0.13,
WNBA,2000,100493,Anna DeForge,1611661321,DET,27,16.1,5.4,1.7,1.7,0.176,0.518,0.104,
WNBA,2000,100387,Astou Ndiaye-Diatta,1611661321,DET,32,27.1,10.8,5.8,1.3,0.219,0.487,0.105,
WNBA,2000,100494,Barbara Farris,1611661321,DET,14,9.2,3.2,2.3,0.1,0.188,0.537,0.028,
WNBA,2000,100342,Becky Hammon,1611661313,NYL,32,26.1,11.0,2.0,1.8,0.204,0.622,0.13,
WNBA,2000,100554,Beth Cunningham,1611661322,WAS,21,9.5,2.8,1.0,0.6,0.205,0.386,0.006,
WNBA,2000,100484,Betty Lennox,1611661324,MIN,32,30.7,16.9,5.6,2.6,0.304,0.523,0.163,
WNBA,2000,100464,Beverly Williams,1611661325,IND,1,3.1,0.0,0.0,0.0,0.0,0.0,-0.143,
WNBA,2000,100225,Brandy Reed,1611661317,PHO,32,34.1,19.0,5.9,2.7,0.28,0.586,0.224,
WNBA,2000,100031,Bridget Pettis,1611661317,PHO,32,18.4,5.9,1.9,1.4,0.195,0.485,0.077,
WNBA,2000,100411,Carla McGhee,1611661323,ORL,31,12.6,2.8,2.1,0.7,0.156,0.434,0.042,
WNBA,2000,100294,Cass Bauer-Bilodeau,1611661314,CHA,29,13.7,2.6,1.9,0.5,0.132,0.468,0.0,
WNBA,2000,100356,Chamique Holdsclaw,1611661322,WAS,32,35.4,17.5,7.5,2.5,0.279,0.505,0.153,
WNBA,2000,100022,Chantel Tremitiere,1611661325,IND,25,12.7,2.0,1.2,2.0,0.135,0.431,0.058,
WNBA,2000,100542,Charisse Sampson,1611661328,SEA,21,13.4,3.7,2.0,0.5,0.135,0.657,0.139,
WNBA,2000,100371,Charlotte Smith,1611661314,CHA,30,21.9,5.2,3.5,1.8,0.162,0.459,0.055,
WNBA,2000,100179,Charmin Smith,1611661328,SEA,32,16.1,1.6,1.5,1.7,0.095,0.407,0.034,
WNBA,2000,100433,Chasity Melvin,1611661315,CLE,32,27.3,11.4,5.4,1.9,0.224,0.538,0.119,
WNBA,2000,100183,Cindy Blodgett,1611661318,SAC,20,6.7,2.6,0.5,0.2,0.225,0.494,0.053,
WNBA,2000,100514,Cintia dos Santos,1611661323,ORL,32,24.8,7.1,3.8,1.2,0.182,0.467,0.062,
WNBA,2000,100395,Clarisse Machanguana,1611661320,LAS,31,13.6,3.5,2.3,0.6,0.125,0.585,0.079,
WNBA,2000,100386,Claudia Neves,1611661321,DET,30,21.1,6.0,1.2,2.0,0.166,0.499,0.065,
WNBA,2000,100217,Coquese Washington,1611661316,HOU,25,9.4,1.7,0.8,1.0,0.127,0.514,0.064,
WNBA,2000,100515,Cornelia Gayden,1611661323,ORL,3,2.0,0.7,0.0,0.3,0.111,0.5,0.059,
WNBA,2000,100345,Crystal Robinson,1611661313,NYL,27,26.8,8.8,2.5,1.8,0.176,0.552,0.095,
WNBA,2000,100073,Cynthia Cooper,1611661316,HOU,31,35.0,17.7,2.7,5.0,0.255,0.59,0.16,
WNBA,2000,100364,Dalma Ivanyi,1611661319,UTA,27,18.1,3.4,2.0,2.3,0.144,0.429,0.038,
WNBA,2000,100471,Danielle McCulley,1611661325,IND,29,15.8,6.0,2.8,0.7,0.226,0.484,0.08,
WNBA,2000,100372,Dawn Staley,1611661314,CHA,32,34.3,8.8,2.4,5.9,0.164,0.494,0.081,
WNBA,2000,100396,DeLisha Milton-Jones,1611661320,LAS,32,30.8,11.8,6.1,2.1,0.193,0.559,0.133,
WNBA,2000,100533,DeMya Walker,1611661327,POR,30,10.3,3.1,1.6,0.6,0.211,0.423,-0.033,
WNBA,2000,100359,Debbie Black,1611661326,MIA,32,25.6,4.8,2.9,3.1,0.135,0.451,0.114,
WNBA,2000,100045,Dena Head,1611661317,PHO,17,8.8,1.6,1.1,0.9,0.129,0.465,0.048,
WNBA,2000,100511,Desiree Francis,1611661313,NYL,1,2.2,0.0,0.0,0.0,0.1,0.0,-0.042,
WNBA,2000,100384,Dominique Canty,1611661321,DET,28,27.9,9.2,2.5,2.9,0.184,0.493,0.088,
WNBA,2000,100096,Donna Harrington,1611661325,IND,8,8.4,1.0,1.1,0.6,0.148,0.385,-0.113,
WNBA,2000,100452,E.C. Hill,1611661314,CHA,26,8.2,1.5,0.9,0.5,0.191,0.335,-0.054,
WNBA,2000,100375,Edna Campbell,1611661328,SEA,16,31.8,13.9,2.1,2.3,0.275,0.462,0.093,
WNBA,2000,100492,Edwina Brown,1611661321,DET,32,19.5,5.9,2.8,2.3,0.196,0.46,0.067,
WNBA,2000,100414,Elaine Powell,1611661323,ORL,19,16.9,3.4,2.4,1.9,0.145,0.451,0.091,
WNBA,2000,100500,Elena Shakirova,1611661316,HOU,14,10.8,4.1,2.2,0.3,0.152,0.64,0.15,
WNBA,2000,100388,Elena Tornikidou,1611661321,DET,32,27.1,10.3,3.4,2.6,0.181,0.585,0.129,
WNBA,2000,100091,Eva Nemcova,1611661315,CLE,14,31.6,13.2,2.9,1.6,0.216,0.53,0.11,
WNBA,2000,100394,Gordana Grubin,1611661325,IND,29,24.7,8.2,2.6,2.2,0.212,0.466,0.071,
WNBA,2000,100482,Grace Daley,1611661324,MIN,30,19.2,5.8,2.4,1.9,0.191,0.493,0.072,
WNBA,2000,100354,Heather Owen,1611661322,WAS,11,5.5,0.2,0.8,0.2,0.057,0.25,-0.071,
WNBA,2000,100457,Helen Darling,1611661315,CLE,31,17.6,4.9,2.0,2.0,0.209,0.435,0.068,
WNBA,2000,100558,Jameka Jones,1611661326,MIA,21,11.1,3.3,1.0,0.5,0.251,0.34,-0.123,
WNBA,2000,100451,Jamie Cassidy,1611661326,MIA,22,8.0,3.4,1.0,0.4,0.223,0.501,0.093,
WNBA,2000,100541,Jamie Redd,1611661328,SEA,26,14.8,5.4,1.7,0.6,0.227,0.5,0.053,
WNBA,2000,100007,Jamila Wideman,1611661327,POR,5,7.1,0.0,0.8,0.4,0.104,0.0,-0.103,
WNBA,2000,100075,Janeth Arcain,1611661316,HOU,32,30.5,8.4,3.7,1.9,0.154,0.526,0.089,
WNBA,2000,100519,Jannon Roland,1611661323,ORL,21,8.3,1.6,0.8,0.4,0.153,0.407,-0.005,
WNBA,2000,100382,Jennifer Azzi,1611661319,UTA,15,37.3,9.6,2.7,6.1,0.127,0.586,0.101,
WNBA,2000,100030,Jennifer Gillom,1611661317,PHO,30,27.5,12.3,3.9,1.5,0.257,0.513,0.104,
WNBA,2000,100338,Jennifer Rizzotti,1611661316,HOU,32,13.6,1.9,1.1,1.4,0.094,0.509,0.052,
WNBA,2000,100508,Jessica Bibby,1611661313,NYL,17,3.9,1.1,0.3,0.6,0.21,0.401,-0.009,
WNBA,2000,100048,Jessie Hicks,1611661323,ORL,25,6.1,1.5,1.0,0.2,0.162,0.531,-0.02,
WNBA,2000,100351,Joy Holmes,1611661321,DET,29,9.3,3.1,1.6,0.5,0.163,0.547,0.092,
WNBA,2000,101006,Jurgita Streimikyte,1611661325,IND,27,15.6,4.5,2.6,1.6,0.192,0.457,0.077,
WNBA,2000,100544,Kamila Vodichkova,1611661328,SEA,23,21.2,8.7,4.2,1.0,0.261,0.487,0.089,
WNBA,2000,100340,Kara Wolters,1611661325,IND,31,25.6,11.9,5.3,1.3,0.234,0.601,0.129,
WNBA,2000,100487,Kate Paye,1611661324,MIN,28,14.5,2.0,1.1,1.4,0.11,0.452,0.017,
WNBA,2000,100422,Kate Starbird,1611661319,UTA,29,11.6,4.0,1.1,1.0,0.201,0.459,0.063,
WNBA,2000,100404,Katie Smith,1611661324,MIN,32,37.4,20.2,2.9,2.8,0.262,0.578,0.165,
WNBA,2000,100009,Katrina Colleton,1611661326,MIA,32,27.3,8.3,2.0,1.6,0.222,0.408,0.044,
WNBA,2000,100538,Katrina Hibbert,1611661328,SEA,20,11.9,2.7,1.5,0.9,0.161,0.421,0.05,
WNBA,2000,100548,Katryna Gaither,1611661325,IND,15,5.2,1.3,1.3,0.3,0.134,0.515,0.101,
WNBA,2000,100536,Katy Steding,1611661318,SAC,29,10.7,3.1,1.3,0.5,0.166,0.464,0.068,
WNBA,2000,100421,Kedra Holland-Corn,1611661318,SAC,32,29.3,9.8,2.2,2.5,0.174,0.553,0.083,
WNBA,2000,100553,Keisha Anderson,1611661322,WAS,30,14.5,2.5,1.5,2.5,0.137,0.494,0.068,
WNBA,2000,100483,Keitha Dickerson,1611661324,MIN,32,24.7,4.4,4.4,1.8,0.141,0.439,0.054,
WNBA,2000,100504,Kelley Gibson,1611661316,HOU,17,4.3,1.4,0.7,0.1,0.155,0.533,0.048,
WNBA,2000,100107,Kisha Ford,1611661326,MIA,28,15.1,3.6,2.2,0.8,0.18,0.378,0.019,
WNBA,2000,100250,Korie Hlede,1611661319,UTA,31,28.0,10.1,3.0,3.0,0.193,0.536,0.088,
WNBA,2000,100552,Kristen Rasmussen,1611661326,MIA,26,17.7,4.8,3.8,1.1,0.161,0.492,0.16,
WNBA,2000,100400,Kristin Folkl,1611661324,MIN,32,26.4,7.6,4.8,2.1,0.165,0.521,0.12,
WNBA,2000,100408,Kym Hope,1611661319,UTA,3,1.4,0.7,0.7,0.0,0.25,0.532,0.19,
WNBA,2000,100393,La'Keshia Frett,1611661320,LAS,25,7.5,1.6,1.0,0.2,0.172,0.345,0.024,
WNBA,2000,100339,LaCharlotte Smith,1611661323,ORL,3,3.8,1.7,0.7,0.3,0.167,0.727,0.164,
WNBA,2000,100242,LaTonya Johnson,1611661319,UTA,29,16.5,5.0,1.8,0.9,0.169,0.487,0.034,
WNBA,2000,100044,Lady Grooms,1611661318,SAC,30,13.3,4.1,1.5,0.4,0.163,0.54,0.069,
WNBA,2000,100454,Larecha Jones,1611661314,CHA,9,6.2,2.1,0.6,0.2,0.222,0.478,0.043,
WNBA,2000,100027,Latasha Byears,1611661318,SAC,32,16.3,5.7,3.8,0.7,0.178,0.55,0.108,
WNBA,2000,100011,Linda Burgess,1611661318,SAC,5,7.9,2.4,3.4,0.4,0.24,0.316,0.019,
WNBA,2000,100378,Lisa Harrison,1611661317,PHO,31,23.9,6.3,3.9,1.2,0.13,0.586,0.122,
WNBA,2000,100003,Lisa Leslie,1611661320,LAS,32,32.1,17.8,9.6,1.9,0.283,0.548,0.182,
WNBA,2000,100530,Lynn Pride,1611661327,POR,32,14.5,3.6,1.9,1.3,0.17,0.418,0.053,
WNBA,2000,100497,Madinah Slaise,1611661321,DET,3,2.2,1.3,0.3,0.0,0.16,0.532,-0.667,
WNBA,2000,100239,Margo Dydek,1611661319,UTA,32,24.2,9.2,5.5,1.6,0.211,0.523,0.116,
WNBA,2000,100227,Maria Stepanova,1611661317,PHO,15,11.4,3.8,3.2,0.5,0.233,0.47,0.065,
WNBA,2000,100509,Marina Ferragut,1611661313,NYL,23,6.8,2.2,0.7,0.2,0.204,0.464,-0.016,
WNBA,2000,100348,Markita Aldridge,1611661322,WAS,29,9.3,2.2,0.8,1.0,0.164,0.495,0.035,
WNBA,2000,100481,Marla Brumfield,1611661324,MIN,32,19.1,3.8,1.9,1.3,0.122,0.519,0.043,
WNBA,2000,100037,Marlies Askamp,1611661326,MIA,32,27.2,7.8,7.2,0.9,0.18,0.482,0.145,
WNBA,2000,100485,Maylana Martin,1611661324,MIN,30,15.3,4.4,2.2,0.7,0.169,0.5,0.044,
WNBA,2000,100092,Merlakia Jones,1611661315,CLE,32,28.6,10.5,4.3,1.9,0.208,0.511,0.107,
WNBA,2000,100428,Mery Andrade,1611661315,CLE,32,23.8,7.8,3.0,2.3,0.182,0.56,0.107,
WNBA,2000,100029,Michele Timms,1611661317,PHO,8,22.1,3.8,2.0,2.3,0.137,0.472,0.056,
WNBA,2000,100346,Michele Van Gorp,1611661327,POR,28,7.1,2.5,1.5,0.2,0.217,0.528,0.014,
WNBA,2000,100221,Michelle Brogan,1611661317,PHO,28,26.0,7.5,4.0,1.8,0.144,0.614,0.111,
WNBA,2000,100360,Michelle Campbell,1611661322,WAS,5,4.4,1.2,0.4,0.2,0.196,0.51,0.037,
WNBA,2000,100594,Michelle Cleary,1611661317,PHO,24,21.1,2.5,1.5,3.1,0.071,0.51,0.1,
WNBA,2000,100088,Michelle Edwards,1611661328,SEA,23,20.5,6.0,1.6,1.8,0.223,0.413,0.046,
WNBA,2000,100570,Michelle Marciniak,1611661327,POR,32,16.7,5.5,1.8,2.3,0.217,0.473,0.066,
WNBA,2000,100559,Milena Flores,1611661326,MIA,32,14.8,3.5,0.7,1.5,0.175,0.429,0.039,
WNBA,2000,100207,Monica Lamb,1611661316,HOU,13,10.7,2.0,2.0,0.2,0.102,0.514,0.038,
WNBA,2000,100357,Monica Maxwell,1611661325,IND,32,32.1,10.4,5.0,2.0,0.178,0.535,0.096,
WNBA,2000,100199,Murriel Page,1611661322,WAS,32,32.7,9.8,6.5,2.0,0.152,0.598,0.112,
WNBA,2000,100012,Mwadi Mabika,1611661320,LAS,32,29.4,12.3,5.6,3.1,0.208,0.527,0.145,
WNBA,2000,100551,Naomi Mulitauaopele,1611661319,UTA,22,13.2,4.5,1.5,0.3,0.174,0.636,0.058,
WNBA,2000,100366,Natalie Williams,1611661319,UTA,29,35.9,18.7,11.6,1.8,0.237,0.583,0.171,
WNBA,2000,100478,Nicky McCrimmon,1611661320,LAS,32,15.3,3.2,1.0,2.0,0.125,0.607,0.08,
WNBA,2000,100477,Nicole Kubik,1611661317,PHO,4,4.9,1.5,0.5,0.5,0.178,0.63,0.022,
WNBA,2000,100369,Niesa Johnson,1611661314,CHA,6,13.2,4.3,0.7,1.8,0.173,0.662,0.217,
WNBA,2000,100198,Nikki McCray,1611661322,WAS,32,32.7,15.5,1.8,2.7,0.254,0.553,0.1,
WNBA,2000,100415,Nykesha Sales,1611661323,ORL,32,29.9,12.8,4.2,2.1,0.234,0.516,0.107,
WNBA,2000,100390,Oksana Zakaluzhnaya,1611661321,DET,23,11.3,3.9,2.0,0.1,0.165,0.572,0.066,
WNBA,2000,100510,Olga Firsova,1611661313,NYL,9,2.1,1.3,0.4,0.1,0.241,0.492,0.01,
WNBA,2000,100243,Olympia Scott,1611661321,DET,28,13.2,3.6,2.9,1.0,0.179,0.469,0.023,
WNBA,2000,100479,Paige Sauer,1611661320,LAS,12,5.5,1.7,1.3,0.3,0.14,0.617,0.088,
WNBA,2000,100180,Pollyanna Johns Kimbrough,1611661315,CLE,12,4.7,1.4,1.2,0.2,0.175,0.556,0.026,
WNBA,2000,100230,Quacy Barnes,1611661328,SEA,31,22.7,6.7,2.7,1.1,0.217,0.44,0.027,
WNBA,2000,100525,Rankica Sarenac,1611661317,PHO,20,7.0,3.2,1.5,0.4,0.255,0.573,0.056,
WNBA,2000,100506,Renee Robinson,1611661322,WAS,2,2.7,2.0,0.0,0.0,0.286,0.725,0.0,
WNBA,2000,100535,Rhonda Banchero,1611661318,SAC,9,2.2,0.7,0.3,0.1,0.193,0.342,-0.061,
WNBA,2000,100060,Rhonda Mapp,1611661314,CHA,30,28.5,11.9,6.8,2.1,0.222,0.527,0.126,
WNBA,2000,100204,Rita Williams,1611661325,IND,32,31.7,11.0,3.0,3.2,0.188,0.547,0.117,
WNBA,2000,100543,Robin Threatt-Elliott,1611661328,SEA,20,18.9,7.8,1.6,0.9,0.266,0.45,0.056,
WNBA,2000,100517,Romana Hamzova,1611661323,ORL,15,2.8,0.5,0.2,0.3,0.168,0.257,-0.006,
WNBA,2000,100097,Rushia Brown,1611661315,CLE,30,22.2,8.6,4.1,1.4,0.199,0.586,0.139,
WNBA,2000,100016,Ruthie Bolton,1611661318,SAC,29,29.8,13.1,3.7,2.0,0.236,0.469,0.088,
WNBA,2000,100350,Shalonda Enis,1611661314,CHA,12,26.8,11.6,3.8,0.8,0.209,0.533,0.077,
WNBA,2000,100490,Shanele Stires,1611661324,MIN,21,5.5,1.7,0.7,0.3,0.187,0.553,0.021,
WNBA,2000,100410,Shannon Johnson,1611661323,ORL,32,34.4,11.5,4.8,5.3,0.205,0.513,0.124,
WNBA,2000,100560,Shantia Owens,1611661326,MIA,31,19.6,4.2,3.1,0.7,0.171,0.423,-0.005,
WNBA,2000,100063,Sharon Manning,1611661326,MIA,24,16.7,4.3,4.2,0.7,0.179,0.498,0.115,
WNBA,2000,100512,Shea Mahoney,1611661313,NYL,15,10.5,1.8,2.0,0.3,0.129,0.325,0.029,
WNBA,2000,100416,Sheri Sam,1611661326,MIA,31,29.1,12.8,4.3,2.1,0.276,0.467,0.145,
WNBA,2000,100072,Sheryl Swoopes,1611661316,HOU,31,35.2,20.7,6.3,3.8,0.284,0.587,0.23,
WNBA,2000,100111,Simone Edwards,1611661328,SEA,29,22.2,7.4,3.7,0.8,0.204,0.497,0.1,
WNBA,2000,100336,Sonja Henning,1611661328,SEA,32,30.7,5.3,2.7,2.5,0.123,0.472,0.076,
WNBA,2000,100406,Sonja Tate,1611661324,MIN,8,11.9,3.4,1.6,0.6,0.16,0.59,0.073,
WNBA,2000,100105,Sophia Witherspoon,1611661327,POR,32,33.2,16.8,3.3,2.1,0.269,0.517,0.134,
WNBA,2000,100470,Stacey Lovelace,1611661328,SEA,23,14.1,4.3,2.5,0.7,0.229,0.424,0.043,
WNBA,2000,100532,Stacey Thomas,1611661327,POR,32,27.0,5.1,3.9,3.2,0.147,0.417,0.081,
WNBA,2000,100534,Stacy Clinesmith,1611661318,SAC,26,11.1,2.5,1.2,1.9,0.136,0.512,0.095,
WNBA,2000,100547,Stacy Frese,1611661319,UTA,21,10.6,3.0,0.9,0.8,0.117,0.676,0.078,
WNBA,2000,100370,Stephanie White,1611661325,IND,32,19.8,7.2,1.9,1.8,0.194,0.564,0.113,
WNBA,2000,100104,Sue Wicks,1611661313,NYL,32,21.2,4.9,4.7,0.7,0.162,0.458,0.083,
WNBA,2000,100446,Summer Erb,1611661314,CHA,29,9.5,3.2,2.2,0.3,0.182,0.5,0.044,
WNBA,2000,100187,Suzie McConnell Serio,1611661315,CLE,32,21.4,5.2,1.5,3.6,0.153,0.564,0.096,
WNBA,2000,100529,Sylvia Crawley,1611661327,POR,31,30.0,11.5,6.0,1.1,0.22,0.521,0.123,
WNBA,2000,100412,Taj McWilliams-Franklin,1611661323,ORL,32,33.3,13.0,7.4,1.7,0.205,0.566,0.149,
WNBA,2000,100008,Tamecka Dixon,1611661320,LAS,31,28.4,10.9,3.4,3.1,0.205,0.52,0.117,
WNBA,2000,100496,Tamicha Jackson,1611661321,DET,17,15.6,6.8,1.5,2.1,0.222,0.478,0.103,
WNBA,2000,100347,Tamika Whitmore,1611661313,NYL,32,21.5,8.7,3.3,0.6,0.253,0.478,0.061,
WNBA,2000,100077,Tammy Jackson,1611661316,HOU,29,11.7,2.6,2.1,0.4,0.128,0.577,0.048,
WNBA,2000,100236,Tangela Smith,1611661318,SAC,32,28.9,12.1,5.6,1.3,0.226,0.496,0.113,
WNBA,2000,100186,Tanja Kostic,1611661326,MIA,5,9.4,1.4,1.0,0.8,0.172,0.354,-0.045,
WNBA,2000,100038,Tara Williams,1611661327,POR,26,6.7,3.1,0.7,0.5,0.207,0.552,0.093,
WNBA,2000,100413,Tari Phillips,1611661313,NYL,31,31.6,13.8,8.0,0.9,0.256,0.507,0.145,
WNBA,2000,100555,Tausha Mills,1611661322,WAS,31,9.6,4.2,2.6,0.3,0.267,0.51,0.053,
WNBA,2000,100101,Teresa Weatherspoon,1611661313,NYL,32,33.7,6.4,3.4,6.4,0.129,0.543,0.133,
WNBA,2000,100472,Texlin Quinney,1611661325,IND,17,6.9,0.9,0.9,0.9,0.1,0.463,0.066,
WNBA,2000,100234,Ticha Penicheiro,1611661318,SAC,30,31.2,6.9,3.0,7.9,0.151,0.448,0.128,
WNBA,2000,100233,Tiffani Johnson,1611661316,HOU,31,22.2,4.2,4.7,0.3,0.099,0.537,0.064,
WNBA,2000,100521,Tiffany McCain,1611661323,ORL,25,8.5,2.0,0.4,0.2,0.144,0.448,0.018,
WNBA,2000,100447,Tiffany Travis,1611661314,CHA,32,18.0,5.4,2.5,0.8,0.171,0.508,0.065,
WNBA,2000,100076,Tina Thompson,1611661316,HOU,32,34.0,16.9,7.7,1.5,0.248,0.586,0.161,
WNBA,2000,100398,Tonya Edwards,1611661317,PHO,32,28.9,10.6,2.4,1.8,0.219,0.494,0.073,
WNBA,2000,100557,Tonya Massaline,1611661322,WAS,19,5.4,1.4,0.7,0.3,0.164,0.411,0.059,
WNBA,2000,100182,Tracy Reid,1611661314,CHA,29,21.4,7.3,3.4,1.0,0.2,0.498,0.072,
WNBA,2000,100237,Tricia Bader Binford,1611661315,CLE,24,7.6,1.6,0.4,0.9,0.153,0.427,0.065,
WNBA,2000,100284,Tully Bevilaqua,1611661327,POR,32,24.9,4.8,3.0,2.8,0.125,0.532,0.079,
WNBA,2000,100392,Ukari Figgs,1611661320,LAS,32,25.0,6.7,1.7,4.0,0.131,0.592,0.114,
WNBA,2000,100035,Umeki Webb,1611661326,MIA,13,14.9,3.3,1.1,1.1,0.186,0.422,-0.022,
WNBA,2000,100468,Usha Gilmore,1611661325,IND,4,5.3,0.5,1.3,0.5,0.18,0.2,-0.2,
WNBA,2000,100215,Vanessa Nygaard,1611661327,POR,32,26.4,7.9,3.8,0.9,0.15,0.543,0.077,
WNBA,2000,100476,Vedrana Grgin Fonseca,1611661320,LAS,18,10.0,2.7,1.3,0.7,0.21,0.34,-0.005,
WNBA,2000,100425,Venus Lacy,1611661313,NYL,2,9.1,3.0,2.5,0.0,0.231,0.444,0.194,
WNBA,2000,100458,Vicki Hall,1611661315,CLE,31,17.8,4.7,2.9,0.8,0.174,0.43,0.065,
WNBA,2000,100103,Vickie Johnson,1611661313,NYL,31,33.0,12.3,4.4,2.5,0.205,0.532,0.146,
WNBA,2000,100058,Vicky Bullett,1611661322,WAS,32,34.2,10.7,5.7,1.3,0.171,0.532,0.114,
WNBA,2000,100046,Wendy Palmer,1611661321,DET,32,28.6,13.8,6.8,1.2,0.246,0.51,0.12,
WNBA,2000,100419,Yolanda Griffith,1611661318,SAC,32,32.1,16.3,10.3,1.5,0.237,0.586,0.208,
WNBA,2001,100231,Adia Barnes,1611661315,CLE,3,0.9,0.7,0.3,0.0,0.125,1.0,0.286,
WNBA,2001,100526,Adrian Williams-Strong,1611661317,PHO,25,15.0,3.8,3.0,0.4,0.204,0.383,0.042,
WNBA,2001,100718,Adriana Moises Pinto,1611661317,PHO,7,17.4,5.9,2.3,2.4,0.223,0.497,0.113,
WNBA,2001,100363,Adrienne Goodson,1611661319,UTA,28,30.5,12.3,5.4,2.1,0.246,0.479,0.098,
WNBA,2001,100201,Alessandra Santos de Olive,1611661328,SEA,10,6.3,1.3,1.6,0.0,0.157,0.345,-0.055,
WNBA,2001,100216,Alicia Thompson,1611661325,IND,22,17.3,8.5,2.9,1.1,0.265,0.505,0.121,
WNBA,2001,100429,Alisa Burras,1611661327,POR,26,10.5,4.1,2.3,0.4,0.224,0.548,0.093,
WNBA,2001,100170,Allison Feaster,1611661314,CHA,32,31.4,11.4,4.8,1.4,0.214,0.502,0.102,
WNBA,2001,100642,Amanda Lassiter,1611661316,HOU,32,19.0,4.3,3.4,1.1,0.145,0.474,0.074,
WNBA,2001,100549,Amy Herrig,1611661319,UTA,32,14.0,3.8,2.5,0.4,0.159,0.534,0.086,
WNBA,2001,100353,Andrea Nagy,1611661313,NYL,23,9.3,1.5,0.4,1.0,0.129,0.519,0.006,
WNBA,2001,100059,Andrea Stinson,1611661314,CHA,32,31.4,14.1,4.3,2.8,0.24,0.556,0.177,
WNBA,2001,100636,Angelina Wolvert,1611661315,CLE,1,4.9,2.0,1.0,0.0,0.273,0.333,-0.023,
WNBA,2001,100368,Angie Braziel,1611661325,IND,23,14.6,5.5,3.3,0.3,0.226,0.487,0.115,
WNBA,2001,100445,Ann Wauters,1611661315,CLE,24,25.9,9.8,4.8,1.5,0.204,0.629,0.168,
WNBA,2001,100401,Annie Burgess,1611661322,WAS,31,23.5,4.0,2.5,2.8,0.143,0.406,0.057,
WNBA,2001,100387,Astou Ndiaye-Diatta,1611661321,DET,32,28.5,11.8,5.3,1.5,0.242,0.502,0.125,
WNBA,2001,100695,Audrey Sauret,1611661322,WAS,25,18.2,3.0,1.7,1.7,0.172,0.313,0.008,
WNBA,2001,100494,Barbara Farris,1611661321,DET,31,18.0,4.2,3.5,0.5,0.132,0.522,0.062,
WNBA,2001,100342,Becky Hammon,1611661313,NYL,32,19.4,8.2,1.6,1.6,0.219,0.597,0.125,
WNBA,2001,100484,Betty Lennox,1611661324,MIN,11,21.8,11.0,4.9,1.5,0.279,0.509,0.157,
WNBA,2001,100225,Brandy Reed,1611661317,PHO,1,12.8,3.0,3.0,0.0,0.276,0.178,-0.047,
WNBA,2001,100031,Bridget Pettis,1611661317,PHO,32,15.5,5.4,1.9,1.6,0.207,0.468,0.085,
WNBA,2001,100667,Brooke Wyckoff,1611661323,ORL,32,20.2,3.4,3.8,1.2,0.137,0.393,0.029,
WNBA,2001,100652,Camille Cooper,1611661313,NYL,4,12.6,6.5,2.8,0.3,0.184,0.734,0.148,
WNBA,2001,100688,Cara Consuegra,1611661319,UTA,15,3.3,0.1,0.4,0.7,0.164,0.148,-0.004,
WNBA,2001,100269,Carla Boyd,1611661321,DET,21,10.9,3.6,1.2,0.7,0.18,0.495,0.058,
WNBA,2001,100411,Carla McGhee,1611661323,ORL,17,4.3,0.8,0.6,0.0,0.19,0.272,-0.078,
WNBA,2001,100344,Carolyn Young,1611661327,POR,23,12.2,4.8,1.5,0.7,0.241,0.481,0.072,
WNBA,2001,100294,Cass Bauer-Bilodeau,1611661322,WAS,15,6.8,1.0,1.2,0.2,0.139,0.35,-0.003,
WNBA,2001,100356,Chamique Holdsclaw,1611661322,WAS,29,33.6,16.8,8.8,2.3,0.309,0.457,0.175,
WNBA,2001,100371,Charlotte Smith,1611661314,CHA,30,22.6,5.7,3.4,1.7,0.164,0.491,0.081,
WNBA,2001,100179,Charmin Smith,1611661328,SEA,32,18.5,1.8,1.7,1.2,0.085,0.401,0.03,
WNBA,2001,100433,Chasity Melvin,1611661315,CLE,27,28.0,9.9,5.7,1.9,0.205,0.526,0.136,
WNBA,2001,100183,Cindy Blodgett,1611661318,SAC,11,6.4,3.1,0.8,0.5,0.253,0.586,0.154,
WNBA,2001,100514,Cintia dos Santos,1611661323,ORL,10,6.6,1.9,0.6,0.2,0.204,0.439,-0.043,
WNBA,2001,100395,Clarisse Machanguana,1611661314,CHA,30,19.3,5.4,4.0,0.6,0.168,0.539,0.081,
WNBA,2001,100386,Claudia Neves,1611661321,DET,22,18.4,4.3,1.3,1.5,0.146,0.487,0.078,
WNBA,2001,100690,Coco Miller,1611661322,WAS,20,6.9,1.7,0.5,0.4,0.19,0.379,-0.002,
WNBA,2001,100217,Coquese Washington,1611661316,HOU,32,31.6,5.3,3.7,3.8,0.119,0.453,0.106,
WNBA,2001,100345,Crystal Robinson,1611661313,NYL,32,30.6,10.7,2.9,2.6,0.159,0.611,0.125,
WNBA,2001,100545,Dana Wynne,1611661318,SAC,1,2.9,2.0,1.0,0.0,0.077,1.136,0.154,
WNBA,2001,100471,Danielle McCulley,1611661325,IND,8,11.2,3.5,2.1,0.6,0.184,0.54,0.081,
WNBA,2001,100372,Dawn Staley,1611661314,CHA,32,36.0,9.3,2.2,5.6,0.182,0.487,0.11,
WNBA,2001,100396,DeLisha Milton-Jones,1611661320,LAS,32,29.3,10.3,5.3,2.1,0.19,0.51,0.11,
WNBA,2001,100533,DeMya Walker,1611661327,POR,21,14.2,5.4,2.8,0.5,0.24,0.48,0.042,
WNBA,2001,100639,Deanna Nolan,1611661321,DET,27,20.2,7.1,2.0,1.1,0.223,0.442,0.059,
WNBA,2001,100359,Debbie Black,1611661326,MIA,32,29.5,5.6,3.9,3.8,0.144,0.432,0.128,
WNBA,2001,100384,Dominique Canty,1611661321,DET,32,19.5,6.2,2.6,2.2,0.214,0.437,0.068,
WNBA,2001,100452,E.C. Hill,1611661317,PHO,3,2.3,0.0,0.0,0.3,0.067,0.0,-0.091,
WNBA,2001,100375,Edna Campbell,1611661318,SAC,32,26.7,8.1,2.7,2.3,0.177,0.494,0.085,
WNBA,2001,100492,Edwina Brown,1611661321,DET,32,25.0,7.4,3.2,2.7,0.202,0.459,0.076,
WNBA,2001,100414,Elaine Powell,1611661323,ORL,32,33.0,11.2,3.1,3.1,0.185,0.521,0.1,
WNBA,2001,100043,Elena Baranova,1611661326,MIA,32,30.6,11.8,6.0,2.0,0.224,0.523,0.171,
WNBA,2001,100500,Elena Shakirova,1611661316,HOU,26,8.1,1.5,1.3,0.3,0.127,0.395,0.068,
WNBA,2001,100388,Elena Tornikidou,1611661321,DET,32,24.4,9.6,2.4,1.8,0.214,0.548,0.104,
WNBA,2001,100659,Erin Perperoglou,1611661324,MIN,32,22.7,5.7,3.7,1.9,0.184,0.421,0.05,
WNBA,2001,100091,Eva Nemcova,1611661315,CLE,8,14.2,4.3,1.3,1.0,0.221,0.409,0.06,
WNBA,2001,100707,Georgia Schweitzer,1611661324,MIN,24,17.6,3.5,2.1,1.4,0.136,0.384,0.057,
WNBA,2001,100394,Gordana Grubin,1611661325,IND,27,17.7,6.3,1.8,1.2,0.226,0.462,0.064,
WNBA,2001,100482,Grace Daley,1611661313,NYL,15,4.3,1.7,0.5,0.7,0.204,0.501,0.102,
WNBA,2001,100664,Hajdana Radunovic,1611661313,NYL,4,2.2,1.0,1.0,0.0,0.192,0.694,0.07,
WNBA,2001,100457,Helen Darling,1611661315,CLE,32,24.4,6.1,2.4,3.4,0.177,0.496,0.105,
WNBA,2001,100694,Helen Luz,1611661322,WAS,32,15.3,5.1,1.2,1.7,0.183,0.554,0.11,
WNBA,2001,100671,Ilona Korstine,1611661317,PHO,12,6.2,1.8,0.9,0.4,0.218,0.374,0.034,
WNBA,2001,100676,Jackie Stiles,1611661327,POR,32,32.0,14.9,2.4,1.7,0.246,0.53,0.1,
WNBA,2001,100668,Jaclyn Johnson,1611661323,ORL,17,8.1,2.1,1.4,0.5,0.14,0.643,0.057,
WNBA,2001,100626,Jae Kingi-Cross,1611661321,DET,29,21.6,5.8,2.2,2.6,0.167,0.535,0.098,
WNBA,2001,100541,Jamie Redd,1611661328,SEA,32,20.6,7.2,2.6,1.5,0.225,0.471,0.049,
WNBA,2001,100660,Janell Burse,1611661324,MIN,20,8.5,2.4,2.1,0.3,0.199,0.414,0.038,
WNBA,2001,100075,Janeth Arcain,1611661316,HOU,32,36.0,18.5,4.3,2.9,0.284,0.514,0.154,
WNBA,2001,100635,Jaynetta Saunders,1611661317,PHO,28,9.1,2.4,1.4,0.3,0.19,0.386,0.037,
WNBA,2001,100382,Jennifer Azzi,1611661319,UTA,32,37.7,8.6,3.1,5.3,0.12,0.61,0.103,
WNBA,2001,100030,Jennifer Gillom,1611661317,PHO,32,26.8,12.3,4.0,1.1,0.257,0.497,0.094,
WNBA,2001,100338,Jennifer Rizzotti,1611661315,CLE,32,14.8,3.7,0.9,1.6,0.173,0.518,0.088,
WNBA,2001,100355,Jennifer Whittle,1611661322,WAS,4,4.9,0.0,0.3,0.0,0.119,0.0,-0.338,
WNBA,2001,100678,Jenny Mowe,1611661327,POR,5,3.2,1.2,0.6,0.0,0.139,1.0,0.062,
WNBA,2001,100048,Jessie Hicks,1611661323,ORL,32,14.4,5.3,2.8,0.7,0.251,0.442,0.038,
WNBA,2001,101006,Jurgita Streimikyte,1611661325,IND,27,26.3,9.1,5.1,1.9,0.198,0.53,0.124,
WNBA,2001,100544,Kamila Vodichkova,1611661328,SEA,29,13.9,5.2,2.4,0.8,0.226,0.531,0.105,
WNBA,2001,100340,Kara Wolters,1611661318,SAC,31,12.2,4.9,2.4,0.5,0.227,0.511,0.096,
WNBA,2001,100663,Katarina Lazic,1611661313,NYL,8,6.8,2.1,0.8,0.4,0.274,0.407,-0.029,
WNBA,2001,100487,Kate Paye,1611661324,MIN,32,20.4,2.8,1.9,3.0,0.1,0.535,0.092,
WNBA,2001,100422,Kate Starbird,1611661319,UTA,23,13.5,4.7,1.3,0.9,0.196,0.447,0.057,
WNBA,2001,100666,Katie Douglas,1611661323,ORL,22,20.0,7.0,2.3,1.8,0.211,0.476,0.1,
WNBA,2001,100404,Katie Smith,1611661324,MIN,32,38.6,23.0,3.8,2.2,0.288,0.577,0.175,
WNBA,2001,100009,Katrina Colleton,1611661326,MIA,14,8.5,1.9,0.5,0.5,0.223,0.3,-0.033,
WNBA,2001,100536,Katy Steding,1611661328,SEA,26,15.1,3.9,1.3,0.9,0.17,0.496,0.085,
WNBA,2001,100421,Kedra Holland-Corn,1611661318,SAC,32,27.4,10.1,2.3,2.2,0.185,0.58,0.107,
WNBA,2001,100553,Keisha Anderson,1611661314,CHA,18,5.7,0.7,0.8,0.8,0.173,0.294,0.026,
WNBA,2001,100483,Keitha Dickerson,1611661319,UTA,4,1.1,0.0,0.3,0.3,0.154,0.0,4.0,
WNBA,2001,100504,Kelley Gibson,1611661316,HOU,28,10.4,1.6,1.0,0.5,0.137,0.33,0.014,
WNBA,2001,100627,Kelly Miller,1611661314,CHA,26,8.7,2.1,1.1,0.5,0.148,0.465,0.091,
WNBA,2001,100640,Kelly Santos,1611661321,DET,14,10.9,3.7,1.9,0.4,0.193,0.521,0.063,
WNBA,2001,100648,Kelly Schumacher,1611661325,IND,28,13.5,4.0,2.5,0.4,0.162,0.55,0.097,
WNBA,2001,100107,Kisha Ford,1611661326,MIA,30,13.2,2.4,2.2,0.7,0.146,0.377,0.058,
WNBA,2001,100250,Korie Hlede,1611661319,UTA,27,16.9,5.6,1.5,1.6,0.202,0.479,0.06,
WNBA,2001,100552,Kristen Rasmussen,1611661326,MIA,28,14.9,2.7,3.1,0.6,0.156,0.403,0.064,
WNBA,2001,100670,Kristen Veal,1611661317,PHO,29,22.6,4.0,2.1,4.3,0.162,0.404,0.062,
WNBA,2001,100222,Kristi Harrower,1611661324,MIN,4,17.9,5.3,1.0,2.8,0.137,0.626,0.158,
WNBA,2001,100400,Kristin Folkl,1611661327,POR,32,26.9,5.6,7.7,1.4,0.125,0.49,0.155,
WNBA,2001,100393,La'Keshia Frett,1611661318,SAC,30,13.3,4.3,1.8,0.6,0.201,0.453,0.062,
WNBA,2001,100677,LaQuanda Quick,1611661327,POR,6,5.8,0.3,1.0,0.7,0.136,0.1,0.004,
WNBA,2001,100242,LaTonya Johnson,1611661319,UTA,26,8.8,1.9,0.7,0.3,0.179,0.351,-0.028,
WNBA,2001,100044,Lady Grooms,1611661318,SAC,31,17.5,4.5,2.5,1.2,0.141,0.505,0.084,
WNBA,2001,100027,Latasha Byears,1611661320,LAS,32,23.1,9.3,5.7,0.9,0.176,0.609,0.126,
WNBA,2001,100682,Lauren Jackson,1611661328,SEA,29,34.5,15.2,6.7,1.5,0.27,0.471,0.147,
WNBA,2001,100657,Levys Torres,1611661326,MIA,2,3.9,0.0,0.0,0.0,0.105,0.0,-0.16,
WNBA,2001,100378,Lisa Harrison,1611661317,PHO,32,28.6,7.7,4.3,1.6,0.156,0.494,0.106,
WNBA,2001,100003,Lisa Leslie,1611661320,LAS,31,33.4,19.5,9.6,2.4,0.293,0.549,0.179,
WNBA,2001,100530,Lynn Pride,1611661324,MIN,32,22.4,5.3,4.6,0.9,0.163,0.429,0.076,
WNBA,2001,100527,Mactabene Amachree,1611661313,NYL,2,1.4,0.5,0.5,0.0,0.222,0.568,-0.444,
WNBA,2001,100681,Maren Walseth,1611661318,SAC,4,1.8,1.0,0.5,0.0,0.208,0.694,0.0,
WNBA,2001,100239,Margo Dydek,1611661319,UTA,32,30.3,10.9,7.6,2.0,0.219,0.515,0.142,
WNBA,2001,100227,Maria Stepanova,1611661317,PHO,32,25.5,10.4,6.3,1.3,0.215,0.528,0.154,
WNBA,2001,100685,Marie Ferdinand-Harris,1611661319,UTA,32,27.0,11.4,2.7,2.5,0.228,0.539,0.118,
WNBA,2001,100348,Markita Aldridge,1611661322,WAS,5,7.0,1.4,0.4,0.4,0.181,0.371,-0.063,
WNBA,2001,100481,Marla Brumfield,1611661326,MIA,27,9.2,1.6,0.9,1.2,0.176,0.354,0.06,
WNBA,2001,100037,Marlies Askamp,1611661326,MIA,30,14.5,2.5,2.9,0.5,0.111,0.513,0.059,
WNBA,2001,100485,Maylana Martin,1611661324,MIN,31,15.9,3.1,2.8,0.6,0.151,0.407,0.008,
WNBA,2001,100092,Merlakia Jones,1611661315,CLE,30,33.4,13.4,5.5,1.5,0.239,0.489,0.149,
WNBA,2001,100428,Mery Andrade,1611661315,CLE,32,27.9,4.8,2.7,3.1,0.149,0.398,0.071,
WNBA,2001,100686,Michaela Pavlickova,1611661319,UTA,10,1.9,0.1,0.6,0.1,0.078,0.174,0.114,
WNBA,2001,100029,Michele Timms,1611661317,PHO,21,19.5,4.7,2.1,4.1,0.184,0.428,0.097,
WNBA,2001,100346,Michele Van Gorp,1611661324,MIN,22,11.0,1.9,1.5,0.5,0.13,0.42,-0.005,
WNBA,2001,100594,Michelle Cleary,1611661317,PHO,4,12.2,0.5,0.8,2.3,0.064,0.258,0.061,
WNBA,2001,100088,Michelle Edwards,1611661328,SEA,3,4.2,1.3,0.7,1.3,0.25,0.515,0.103,
WNBA,2001,100570,Michelle Marciniak,1611661328,SEA,27,14.6,4.9,1.4,1.7,0.228,0.425,0.069,
WNBA,2001,100357,Monica Maxwell,1611661325,IND,15,15.8,3.1,2.5,0.9,0.169,0.403,0.031,
WNBA,2001,100199,Murriel Page,1611661322,WAS,32,31.0,7.0,5.5,1.7,0.148,0.456,0.082,
WNBA,2001,100012,Mwadi Mabika,1611661320,LAS,28,29.6,11.2,4.6,3.1,0.19,0.538,0.135,
WNBA,2001,100518,Nadine Malcolm,1611661325,IND,31,22.7,8.3,3.0,0.8,0.201,0.537,0.081,
WNBA,2001,100366,Natalie Williams,1611661319,UTA,31,34.4,14.2,9.9,1.8,0.215,0.539,0.148,
WNBA,2001,100082,Nekeshia Henderson,1611661316,HOU,23,7.8,1.1,0.9,1.0,0.151,0.316,0.044,
WNBA,2001,100478,Nicky McCrimmon,1611661320,LAS,28,12.5,2.3,0.4,2.3,0.116,0.484,0.083,
WNBA,2001,100477,Nicole Kubik,1611661317,PHO,3,7.1,0.7,0.7,1.7,0.152,0.25,0.0,
WNBA,2001,100653,Nicole Levandusky,1611661320,LAS,13,5.0,1.5,0.7,0.5,0.182,0.446,0.087,
WNBA,2001,100650,Niele Ivey,1611661325,IND,32,22.3,3.6,1.7,2.2,0.1,0.529,0.067,
WNBA,2001,100198,Nikki McCray,1611661322,WAS,32,25.9,11.0,1.8,1.5,0.249,0.507,0.069,
WNBA,2001,100415,Nykesha Sales,1611661323,ORL,32,32.2,13.5,5.3,1.8,0.216,0.529,0.128,
WNBA,2001,100243,Olympia Scott,1611661325,IND,32,24.3,8.7,5.0,1.3,0.216,0.525,0.083,
WNBA,2001,100479,Paige Sauer,1611661315,CLE,2,1.9,1.0,1.0,0.0,0.5,0.333,0.0,
WNBA,2001,100675,Pat Luckey,1611661317,PHO,1,8.3,0.0,1.0,1.0,0.043,0.0,0.038,
WNBA,2001,100634,Penny Taylor,1611661315,CLE,32,17.5,7.2,3.5,1.4,0.251,0.469,0.153,
WNBA,2001,100180,Pollyanna Johns Kimbrough,1611661315,CLE,18,6.6,1.6,1.7,0.2,0.158,0.452,0.066,
WNBA,2001,100230,Quacy Barnes,1611661328,SEA,20,11.5,3.4,1.7,0.6,0.177,0.48,0.069,
WNBA,2001,100255,Rachael Sporn,1611661321,DET,23,11.5,1.8,2.3,0.5,0.114,0.402,0.069,
WNBA,2001,100002,Rebecca Lobo,1611661313,NYL,16,5.3,1.1,0.9,0.1,0.173,0.358,-0.032,
WNBA,2001,100629,Reshea Bristol,1611661314,CHA,1,5.5,0.0,2.0,0.0,0.154,0.0,0.167,
WNBA,2001,100060,Rhonda Mapp,1611661320,LAS,30,13.2,4.2,2.6,0.5,0.189,0.46,0.054,
WNBA,2001,100204,Rita Williams,1611661325,IND,32,32.5,11.9,3.3,3.6,0.216,0.543,0.118,
WNBA,2001,100097,Rushia Brown,1611661315,CLE,30,25.4,8.3,4.4,1.2,0.176,0.559,0.155,
WNBA,2001,100656,Ruth Riley,1611661326,MIA,32,25.0,6.8,4.1,0.8,0.17,0.549,0.082,
WNBA,2001,100016,Ruthie Bolton,1611661318,SAC,31,18.8,7.2,3.0,1.8,0.22,0.465,0.095,
WNBA,2001,100247,Sandy Brondello,1611661326,MIA,29,29.4,12.7,1.7,2.2,0.25,0.49,0.114,
WNBA,2001,100683,Semeka Randall,1611661328,SEA,32,27.7,9.4,3.3,1.4,0.251,0.418,0.062,
WNBA,2001,100350,Shalonda Enis,1611661314,CHA,32,19.5,6.0,3.5,0.4,0.18,0.514,0.077,
WNBA,2001,100490,Shanele Stires,1611661324,MIN,18,11.2,2.8,1.5,0.8,0.184,0.455,0.043,
WNBA,2001,100410,Shannon Johnson,1611661323,ORL,26,30.1,11.6,3.0,2.6,0.212,0.514,0.103,
WNBA,2001,100416,Sheri Sam,1611661326,MIA,32,34.4,13.9,4.3,2.8,0.255,0.493,0.141,
WNBA,2001,100111,Simone Edwards,1611661328,SEA,32,25.3,7.4,4.9,0.8,0.165,0.523,0.131,
WNBA,2001,100713,Slobodanka Tuvic,1611661317,PHO,30,10.8,1.8,2.1,0.6,0.141,0.397,0.019,
WNBA,2001,100336,Sonja Henning,1611661328,SEA,32,28.1,3.4,2.2,2.9,0.109,0.374,0.065,
WNBA,2001,100105,Sophia Witherspoon,1611661327,POR,31,27.8,12.0,2.4,1.7,0.265,0.461,0.074,
WNBA,2001,100599,Stacey Ford,1611661313,NYL,1,2.5,2.0,1.0,0.0,0.143,1.0,0.2,
WNBA,2001,100470,Stacey Lovelace,1611661328,SEA,22,9.6,3.5,1.5,0.4,0.211,0.484,0.074,
WNBA,2001,100532,Stacey Thomas,1611661327,POR,32,12.8,1.8,2.2,1.3,0.138,0.391,0.042,
WNBA,2001,100534,Stacy Clinesmith,1611661318,SAC,16,4.7,0.6,0.2,0.9,0.125,0.357,0.01,
WNBA,2001,100370,Stephanie White,1611661325,IND,30,16.9,5.6,1.8,1.9,0.186,0.524,0.099,
WNBA,2001,100104,Sue Wicks,1611661313,NYL,30,20.0,5.2,4.6,1.2,0.162,0.513,0.118,
WNBA,2001,100446,Summer Erb,1611661314,CHA,18,8.3,3.0,1.9,0.2,0.209,0.527,0.098,
WNBA,2001,100658,Svetlana Abrosimova,1611661324,MIN,26,32.5,13.3,6.7,2.0,0.249,0.491,0.147,
WNBA,2001,100529,Sylvia Crawley,1611661327,POR,32,28.8,9.3,6.3,1.7,0.19,0.497,0.122,
WNBA,2001,100412,Taj McWilliams-Franklin,1611661323,ORL,32,33.1,12.6,7.6,2.2,0.204,0.527,0.156,
WNBA,2001,100691,Tamara Stocks,1611661322,WAS,3,3.7,1.0,0.7,0.0,0.182,0.387,-0.167,
WNBA,2001,100008,Tamecka Dixon,1611661320,LAS,29,31.9,11.7,2.9,3.9,0.219,0.476,0.097,
WNBA,2001,100496,Tamicha Jackson,1611661327,POR,32,15.5,4.1,1.4,1.6,0.214,0.368,0.046,
WNBA,2001,100347,Tamika Whitmore,1611661313,NYL,32,23.5,7.1,3.0,0.6,0.194,0.457,0.054,
WNBA,2001,100077,Tammy Jackson,1611661316,HOU,32,13.7,3.3,2.8,0.7,0.151,0.502,0.102,
WNBA,2001,100628,Tammy Sutton-Brown,1611661314,CHA,29,20.8,6.8,4.4,0.4,0.19,0.548,0.11,
WNBA,2001,100236,Tangela Smith,1611661318,SAC,32,28.5,11.2,5.6,1.3,0.232,0.46,0.099,
WNBA,2001,100413,Tari Phillips,1611661313,NYL,32,32.8,15.3,8.0,1.1,0.264,0.526,0.144,
WNBA,2001,100555,Tausha Mills,1611661322,WAS,30,10.6,2.1,3.5,0.2,0.159,0.387,0.027,
WNBA,2001,100101,Teresa Weatherspoon,1611661313,NYL,32,30.5,6.5,3.7,6.3,0.149,0.513,0.129,
WNBA,2001,100234,Ticha Penicheiro,1611661318,SAC,23,32.3,6.3,3.7,7.5,0.142,0.473,0.126,
WNBA,2001,100233,Tiffani Johnson,1611661316,HOU,32,20.9,4.6,4.3,0.7,0.142,0.492,0.073,
WNBA,2001,100521,Tiffany McCain,1611661323,ORL,32,13.9,3.0,1.2,1.1,0.157,0.429,0.019,
WNBA,2001,100076,Tina Thompson,1611661316,HOU,30,36.8,19.3,7.8,1.9,0.309,0.483,0.149,
WNBA,2001,100398,Tonya Edwards,1611661314,CHA,32,18.2,6.1,1.9,1.5,0.233,0.466,0.042,
WNBA,2001,100557,Tonya Massaline,1611661322,WAS,30,11.2,3.4,1.4,0.3,0.189,0.425,0.073,
WNBA,2001,100218,Towana Alhaleem,1611661323,ORL,26,9.7,1.9,1.5,0.5,0.174,0.382,0.02,
WNBA,2001,100182,Tracy Reid,1611661326,MIA,21,13.2,3.8,1.8,0.6,0.183,0.537,0.086,
WNBA,2001,100237,Tricia Bader Binford,1611661315,CLE,19,6.0,1.1,0.6,0.6,0.117,0.525,0.085,
WNBA,2001,100399,Trisha Fallon,1611661317,PHO,31,27.1,10.4,2.5,1.1,0.192,0.56,0.119,
WNBA,2001,100427,Trisha Stafford-Odom,1611661316,HOU,30,12.3,3.8,2.8,0.5,0.196,0.438,0.078,
WNBA,2001,100284,Tully Bevilaqua,1611661327,POR,31,25.5,4.9,2.8,3.3,0.126,0.509,0.083,
WNBA,2001,100643,Tynesha Lewis,1611661316,HOU,29,14.5,3.3,2.1,0.5,0.142,0.488,0.075,
WNBA,2001,100392,Ukari Figgs,1611661320,LAS,32,29.1,8.0,3.1,3.9,0.131,0.622,0.121,
WNBA,2001,100389,Val Whiting,1611661324,MIN,26,17.7,3.4,3.2,0.6,0.162,0.387,0.025,
WNBA,2001,100215,Vanessa Nygaard,1611661327,POR,31,8.4,2.5,1.1,0.3,0.152,0.518,0.024,
WNBA,2001,100476,Vedrana Grgin Fonseca,1611661320,LAS,24,9.2,3.0,1.5,0.5,0.175,0.499,0.065,
WNBA,2001,100458,Vicki Hall,1611661325,IND,27,12.9,3.7,1.8,0.5,0.182,0.46,0.065,
WNBA,2001,100103,Vickie Johnson,1611661313,NYL,32,29.4,11.0,3.3,2.7,0.221,0.495,0.118,
WNBA,2001,100058,Vicky Bullett,1611661322,WAS,32,33.5,8.7,7.2,1.3,0.165,0.453,0.124,
WNBA,2001,100655,Wendi Willits,1611661320,LAS,13,3.5,1.3,0.4,0.2,0.24,0.391,0.062,
WNBA,2001,100046,Wendy Palmer,1611661321,DET,22,29.6,10.6,7.0,1.0,0.222,0.483,0.098,
WNBA,2001,100419,Yolanda Griffith,1611661318,SAC,32,33.7,16.2,11.2,1.7,0.229,0.576,0.204,
WNBA,2002,100231,Adia Barnes,1611661328,SEA,26,18.9,3.5,3.9,1.1,0.147,0.364,0.052,
WNBA,2002,100526,Adrian Williams-Strong,1611661317,PHO,32,27.4,6.3,6.9,1.1,0.145,0.512,0.109,
WNBA,2002,100718,Adriana Moises Pinto,1611661317,PHO,32,19.3,6.0,1.9,2.5,0.205,0.507,0.08,
WNBA,2002,100363,Adrienne Goodson,1611661319,UTA,32,34.4,15.7,5.7,2.1,0.243,0.515,0.107,
WNBA,2002,100100,Adrienne Johnson,1611661323,ORL,32,18.8,5.2,1.4,0.7,0.166,0.44,0.045,
WNBA,2002,100216,Alicia Thompson,1611661325,IND,18,17.4,5.4,2.3,0.8,0.206,0.416,0.053,
WNBA,2002,100429,Alisa Burras,1611661327,POR,32,19.7,8.7,4.6,0.2,0.2,0.665,0.17,
WNBA,2002,100170,Allison Feaster,1611661314,CHA,32,29.9,11.8,3.7,1.9,0.196,0.575,0.121,
WNBA,2002,100642,Amanda Lassiter,1611661328,SEA,30,20.1,4.2,2.3,1.9,0.154,0.428,0.05,
WNBA,2002,100516,Amber Hall,1611661327,POR,20,5.1,1.5,1.3,0.1,0.169,0.497,0.076,
WNBA,2002,100549,Amy Herrig,1611661319,UTA,28,9.6,2.4,2.0,0.1,0.151,0.514,0.081,
WNBA,2002,100747,Andrea Gardner,1611661319,UTA,30,6.4,1.9,2.0,0.2,0.171,0.434,0.05,
WNBA,2002,100353,Andrea Nagy,1611661318,SAC,24,17.1,1.4,1.2,3.0,0.096,0.333,0.026,
WNBA,2002,100059,Andrea Stinson,1611661314,CHA,32,29.7,12.8,5.5,2.8,0.234,0.527,0.166,
WNBA,2002,100445,Ann Wauters,1611661315,CLE,28,28.6,11.2,5.0,1.4,0.199,0.615,0.135,
WNBA,2002,100401,Annie Burgess,1611661322,WAS,26,24.1,4.6,2.4,3.6,0.128,0.505,0.107,
WNBA,2002,100723,Asjha Jones,1611661322,WAS,32,19.1,6.5,2.8,0.9,0.233,0.42,0.034,
WNBA,2002,100387,Astou Ndiaye-Diatta,1611661321,DET,32,24.2,8.6,5.1,1.2,0.205,0.479,0.11,
WNBA,2002,100695,Audrey Sauret,1611661322,WAS,15,11.0,1.6,0.7,1.2,0.117,0.458,0.046,
WNBA,2002,100740,Ayana Walker,1611661321,DET,32,17.2,5.1,3.7,0.5,0.186,0.43,0.085,
WNBA,2002,100494,Barbara Farris,1611661321,DET,32,17.7,4.5,2.9,0.5,0.15,0.497,0.055,
WNBA,2002,100342,Becky Hammon,1611661313,NYL,32,20.5,8.0,2.1,1.7,0.218,0.578,0.122,
WNBA,2002,100803,Begona Garcia,1611661321,DET,8,7.8,1.0,0.5,1.1,0.175,0.313,-0.047,
WNBA,2002,100807,Bernadette Ngoyisa,1611661313,NYL,7,1.7,0.9,0.7,0.0,0.147,0.6,0.203,
WNBA,2002,100484,Betty Lennox,1611661326,MIA,31,23.1,11.0,2.9,2.0,0.321,0.443,0.05,
WNBA,2002,100744,Brandi McCain,1611661315,CLE,31,12.6,2.7,0.8,1.3,0.165,0.446,0.038,
WNBA,2002,100225,Brandy Reed,1611661317,PHO,5,17.1,7.6,0.8,0.8,0.28,0.414,0.021,
WNBA,2002,100031,Bridget Pettis,1611661325,IND,32,11.6,3.5,1.2,0.5,0.193,0.455,0.053,
WNBA,2002,100667,Brooke Wyckoff,1611661323,ORL,32,16.1,2.5,2.8,1.0,0.119,0.413,0.047,
WNBA,2002,100652,Camille Cooper,1611661313,NYL,23,5.2,1.2,0.7,0.1,0.179,0.428,-0.042,
WNBA,2002,100411,Carla McGhee,1611661323,ORL,2,2.0,2.5,0.5,0.0,0.4,0.563,0.179,
WNBA,2002,100674,Carolyn Moos,1611661326,MIA,2,2.3,0.0,0.0,0.0,0.125,0.0,-0.238,
WNBA,2002,100344,Carolyn Young,1611661327,POR,19,9.8,4.4,0.7,0.6,0.238,0.491,0.054,
WNBA,2002,100294,Cass Bauer-Bilodeau,1611661318,SAC,25,9.3,1.7,1.6,0.0,0.185,0.338,-0.054,
WNBA,2002,100356,Chamique Holdsclaw,1611661322,WAS,20,31.3,19.7,11.5,2.2,0.322,0.529,0.25,
WNBA,2002,100371,Charlotte Smith,1611661314,CHA,32,27.8,8.0,3.8,1.7,0.176,0.521,0.057,
WNBA,2002,100433,Chasity Melvin,1611661315,CLE,32,32.7,12.4,6.0,1.7,0.224,0.515,0.101,
WNBA,2002,100514,Cintia dos Santos,1611661323,ORL,26,10.0,3.4,1.3,0.4,0.183,0.601,0.053,
WNBA,2002,100395,Clarisse Machanguana,1611661323,ORL,29,14.8,4.8,2.2,0.6,0.182,0.552,0.066,
WNBA,2002,100386,Claudia Neves,1611661326,MIA,19,9.4,1.9,0.4,1.1,0.131,0.499,0.055,
WNBA,2002,100797,Claudia Neves,1611661326,MIA,1,17.3,0.0,0.0,4.0,0.065,0.0,0.0,
WNBA,2002,100690,Coco Miller,1611661322,WAS,32,28.0,9.3,3.6,2.6,0.188,0.516,0.1,
WNBA,2002,100217,Coquese Washington,1611661325,IND,32,21.0,3.9,2.3,2.5,0.129,0.478,0.077,
WNBA,2002,100345,Crystal Robinson,1611661313,NYL,32,33.3,11.8,2.8,2.5,0.186,0.566,0.117,
WNBA,2002,100730,Danielle Crockrom,1611661319,UTA,18,4.6,1.6,0.7,0.1,0.179,0.436,0.059,
WNBA,2002,100471,Danielle McCulley,1611661328,SEA,4,10.7,0.5,1.8,0.3,0.153,0.078,-0.119,
WNBA,2002,100743,Davalyn Cunningham,1611661323,ORL,6,3.6,0.0,0.3,0.0,0.133,0.0,-0.163,
WNBA,2002,100372,Dawn Staley,1611661314,CHA,32,33.2,8.8,1.8,5.1,0.172,0.506,0.09,
WNBA,2002,100396,DeLisha Milton-Jones,1611661320,LAS,32,30.1,11.3,6.6,1.4,0.197,0.571,0.115,
WNBA,2002,100533,DeMya Walker,1611661327,POR,31,27.4,10.9,5.0,1.6,0.233,0.516,0.099,
WNBA,2002,100727,Deanna Jackson,1611661315,CLE,18,8.0,3.1,1.5,0.3,0.216,0.486,0.112,
WNBA,2002,100639,Deanna Nolan,1611661321,DET,32,25.1,8.7,2.7,1.9,0.186,0.525,0.088,
WNBA,2002,100359,Debbie Black,1611661326,MIA,32,28.1,4.8,3.8,4.3,0.117,0.438,0.136,
WNBA,2002,100384,Dominique Canty,1611661321,DET,28,22.4,5.7,2.5,3.0,0.182,0.427,0.066,
WNBA,2002,100375,Edna Campbell,1611661318,SAC,1,12.3,4.0,1.0,0.0,0.179,0.4,0.105,
WNBA,2002,100492,Edwina Brown,1611661321,DET,28,19.6,4.1,2.9,2.1,0.175,0.398,0.036,
WNBA,2002,100414,Elaine Powell,1611661321,DET,30,23.5,7.9,3.2,3.0,0.208,0.474,0.126,
WNBA,2002,100500,Elena Shakirova,1611661314,CHA,1,5.4,1.0,1.0,0.0,0.083,0.568,0.079,
WNBA,2002,100601,Elisa Aguilar,1611661319,UTA,28,5.0,1.5,0.4,0.6,0.143,0.596,0.107,
WNBA,2002,100812,Erika de Souza,1611661320,LAS,11,3.8,1.1,1.3,0.2,0.225,0.326,-0.098,
WNBA,2002,100659,Erin Perperoglou,1611661314,CHA,29,13.5,3.3,3.1,0.6,0.162,0.485,0.073,
WNBA,2002,100748,Felicia Ragland,1611661328,SEA,31,14.0,4.5,1.5,0.7,0.179,0.513,0.072,
WNBA,2002,100707,Georgia Schweitzer,1611661324,MIN,30,17.1,4.1,1.7,1.2,0.124,0.619,0.108,
WNBA,2002,100394,Gordana Grubin,1611661317,PHO,32,26.9,9.9,2.0,3.3,0.218,0.478,0.094,
WNBA,2002,100482,Grace Daley,1611661316,HOU,23,7.9,2.7,1.0,0.7,0.205,0.546,0.07,
WNBA,2002,100731,Hamchetou Maiga-Ba,1611661318,SAC,23,8.5,1.7,1.6,0.4,0.201,0.302,-0.057,
WNBA,2002,100694,Helen Luz,1611661322,WAS,32,14.8,5.8,1.0,1.5,0.204,0.602,0.101,
WNBA,2002,100796,Iziane Castro Marques,1611661326,MIA,19,9.4,3.5,0.9,0.4,0.268,0.398,-0.007,
WNBA,2002,100680,Jackie Moore,1611661325,IND,18,7.3,2.3,1.6,0.2,0.216,0.476,0.064,
WNBA,2002,100676,Jackie Stiles,1611661327,POR,21,18.3,6.0,0.9,1.0,0.2,0.422,0.007,
WNBA,2002,100541,Jamie Redd,1611661328,SEA,10,11.2,5.2,1.3,0.7,0.197,0.662,0.114,
WNBA,2002,100660,Janell Burse,1611661324,MIN,31,11.1,2.7,1.9,0.2,0.17,0.42,0.007,
WNBA,2002,100075,Janeth Arcain,1611661316,HOU,32,34.9,11.4,3.9,2.7,0.192,0.519,0.129,
WNBA,2002,100635,Jaynetta Saunders,1611661317,PHO,28,10.7,3.5,1.4,0.8,0.211,0.423,0.082,
WNBA,2002,100382,Jennifer Azzi,1611661319,UTA,32,36.0,9.6,2.2,4.9,0.122,0.628,0.094,
WNBA,2002,100030,Jennifer Gillom,1611661317,PHO,31,28.2,15.3,3.7,1.2,0.285,0.517,0.117,
WNBA,2002,100338,Jennifer Rizzotti,1611661315,CLE,26,26.6,6.8,2.7,3.3,0.144,0.583,0.104,
WNBA,2002,100678,Jenny Mowe,1611661327,POR,5,2.9,0.2,0.2,0.0,0.088,0.266,-0.214,
WNBA,2002,100048,Jessie Hicks,1611661323,ORL,31,15.2,6.1,3.3,0.7,0.233,0.526,0.085,
WNBA,2002,100741,Jill Chapman-Daily,1611661321,DET,19,6.3,1.2,1.4,0.0,0.132,0.388,0.002,
WNBA,2002,100544,Kamila Vodichkova,1611661328,SEA,32,25.5,9.2,5.5,1.5,0.193,0.537,0.122,
WNBA,2002,100340,Kara Wolters,1611661318,SAC,14,5.6,1.7,1.6,0.2,0.224,0.37,0.004,
WNBA,2002,100487,Kate Paye,1611661328,SEA,19,5.9,1.1,0.4,0.3,0.114,0.528,-0.031,
WNBA,2002,100422,Kate Starbird,1611661328,SEA,24,11.5,3.3,1.1,0.8,0.141,0.519,0.082,
WNBA,2002,100666,Katie Douglas,1611661323,ORL,32,25.9,8.5,4.2,1.7,0.165,0.578,0.136,
WNBA,2002,100404,Katie Smith,1611661324,MIN,31,36.7,16.5,3.0,2.5,0.239,0.547,0.124,
WNBA,2002,100548,Katryna Gaither,1611661322,WAS,2,3.1,0.0,0.5,0.5,0.125,0.0,-0.333,
WNBA,2002,100759,Kayte Christensen,1611661317,PHO,30,13.8,4.0,2.7,0.5,0.164,0.543,0.073,
WNBA,2002,100421,Kedra Holland-Corn,1611661318,SAC,32,28.2,9.3,2.8,2.0,0.219,0.448,0.056,
WNBA,2002,100553,Keisha Anderson,1611661314,CHA,7,4.4,1.0,0.9,0.7,0.238,0.292,0.014,
WNBA,2002,100504,Kelley Gibson,1611661316,HOU,29,9.6,2.1,0.7,0.5,0.156,0.52,0.049,
WNBA,2002,100627,Kelly Miller,1611661314,CHA,32,17.3,6.6,2.1,1.5,0.202,0.545,0.123,
WNBA,2002,100640,Kelly Santos,1611661321,DET,12,14.1,3.7,2.7,0.6,0.18,0.433,0.053,
WNBA,2002,100648,Kelly Schumacher,1611661325,IND,31,11.4,3.5,1.9,0.4,0.17,0.538,0.083,
WNBA,2002,100651,Kiesha Brown,1611661322,WAS,18,6.0,1.6,0.7,0.3,0.182,0.385,0.06,
WNBA,2002,100250,Korie Hlede,1611661313,NYL,16,8.2,1.6,1.0,0.8,0.182,0.434,-0.023,
WNBA,2002,100552,Kristen Rasmussen,1611661326,MIA,31,21.8,5.5,3.8,1.3,0.129,0.624,0.124,
WNBA,2002,100670,Kristen Veal,1611661317,PHO,23,15.7,3.1,1.2,1.8,0.165,0.419,0.012,
WNBA,2002,100222,Kristi Harrower,1611661324,MIN,27,17.8,3.6,1.7,2.0,0.137,0.483,0.094,
WNBA,2002,100400,Kristin Folkl,1611661327,POR,32,18.8,4.8,4.6,1.0,0.131,0.548,0.131,
WNBA,2002,100393,La'Keshia Frett,1611661318,SAC,32,20.2,5.8,3.0,0.7,0.166,0.481,0.072,
WNBA,2002,100733,LaNeishea Caufield,1611661319,UTA,8,8.1,2.4,0.6,0.1,0.17,0.598,0.005,
WNBA,2002,100677,LaQuanda Quick,1611661327,POR,17,16.8,5.9,2.4,0.7,0.215,0.445,0.054,
WNBA,2002,100242,LaTonya Johnson,1611661319,UTA,28,9.7,2.7,0.7,0.4,0.159,0.442,0.001,
WNBA,2002,100044,Lady Grooms,1611661318,SAC,32,26.6,7.1,3.1,1.2,0.151,0.522,0.073,
WNBA,2002,100027,Latasha Byears,1611661320,LAS,26,18.9,7.0,5.4,0.5,0.154,0.622,0.126,
WNBA,2002,100682,Lauren Jackson,1611661328,SEA,28,31.4,17.2,6.8,1.5,0.297,0.48,0.152,
WNBA,2002,100738,Lenae Williams,1611661321,DET,27,6.6,2.7,0.7,0.1,0.284,0.354,-0.021,
WNBA,2002,100746,Linda Frohlich,1611661313,NYL,16,4.2,0.4,0.8,0.1,0.117,0.255,-0.03,
WNBA,2002,100749,Lindsey Yamasaki,1611661326,MIA,15,9.7,3.5,1.0,0.6,0.183,0.549,0.057,
WNBA,2002,100378,Lisa Harrison,1611661317,PHO,32,28.1,8.2,3.9,1.3,0.164,0.52,0.097,
WNBA,2002,100003,Lisa Leslie,1611661320,LAS,31,34.2,16.9,10.4,2.7,0.257,0.537,0.175,
WNBA,2002,100739,Lucienne Berthieu,1611661315,CLE,5,3.2,1.6,0.8,0.0,0.225,0.457,-0.013,
WNBA,2002,100530,Lynn Pride,1611661324,MIN,31,18.8,4.0,3.3,1.4,0.172,0.396,0.061,
WNBA,2002,100681,Maren Walseth,1611661322,WAS,18,5.7,0.7,1.2,0.4,0.154,0.251,0.007,
WNBA,2002,100239,Margo Dydek,1611661319,UTA,30,29.2,13.1,8.7,2.4,0.246,0.521,0.175,
WNBA,2002,100685,Marie Ferdinand-Harris,1611661319,UTA,32,33.3,15.3,3.3,2.8,0.228,0.548,0.123,
WNBA,2002,100037,Marlies Askamp,1611661320,LAS,26,11.0,2.8,2.3,0.3,0.144,0.474,0.069,
WNBA,2002,100092,Merlakia Jones,1611661315,CLE,32,34.0,12.1,5.4,2.3,0.225,0.456,0.115,
WNBA,2002,100428,Mery Andrade,1611661315,CLE,32,20.5,2.8,1.7,2.1,0.129,0.376,0.022,
WNBA,2002,100346,Michele Van Gorp,1611661324,MIN,22,16.1,4.5,2.9,0.6,0.167,0.502,0.067,
WNBA,2002,100570,Michelle Marciniak,1611661328,SEA,23,12.1,3.1,1.2,1.7,0.184,0.446,0.059,
WNBA,2002,100729,Michelle Snow,1611661316,HOU,32,15.0,3.9,3.7,0.4,0.154,0.516,0.114,
WNBA,2002,100357,Monica Maxwell,1611661325,IND,18,9.4,1.9,1.7,0.4,0.153,0.365,0.067,
WNBA,2002,100036,Monique Ambers,1611661318,SAC,2,1.9,0.0,0.0,0.0,0.0,0.0,-0.25,
WNBA,2002,100199,Murriel Page,1611661322,WAS,32,23.5,6.5,4.8,1.2,0.174,0.476,0.082,
WNBA,2002,100012,Mwadi Mabika,1611661320,LAS,32,32.8,16.8,5.2,2.9,0.246,0.543,0.148,
WNBA,2002,100518,Nadine Malcolm,1611661325,IND,29,20.6,5.4,2.1,0.7,0.179,0.448,0.043,
WNBA,2002,100366,Natalie Williams,1611661319,UTA,31,32.5,11.3,8.2,1.2,0.185,0.512,0.1,
WNBA,2002,100478,Nicky McCrimmon,1611661320,LAS,32,11.0,1.6,0.7,1.7,0.096,0.474,0.07,
WNBA,2002,100650,Niele Ivey,1611661325,IND,31,14.2,2.8,0.9,1.3,0.116,0.536,0.063,
WNBA,2002,100198,Nikki McCray,1611661325,IND,32,33.1,11.5,3.0,2.2,0.21,0.508,0.08,
WNBA,2002,100724,Nikki Teasley,1611661320,LAS,32,27.6,6.4,2.6,4.4,0.13,0.556,0.093,
WNBA,2002,100415,Nykesha Sales,1611661323,ORL,32,32.6,13.5,3.8,1.9,0.23,0.51,0.1,
WNBA,2002,100390,Oksana Zakaluzhnaya,1611661317,PHO,8,5.8,1.0,0.4,0.0,0.138,0.372,-0.072,
WNBA,2002,100243,Olympia Scott,1611661325,IND,31,31.4,9.4,6.8,1.7,0.174,0.545,0.106,
WNBA,2002,100479,Paige Sauer,1611661315,CLE,1,6.8,0.0,2.0,0.0,0.211,0.0,-0.056,
WNBA,2002,100634,Penny Taylor,1611661315,CLE,30,30.1,12.9,5.3,2.3,0.235,0.533,0.142,
WNBA,2002,100180,Pollyanna Johns Kimbrough,1611661326,MIA,31,25.8,7.0,4.5,1.0,0.154,0.566,0.102,
WNBA,2002,100230,Quacy Barnes,1611661317,PHO,2,6.7,1.5,0.5,0.0,0.231,0.171,-0.14,
WNBA,2002,100002,Rebecca Lobo,1611661316,HOU,21,6.4,1.6,1.1,0.6,0.17,0.504,0.091,
WNBA,2002,100204,Rita Williams,1611661316,HOU,29,19.6,4.8,1.5,1.7,0.179,0.42,0.051,
WNBA,2002,100097,Rushia Brown,1611661315,CLE,28,16.8,4.0,2.7,1.0,0.175,0.464,0.06,
WNBA,2002,100656,Ruth Riley,1611661326,MIA,26,20.0,5.7,3.5,1.0,0.199,0.496,0.056,
WNBA,2002,100016,Ruthie Bolton,1611661318,SAC,32,23.0,10.9,2.9,1.2,0.246,0.499,0.119,
WNBA,2002,100247,Sandy Brondello,1611661326,MIA,30,25.4,8.8,1.4,1.5,0.222,0.445,0.073,
WNBA,2002,100683,Semeka Randall,1611661319,UTA,29,20.6,6.6,3.1,1.3,0.203,0.461,0.069,
WNBA,2002,100350,Shalonda Enis,1611661314,CHA,4,14.9,4.8,2.3,0.8,0.187,0.433,0.087,
WNBA,2002,100490,Shanele Stires,1611661324,MIN,9,2.2,0.7,0.7,0.1,0.149,0.615,0.07,
WNBA,2002,100410,Shannon Johnson,1611661323,ORL,31,35.9,16.1,4.2,5.3,0.256,0.516,0.141,
WNBA,2002,100560,Shantia Owens,1611661314,CHA,2,2.8,0.0,1.0,0.0,0.0,0.0,0.105,
WNBA,2002,100728,Shaunzinski Gortman,1611661324,MIN,29,12.6,3.1,2.1,0.7,0.171,0.451,0.073,
WNBA,2002,100512,Shea Mahoney,1611661317,PHO,3,4.4,1.7,0.7,0.3,0.16,0.727,0.026,
WNBA,2002,100726,Sheila Lambert,1611661314,CHA,3,5.1,0.7,1.0,1.0,0.161,0.333,0.073,
WNBA,2002,100416,Sheri Sam,1611661326,MIA,32,33.7,14.5,4.8,2.6,0.258,0.483,0.138,
WNBA,2002,100072,Sheryl Swoopes,1611661316,HOU,32,36.1,18.5,4.9,3.3,0.291,0.513,0.2,
WNBA,2002,100111,Simone Edwards,1611661328,SEA,32,21.7,7.0,4.4,0.6,0.16,0.586,0.12,
WNBA,2002,100713,Slobodanka Tuvic,1611661317,PHO,26,12.4,3.3,2.4,0.4,0.177,0.472,0.043,
WNBA,2002,100336,Sonja Henning,1611661316,HOU,31,23.5,2.0,2.7,2.1,0.085,0.385,0.054,
WNBA,2002,100105,Sophia Witherspoon,1611661320,LAS,31,11.6,5.1,0.9,0.9,0.194,0.579,0.107,
WNBA,2002,100722,Stacey Dales,1611661322,WAS,31,25.6,9.6,2.6,2.7,0.205,0.551,0.088,
WNBA,2002,100599,Stacey Ford,1611661318,SAC,5,2.5,0.4,0.4,0.2,0.095,0.347,-0.022,
WNBA,2002,100532,Stacey Thomas,1611661327,POR,32,19.5,4.5,2.9,2.1,0.159,0.409,0.079,
WNBA,2002,100534,Stacy Clinesmith,1611661321,DET,12,8.7,2.3,0.4,1.4,0.136,0.571,0.092,
WNBA,2002,100720,Sue Bird,1611661328,SEA,32,35.1,14.4,2.6,6.0,0.225,0.543,0.146,
WNBA,2002,100104,Sue Wicks,1611661313,NYL,30,14.3,2.2,3.4,0.5,0.132,0.403,0.062,
WNBA,2002,100446,Summer Erb,1611661314,CHA,31,11.1,2.8,2.3,0.3,0.16,0.603,0.053,
WNBA,2002,100799,Susanna Bonfiglio,1611661317,PHO,22,14.0,4.8,1.7,1.0,0.181,0.525,0.092,
WNBA,2002,100658,Svetlana Abrosimova,1611661324,MIN,27,29.9,11.6,5.4,2.2,0.274,0.428,0.076,
WNBA,2002,100721,Swin Cash,1611661321,DET,32,33.7,14.8,6.9,2.7,0.239,0.523,0.143,
WNBA,2002,100529,Sylvia Crawley,1611661327,POR,32,25.7,8.7,4.2,1.5,0.218,0.448,0.072,
WNBA,2002,100754,TaKeisha Lewis,1611661328,SEA,14,4.0,1.3,1.7,0.2,0.194,0.502,0.124,
WNBA,2002,100412,Taj McWilliams-Franklin,1611661323,ORL,13,29.4,8.5,4.8,1.0,0.15,0.575,0.109,
WNBA,2002,100734,Tamara Moore,1611661324,MIN,31,23.8,7.2,2.7,2.8,0.206,0.498,0.076,
WNBA,2002,100008,Tamecka Dixon,1611661320,LAS,30,32.0,10.6,3.1,4.0,0.206,0.461,0.077,
WNBA,2002,100496,Tamicha Jackson,1611661327,POR,32,21.6,9.8,1.8,3.0,0.252,0.491,0.121,
WNBA,2002,100646,Tamika Catchings,1611661325,IND,32,36.5,18.6,8.6,3.7,0.26,0.572,0.217,
WNBA,2002,100725,Tamika Raymond,1611661324,MIN,31,33.1,10.1,7.4,1.6,0.166,0.585,0.153,
WNBA,2002,100347,Tamika Whitmore,1611661313,NYL,32,30.6,12.7,4.4,0.7,0.226,0.54,0.123,
WNBA,2002,100077,Tammy Jackson,1611661316,HOU,5,14.0,1.2,2.6,0.2,0.108,0.338,0.008,
WNBA,2002,100628,Tammy Sutton-Brown,1611661314,CHA,32,27.7,11.9,6.0,0.5,0.212,0.596,0.119,
WNBA,2002,100236,Tangela Smith,1611661318,SAC,32,33.2,14.7,5.9,1.3,0.248,0.489,0.113,
WNBA,2002,100413,Tari Phillips,1611661313,NYL,32,31.6,14.1,7.0,1.3,0.268,0.526,0.142,
WNBA,2002,100555,Tausha Mills,1611661322,WAS,4,4.4,0.0,0.8,0.0,0.189,0.0,-0.161,
WNBA,2002,100101,Teresa Weatherspoon,1611661313,NYL,32,29.8,3.4,2.7,5.7,0.119,0.392,0.073,
WNBA,2002,100234,Ticha Penicheiro,1611661318,SAC,24,35.5,8.5,4.3,8.0,0.157,0.497,0.168,
WNBA,2002,100233,Tiffani Johnson,1611661316,HOU,32,25.4,6.3,5.4,1.2,0.147,0.494,0.113,
WNBA,2002,100521,Tiffany McCain,1611661323,ORL,16,3.0,0.4,0.2,0.1,0.135,0.298,-0.093,
WNBA,2002,100076,Tina Thompson,1611661316,HOU,29,36.2,16.7,7.5,2.1,0.266,0.53,0.15,
WNBA,2002,100398,Tonya Edwards,1611661314,CHA,29,10.4,3.9,1.4,0.8,0.233,0.47,0.111,
WNBA,2002,100557,Tonya Massaline,1611661322,WAS,25,11.6,2.9,1.5,0.6,0.177,0.398,0.052,
WNBA,2002,100430,Tracy Henderson,1611661315,CLE,23,7.2,1.4,1.5,0.1,0.168,0.42,0.014,
WNBA,2002,100182,Tracy Reid,1611661317,PHO,24,17.5,4.7,3.2,0.6,0.189,0.437,0.064,
WNBA,2002,100237,Tricia Bader Binford,1611661315,CLE,18,7.3,0.7,0.4,0.8,0.128,0.234,0.032,
WNBA,2002,100427,Trisha Stafford-Odom,1611661326,MIA,6,6.2,1.3,1.0,0.3,0.186,0.42,-0.026,
WNBA,2002,100284,Tully Bevilaqua,1611661327,POR,27,15.5,3.1,1.2,1.6,0.119,0.569,0.067,
WNBA,2002,100643,Tynesha Lewis,1611661316,HOU,17,8.6,2.0,1.1,0.5,0.149,0.507,0.052,
WNBA,2002,100392,Ukari Figgs,1611661327,POR,31,28.0,8.5,2.6,3.4,0.17,0.507,0.115,
WNBA,2002,100389,Val Whiting,1611661324,MIN,6,8.7,2.2,1.5,0.8,0.228,0.356,-0.013,
WNBA,2002,100215,Vanessa Nygaard,1611661326,MIA,29,15.3,4.1,2.3,0.3,0.137,0.562,0.081,
WNBA,2002,100476,Vedrana Grgin Fonseca,1611661320,LAS,12,6.5,2.6,0.7,0.1,0.211,0.48,0.003,
WNBA,2002,100458,Vicki Hall,1611661320,LAS,3,6.4,2.3,0.7,0.3,0.143,0.608,0.086,
WNBA,2002,100103,Vickie Johnson,1611661313,NYL,31,33.1,11.6,3.5,2.8,0.189,0.541,0.129,
WNBA,2002,100058,Vicky Bullett,1611661322,WAS,32,29.5,8.5,5.8,1.6,0.162,0.535,0.132,
WNBA,2002,100046,Wendy Palmer,1611661323,ORL,32,30.1,11.4,5.9,1.3,0.199,0.533,0.118,
WNBA,2002,100419,Yolanda Griffith,1611661318,SAC,17,34.0,16.9,8.7,1.1,0.233,0.613,0.163,
WNBA,2002,100737,Zuzana Klimesova,1611661325,IND,11,3.5,0.5,0.5,0.2,0.182,0.201,-0.026,
WNBA,2003,100231,Adia Barnes,1611661328,SEA,16,24.8,5.5,4.1,1.4,0.138,0.472,0.057,
WNBA,2003,100526,Adrian Williams-Strong,1611661317,PHO,34,29.0,9.8,7.4,0.9,0.225,0.43,0.113,
WNBA,2003,100363,Adrienne Goodson,1611661319,SAN,33,29.4,11.2,5.6,2.2,0.232,0.462,0.094,
WNBA,2003,100100,Adrienne Johnson,1611661323,CON,34,17.3,5.1,1.7,0.5,0.184,0.421,0.048,
WNBA,2003,100860,Aiysha Smith,1611661322,WAS,31,13.7,3.4,2.1,0.3,0.176,0.385,0.019,
WNBA,2003,100429,Alisa Burras,1611661328,SEA,27,10.0,3.3,2.3,0.2,0.204,0.512,0.036,
WNBA,2003,100170,Allison Feaster,1611661314,CHA,34,32.3,12.4,3.3,2.1,0.223,0.512,0.107,
WNBA,2003,100642,Amanda Lassiter,1611661324,MIN,32,23.0,5.1,3.5,1.3,0.139,0.482,0.059,
WNBA,2003,100059,Andrea Stinson,1611661314,CHA,34,29.4,11.1,4.1,2.9,0.219,0.53,0.141,
WNBA,2003,100493,Anna DeForge,1611661317,PHO,34,31.4,11.9,3.1,2.1,0.198,0.523,0.124,
WNBA,2003,100401,Annie Burgess,1611661322,WAS,34,24.6,3.9,2.3,3.3,0.11,0.452,0.067,
WNBA,2003,100723,Asjha Jones,1611661323,CON,34,22.2,8.5,4.0,1.5,0.23,0.478,0.069,
WNBA,2003,100387,Astou Ndiaye-Diatta,1611661325,IND,11,6.4,1.8,1.3,0.1,0.185,0.457,0.068,
WNBA,2003,100740,Ayana Walker,1611661321,DET,34,7.8,1.6,2.1,0.3,0.161,0.353,0.047,
WNBA,2003,100494,Barbara Farris,1611661321,DET,34,15.2,3.7,2.4,0.7,0.148,0.501,0.044,
WNBA,2003,100342,Becky Hammon,1611661313,NYL,11,23.2,14.7,1.9,1.6,0.261,0.771,0.205,
WNBA,2003,100862,Bethany Donaphin,1611661313,NYL,1,1.7,0.0,0.0,0.0,0.0,0.0,0.0,
WNBA,2003,100484,Betty Lennox,1611661328,SEA,34,16.5,7.6,2.6,0.9,0.298,0.453,0.061,
WNBA,2003,100031,Bridget Pettis,1611661325,IND,31,4.7,1.6,0.6,0.3,0.205,0.412,0.031,
WNBA,2003,100667,Brooke Wyckoff,1611661323,CON,34,22.1,4.6,4.3,1.0,0.127,0.494,0.059,
WNBA,2003,100356,Chamique Holdsclaw,1611661322,WAS,27,35.1,20.5,10.9,3.3,0.311,0.505,0.192,
WNBA,2003,100870,Chandra Johnson,1611661320,LAS,8,5.7,0.8,0.8,0.4,0.12,0.444,-0.004,
WNBA,2003,100873,Chantelle Anderson,1611661318,SAC,26,6.5,1.6,0.9,0.2,0.179,0.426,-0.023,
WNBA,2003,100371,Charlotte Smith,1611661314,CHA,27,16.4,3.5,2.2,0.7,0.159,0.417,0.018,
WNBA,2003,100179,Charmin Smith,1611661317,PHO,4,4.4,0.0,1.0,0.3,0.065,0.0,0.02,
WNBA,2003,100433,Chasity Melvin,1611661322,WAS,34,31.3,13.1,6.3,1.5,0.221,0.541,0.132,
WNBA,2003,100843,Cheryl Ford,1611661321,DET,32,29.9,10.8,10.4,0.8,0.193,0.526,0.145,
WNBA,2003,100690,Coco Miller,1611661322,WAS,33,32.5,12.5,3.8,2.6,0.2,0.509,0.095,
WNBA,2003,100217,Coquese Washington,1611661325,IND,20,17.5,3.2,1.5,2.4,0.144,0.433,0.05,
WNBA,2003,100848,Coretta Brown,1611661325,IND,30,17.4,6.2,1.4,1.0,0.197,0.521,0.079,
WNBA,2003,100827,Courtney Coleman,1611661323,CON,20,7.1,1.8,1.1,0.1,0.15,0.542,0.028,
WNBA,2003,100345,Crystal Robinson,1611661313,NYL,33,32.6,12.0,2.1,1.9,0.187,0.563,0.093,
WNBA,2003,100073,Cynthia Cooper,1611661316,HOU,4,36.2,16.0,2.5,5.5,0.226,0.636,0.139,
WNBA,2003,100364,Dalma Ivanyi,1611661317,PHO,4,8.6,1.5,1.0,0.5,0.13,0.375,0.014,
WNBA,2003,100471,Danielle McCulley,1611661328,SEA,7,3.5,0.3,0.1,0.0,0.189,0.167,-0.212,
WNBA,2003,100372,Dawn Staley,1611661314,CHA,34,31.9,7.9,1.7,5.1,0.153,0.542,0.108,
WNBA,2003,100396,DeLisha Milton-Jones,1611661320,LAS,31,35.0,13.4,7.1,2.1,0.203,0.532,0.12,
WNBA,2003,100533,DeMya Walker,1611661318,SAC,34,21.7,9.0,4.4,1.4,0.238,0.503,0.101,
WNBA,2003,100727,Deanna Jackson,1611661325,IND,34,22.4,7.2,2.6,1.5,0.168,0.535,0.079,
WNBA,2003,100639,Deanna Nolan,1611661321,DET,32,29.8,12.4,3.3,2.6,0.2,0.559,0.127,
WNBA,2003,100359,Debbie Black,1611661323,CON,34,10.9,1.6,1.5,1.4,0.116,0.382,0.092,
WNBA,2003,100384,Dominique Canty,1611661316,HOU,32,20.3,5.4,3.1,1.8,0.184,0.463,0.072,
WNBA,2003,100375,Edna Campbell,1611661318,SAC,34,21.2,7.9,2.1,1.3,0.193,0.516,0.099,
WNBA,2003,100760,Edniesha Curry,1611661317,PHO,20,10.2,1.7,0.6,1.2,0.118,0.454,0.043,
WNBA,2003,100492,Edwina Brown,1611661317,PHO,34,15.5,3.5,2.1,1.8,0.203,0.344,0.068,
WNBA,2003,100414,Elaine Powell,1611661321,DET,33,28.5,9.0,3.2,3.9,0.172,0.529,0.111,
WNBA,2003,100043,Elena Baranova,1611661313,NYL,33,25.8,8.4,5.5,1.9,0.198,0.51,0.124,
WNBA,2003,100659,Erin Perperoglou,1611661314,CHA,14,3.2,0.6,0.3,0.2,0.112,0.461,0.008,
WNBA,2003,100835,Erin Thorn,1611661313,NYL,23,7.8,1.9,0.5,0.7,0.166,0.474,0.066,
WNBA,2003,100748,Felicia Ragland,1611661316,HOU,3,12.9,1.7,0.7,0.7,0.172,0.194,-0.108,
WNBA,2003,100707,Georgia Schweitzer,1611661324,MIN,16,7.3,0.9,1.1,0.4,0.1,0.441,0.051,
WNBA,2003,100736,Gergana Slavtcheva,1611661317,PHO,2,6.0,0.0,0.0,0.5,0.158,0.0,-0.667,
WNBA,2003,100482,Grace Daley,1611661317,PHO,3,9.1,0.7,0.7,1.0,0.151,0.2,-0.038,
WNBA,2003,100867,Gwen Jackson,1611661319,SAN,33,29.6,8.8,6.2,0.6,0.174,0.445,0.076,
WNBA,2003,100731,Hamchetou Maiga-Ba,1611661318,SAC,22,8.7,1.9,1.7,0.6,0.185,0.345,0.048,
WNBA,2003,100457,Helen Darling,1611661324,MIN,34,24.4,4.1,2.6,3.8,0.137,0.438,0.062,
WNBA,2003,100694,Helen Luz,1611661322,WAS,20,8.3,3.0,0.5,1.1,0.194,0.514,0.078,
WNBA,2003,100373,Itoro Umoh-Coleman,1611661316,HOU,3,1.7,0.0,0.0,0.3,0.111,0.0,-0.071,
WNBA,2003,100796,Iziane Castro Marques,1611661317,PHO,16,11.1,4.3,0.8,0.6,0.227,0.437,0.058,
WNBA,2003,100660,Janell Burse,1611661328,SEA,29,15.1,7.1,3.7,0.7,0.248,0.554,0.126,
WNBA,2003,100075,Janeth Arcain,1611661316,HOU,34,33.5,11.5,4.0,2.0,0.187,0.534,0.12,
WNBA,2003,100382,Jennifer Azzi,1611661319,SAN,34,33.4,7.6,2.7,3.3,0.124,0.543,0.078,
WNBA,2003,100030,Jennifer Gillom,1611661320,LAS,33,12.0,3.1,1.7,0.6,0.138,0.485,0.053,
WNBA,2003,100338,Jennifer Rizzotti,1611661321,DET,33,16.0,1.8,1.3,2.0,0.109,0.373,0.056,
WNBA,2003,100678,Jenny Mowe,1611661320,LAS,1,20.8,0.0,1.0,0.0,0.071,0.0,-0.07,
WNBA,2003,100048,Jessie Hicks,1611661319,SAN,27,9.3,3.6,1.8,0.2,0.226,0.538,0.069,
WNBA,2003,100852,Jocelyn Penn,1611661322,WAS,30,9.6,2.9,1.7,0.5,0.18,0.465,0.078,
WNBA,2003,100836,Jordan Adams,1611661324,MIN,10,9.7,3.3,2.3,0.4,0.202,0.487,0.067,
WNBA,2003,100834,K.B. Sharp,1611661313,NYL,30,13.3,3.1,1.1,1.2,0.144,0.533,0.076,
WNBA,2003,100544,Kamila Vodichkova,1611661328,SEA,28,25.4,10.1,5.1,1.1,0.213,0.552,0.095,
WNBA,2003,100874,Kara Lawson,1611661318,SAC,34,22.7,7.7,3.1,1.6,0.174,0.538,0.121,
WNBA,2003,100666,Katie Douglas,1611661323,CON,28,30.3,12.0,3.8,2.0,0.186,0.553,0.134,
WNBA,2003,100404,Katie Smith,1611661324,MIN,34,34.8,18.2,4.1,2.5,0.237,0.599,0.143,
WNBA,2003,100759,Kayte Christensen,1611661317,PHO,30,22.0,6.9,4.2,0.5,0.175,0.521,0.074,
WNBA,2003,100421,Kedra Holland-Corn,1611661316,HOU,34,20.5,9.2,1.7,1.9,0.204,0.601,0.153,
WNBA,2003,100504,Kelley Gibson,1611661316,HOU,26,8.0,1.5,0.6,0.3,0.122,0.452,0.03,
WNBA,2003,100627,Kelly Miller,1611661325,IND,34,15.4,5.6,1.6,1.4,0.208,0.512,0.116,
WNBA,2003,100648,Kelly Schumacher,1611661325,IND,34,14.1,5.6,2.9,0.6,0.223,0.522,0.103,
WNBA,2003,100651,Kiesha Brown,1611661322,WAS,27,9.9,2.2,1.2,1.0,0.163,0.409,0.054,
WNBA,2003,100552,Kristen Rasmussen,1611661325,IND,33,24.7,6.8,3.5,1.9,0.164,0.52,0.098,
WNBA,2003,100222,Kristi Harrower,1611661324,MIN,31,16.1,2.8,1.3,2.3,0.129,0.475,0.089,
WNBA,2003,100393,La'Keshia Frett,1611661318,SAC,24,6.4,1.5,1.0,0.5,0.175,0.376,0.036,
WNBA,2003,100677,LaQuanda Quick,1611661319,SAN,26,6.5,2.3,1.3,0.2,0.228,0.369,0.018,
WNBA,2003,100242,LaTonya Johnson,1611661319,SAN,31,8.9,1.9,0.8,0.3,0.153,0.359,-0.025,
WNBA,2003,100883,LaToya Thomas,1611661319,SAN,32,26.6,10.8,5.1,1.2,0.218,0.514,0.133,
WNBA,2003,100044,Lady Grooms,1611661318,SAC,34,13.8,3.3,1.4,0.9,0.151,0.45,0.072,
WNBA,2003,100027,Latasha Byears,1611661320,LAS,5,14.7,5.6,4.2,0.4,0.182,0.469,0.079,
WNBA,2003,100682,Lauren Jackson,1611661328,SEA,33,33.6,21.2,9.3,1.9,0.293,0.575,0.224,
WNBA,2003,100847,Leigh Aziz,1611661325,IND,7,6.3,1.4,1.3,0.1,0.207,0.317,0.009,
WNBA,2003,100746,Linda Frohlich,1611661317,PHO,26,8.3,3.2,1.4,0.6,0.228,0.508,0.084,
WNBA,2003,100749,Lindsey Yamasaki,1611661313,NYL,24,6.1,0.7,0.5,0.4,0.112,0.296,-0.014,
WNBA,2003,100378,Lisa Harrison,1611661317,PHO,33,25.4,5.5,3.6,1.1,0.136,0.454,0.077,
WNBA,2003,100003,Lisa Leslie,1611661320,LAS,23,34.4,18.4,10.0,2.0,0.29,0.491,0.152,
WNBA,2003,100739,Lucienne Berthieu,1611661316,HOU,22,9.1,3.8,1.9,0.3,0.224,0.581,0.1,
WNBA,2003,100530,Lynn Pride,1611661320,LAS,17,5.7,1.1,1.4,0.1,0.178,0.4,-0.04,
WNBA,2003,100527,Mactabene Amachree,1611661328,SEA,7,7.0,1.1,2.0,0.0,0.202,0.34,0.083,
WNBA,2003,100239,Margo Dydek,1611661319,SAN,34,27.2,11.9,7.4,1.7,0.241,0.503,0.164,
WNBA,2003,100685,Marie Ferdinand-Harris,1611661319,SAN,34,32.8,13.8,3.7,2.6,0.239,0.487,0.112,
WNBA,2003,100481,Marla Brumfield,1611661314,CHA,25,4.9,0.7,0.4,0.6,0.102,0.483,0.064,
WNBA,2003,100092,Merlakia Jones,1611661321,DET,34,19.8,4.8,2.9,1.3,0.185,0.385,0.063,
WNBA,2003,100257,Mfon Udoka,1611661316,HOU,25,10.0,3.2,2.0,0.2,0.186,0.54,0.065,
WNBA,2003,100686,Michaela Pavlickova,1611661317,PHO,8,3.7,0.8,0.5,0.1,0.136,0.429,0.087,
WNBA,2003,100346,Michele Van Gorp,1611661324,MIN,31,17.0,5.6,3.5,0.5,0.225,0.473,0.047,
WNBA,2003,100729,Michelle Snow,1611661316,HOU,34,30.3,9.2,7.7,1.2,0.176,0.541,0.124,
WNBA,2003,100199,Murriel Page,1611661322,WAS,34,25.0,6.3,4.5,1.0,0.159,0.435,0.049,
WNBA,2003,100012,Mwadi Mabika,1611661320,LAS,32,32.6,13.8,4.4,2.6,0.231,0.504,0.096,
WNBA,2003,100556,Nakia Sanford,1611661322,WAS,17,7.8,2.9,1.5,0.1,0.227,0.502,-0.025,
WNBA,2003,100366,Natalie Williams,1611661325,IND,34,31.0,13.4,7.5,1.4,0.233,0.534,0.129,
WNBA,2003,100424,Nevriye Yilmaz,1611661317,PHO,5,6.8,2.8,0.6,0.4,0.263,0.441,-0.115,
WNBA,2003,100478,Nicky McCrimmon,1611661320,LAS,33,9.1,2.1,0.9,1.0,0.129,0.511,0.099,
WNBA,2003,100650,Niele Ivey,1611661325,IND,27,24.1,5.0,1.2,2.6,0.115,0.547,0.076,
WNBA,2003,100198,Nikki McCray,1611661325,IND,34,21.6,3.9,1.5,1.4,0.133,0.441,0.035,
WNBA,2003,100724,Nikki Teasley,1611661320,LAS,34,34.9,11.5,5.1,6.3,0.177,0.581,0.144,
WNBA,2003,100415,Nykesha Sales,1611661323,CON,34,32.5,16.1,4.3,2.7,0.262,0.516,0.123,
WNBA,2003,100169,Octavia Blue,1611661316,HOU,16,2.1,0.3,0.1,0.1,0.123,0.347,-0.054,
WNBA,2003,100634,Penny Taylor,1611661317,PHO,34,26.4,11.7,4.4,2.4,0.239,0.521,0.154,
WNBA,2003,100856,Petra Ujhelyi,1611661321,DET,14,5.0,0.3,0.9,0.2,0.119,0.215,-0.075,
WNBA,2003,100888,Plenette Pierson,1611661317,PHO,33,18.2,6.0,2.4,0.7,0.214,0.447,0.027,
WNBA,2003,100180,Pollyanna Johns Kimbrough,1611661316,HOU,30,13.9,3.0,2.7,0.6,0.118,0.574,0.125,
WNBA,2003,100002,Rebecca Lobo,1611661323,CON,25,11.7,2.4,2.1,0.2,0.161,0.321,0.011,
WNBA,2003,100060,Rhonda Mapp,1611661320,LAS,24,10.8,2.6,2.8,0.3,0.134,0.502,0.068,
WNBA,2003,100204,Rita Williams,1611661328,SEA,32,11.9,2.4,0.7,1.3,0.143,0.478,0.05,
WNBA,2003,100097,Rushia Brown,1611661314,CHA,34,14.2,3.7,2.4,0.5,0.169,0.496,0.052,
WNBA,2003,100656,Ruth Riley,1611661321,DET,34,29.3,9.6,5.9,1.9,0.17,0.57,0.105,
WNBA,2003,100016,Ruthie Bolton,1611661318,SAC,33,15.8,4.5,1.7,1.1,0.185,0.4,0.062,
WNBA,2003,100247,Sandy Brondello,1611661328,SEA,34,28.5,8.2,1.6,2.0,0.166,0.474,0.065,
WNBA,2003,100683,Semeka Randall,1611661319,SAN,33,10.3,2.7,1.6,0.7,0.206,0.401,-0.003,
WNBA,2003,100350,Shalonda Enis,1611661314,CHA,29,21.1,8.7,4.3,0.6,0.216,0.568,0.125,
WNBA,2003,100410,Shannon Johnson,1611661319,SAN,34,32.6,12.4,3.9,5.8,0.214,0.533,0.127,
WNBA,2003,100885,Shaquala Williams,1611661320,LAS,25,9.2,2.0,1.3,0.8,0.133,0.414,0.056,
WNBA,2003,100728,Shaunzinski Gortman,1611661324,MIN,24,8.2,2.1,1.3,0.6,0.167,0.502,0.059,
WNBA,2003,100726,Sheila Lambert,1611661321,DET,27,6.9,3.2,1.0,0.5,0.274,0.518,0.092,
WNBA,2003,100416,Sheri Sam,1611661328,SEA,34,28.1,11.0,4.2,2.6,0.226,0.46,0.11,
WNBA,2003,100072,Sheryl Swoopes,1611661316,HOU,31,34.9,15.6,4.6,3.9,0.267,0.495,0.169,
WNBA,2003,100111,Simone Edwards,1611661328,SEA,34,17.0,4.6,3.9,0.5,0.162,0.495,0.093,
WNBA,2003,100713,Slobodanka Tuvic,1611661317,PHO,17,21.6,7.5,3.9,0.7,0.223,0.466,0.048,
WNBA,2003,100336,Sonja Henning,1611661325,IND,24,12.4,1.0,1.0,1.2,0.098,0.263,0.023,
WNBA,2003,100833,Sonja Mallory,1611661317,PHO,6,7.1,1.7,1.7,0.0,0.174,0.506,0.07,
WNBA,2003,100105,Sophia Witherspoon,1611661320,LAS,23,10.2,2.4,0.8,0.2,0.135,0.473,0.041,
WNBA,2003,100722,Stacey Dales,1611661322,WAS,34,29.3,10.0,3.0,3.4,0.187,0.528,0.08,
WNBA,2003,100532,Stacey Thomas,1611661321,DET,30,8.9,2.0,1.4,0.5,0.155,0.413,0.084,
WNBA,2003,100370,Stephanie White,1611661325,IND,28,20.6,6.9,1.5,2.1,0.194,0.5,0.074,
WNBA,2003,100720,Sue Bird,1611661328,SEA,34,33.4,12.4,3.3,6.5,0.219,0.527,0.146,
WNBA,2003,100876,Sun Min Jung,1611661328,SEA,17,6.9,1.8,0.6,0.1,0.16,0.444,0.03,
WNBA,2003,100658,Svetlana Abrosimova,1611661324,MIN,30,26.3,10.6,4.7,2.7,0.253,0.485,0.105,
WNBA,2003,100721,Swin Cash,1611661321,DET,33,33.3,16.6,5.8,3.6,0.261,0.523,0.146,
WNBA,2003,100529,Sylvia Crawley,1611661319,SAN,33,17.1,3.5,3.2,0.6,0.153,0.412,0.043,
WNBA,2003,100866,Tai Dillard,1611661319,SAN,24,6.9,1.7,0.6,0.6,0.216,0.303,-0.023,
WNBA,2003,100412,Taj McWilliams-Franklin,1611661323,CON,34,29.0,10.4,6.7,1.4,0.195,0.512,0.119,
WNBA,2003,100734,Tamara Moore,1611661317,PHO,26,6.8,2.1,1.1,0.5,0.178,0.536,0.149,
WNBA,2003,100008,Tamecka Dixon,1611661320,LAS,30,34.7,13.7,4.2,3.0,0.211,0.508,0.106,
WNBA,2003,100496,Tamicha Jackson,1611661322,WAS,34,28.1,8.8,2.4,4.3,0.22,0.405,0.09,
WNBA,2003,100646,Tamika Catchings,1611661325,IND,34,35.5,19.7,8.0,3.4,0.287,0.566,0.194,
WNBA,2003,100725,Tamika Raymond,1611661324,MIN,34,33.0,8.9,6.1,1.3,0.126,0.648,0.109,
WNBA,2003,100347,Tamika Whitmore,1611661313,NYL,33,25.0,8.2,3.7,0.8,0.207,0.492,0.069,
WNBA,2003,100628,Tammy Sutton-Brown,1611661314,CHA,34,25.4,8.4,5.9,0.4,0.205,0.492,0.076,
WNBA,2003,100236,Tangela Smith,1611661318,SAC,34,29.0,12.6,5.5,1.5,0.243,0.475,0.13,
WNBA,2003,100413,Tari Phillips,1611661313,NYL,33,31.2,11.2,8.5,1.7,0.255,0.445,0.112,
WNBA,2003,100555,Tausha Mills,1611661319,SAN,29,6.5,2.0,1.9,0.2,0.207,0.463,-0.037,
WNBA,2003,100851,Teana Miller,1611661314,CHA,31,11.0,3.4,2.9,0.2,0.177,0.573,0.118,
WNBA,2003,100838,Teresa Edwards,1611661324,MIN,34,25.2,5.3,3.1,4.4,0.154,0.488,0.096,
WNBA,2003,100101,Teresa Weatherspoon,1611661320,LAS,34,24.3,2.9,2.9,4.4,0.107,0.445,0.095,
WNBA,2003,100234,Ticha Penicheiro,1611661318,SAC,34,32.1,5.4,3.5,6.7,0.139,0.384,0.101,
WNBA,2003,100233,Tiffani Johnson,1611661316,HOU,22,16.3,3.5,2.9,0.6,0.134,0.534,0.077,
WNBA,2003,100076,Tina Thompson,1611661316,HOU,28,34.8,16.9,5.9,1.7,0.283,0.5,0.126,
WNBA,2003,100557,Tonya Massaline,1611661328,SEA,24,9.2,2.2,0.9,0.3,0.159,0.401,0.032,
WNBA,2003,100430,Tracy Henderson,1611661315,CLE,11,3.9,0.2,1.3,0.3,0.163,0.077,-0.048,
WNBA,2003,100182,Tracy Reid,1611661317,PHO,2,6.1,1.0,0.5,0.5,0.125,0.333,-0.057,
WNBA,2003,100284,Tully Bevilaqua,1611661328,SEA,31,8.1,1.9,0.8,1.0,0.155,0.481,0.088,
WNBA,2003,100643,Tynesha Lewis,1611661314,CHA,23,10.2,3.0,1.4,0.9,0.178,0.52,0.151,
WNBA,2003,100392,Ukari Figgs,1611661316,HOU,34,28.1,4.4,2.4,2.4,0.104,0.557,0.071,
WNBA,2003,100215,Vanessa Nygaard,1611661320,LAS,11,15.2,3.7,1.7,0.5,0.122,0.543,0.035,
WNBA,2003,100103,Vickie Johnson,1611661313,NYL,32,32.6,13.4,3.0,2.3,0.215,0.558,0.117,
WNBA,2003,100046,Wendy Palmer,1611661323,CON,32,13.4,4.7,3.3,0.5,0.218,0.468,0.081,
WNBA,2003,100419,Yolanda Griffith,1611661318,SAC,34,29.9,13.8,7.3,1.4,0.231,0.564,0.167,
WNBA,2003,100737,Zuzana Klimesova,1611661325,IND,1,2.7,2.0,0.0,0.0,0.4,0.532,0.0,
WNBA,2003,100861,Zuzana Zirkova,1611661322,WAS,6,4.9,1.8,0.3,0.2,0.145,0.828,0.095,
WNBA,2004,100231,Adia Barnes,1611661328,SEA,34,11.9,2.0,1.9,0.9,0.125,0.405,0.061,
WNBA,2004,100526,Adrian Williams-Strong,1611661319,SAN,23,12.7,4.2,2.1,0.6,0.24,0.425,0.06,
WNBA,2004,100363,Adrienne Goodson,1611661319,SAN,34,31.4,10.9,6.9,1.8,0.2,0.514,0.12,
WNBA,2004,100912,Agnieszka Bibrzycka,1611661319,SAN,24,19.4,6.6,1.2,1.7,0.202,0.489,0.075,
WNBA,2004,100860,Aiysha Smith,1611661322,WAS,29,13.9,4.0,2.4,0.5,0.167,0.487,0.082,
WNBA,2004,100949,Alana Beard,1611661322,WAS,34,30.2,13.1,4.2,2.7,0.246,0.5,0.128,
WNBA,2004,100216,Alicia Thompson,1611661328,SEA,23,7.8,2.3,1.0,0.4,0.155,0.474,0.094,
WNBA,2004,100170,Allison Feaster,1611661314,CHA,33,31.8,11.7,2.5,1.8,0.225,0.52,0.102,
WNBA,2004,100642,Amanda Lassiter,1611661324,MIN,33,17.1,3.8,2.4,1.1,0.15,0.457,0.055,
WNBA,2004,100935,Amber Jacobs,1611661324,MIN,32,12.3,3.2,1.1,1.5,0.185,0.46,0.053,
WNBA,2004,100938,Amisha Carter,1611661321,DET,2,6.7,0.5,2.0,0.0,0.148,0.568,-0.06,
WNBA,2004,100059,Andrea Stinson,1611661314,CHA,34,22.9,6.0,3.5,1.4,0.176,0.483,0.103,
WNBA,2004,100445,Ann Wauters,1611661313,NYL,13,20.6,6.3,3.1,1.6,0.186,0.521,0.097,
WNBA,2004,100493,Anna DeForge,1611661317,PHO,34,33.9,14.4,3.6,3.1,0.225,0.553,0.159,
WNBA,2004,100942,Ashley Robinson,1611661317,PHO,19,6.6,0.9,0.7,0.1,0.079,0.498,0.023,
WNBA,2004,100723,Asjha Jones,1611661323,CON,34,20.6,6.9,3.5,1.1,0.219,0.452,0.07,
WNBA,2004,100387,Astou Ndiaye-Diatta,1611661325,IND,10,7.6,1.2,1.1,0.4,0.192,0.289,-0.019,
WNBA,2004,100740,Ayana Walker,1611661321,DET,18,8.0,1.0,1.4,0.3,0.115,0.294,0.017,
WNBA,2004,100494,Barbara Farris,1611661321,DET,26,16.3,4.5,2.3,0.3,0.138,0.569,0.064,
WNBA,2004,100342,Becky Hammon,1611661313,NYL,34,33.3,13.5,3.5,4.4,0.233,0.568,0.13,
WNBA,2004,100862,Bethany Donaphin,1611661313,NYL,26,18.5,5.0,2.7,0.6,0.165,0.493,0.044,
WNBA,2004,100484,Betty Lennox,1611661328,SEA,32,28.7,11.2,5.0,2.5,0.225,0.497,0.109,
WNBA,2004,100918,Candace Futrell,1611661323,CON,20,7.1,2.1,1.0,0.5,0.186,0.466,0.046,
WNBA,2004,100948,Catrina Frierson,1611661328,SEA,5,4.5,1.4,1.0,0.0,0.216,0.339,-0.064,
WNBA,2004,100356,Chamique Holdsclaw,1611661322,WAS,23,34.6,19.0,8.3,2.4,0.308,0.474,0.165,
WNBA,2004,100941,Chandi Jones,1611661321,DET,31,12.8,3.5,1.1,1.5,0.177,0.459,0.047,
WNBA,2004,100873,Chantelle Anderson,1611661318,SAC,30,7.6,2.6,1.1,0.2,0.217,0.48,-0.012,
WNBA,2004,100371,Charlotte Smith,1611661314,CHA,34,28.9,8.2,4.1,1.2,0.163,0.588,0.087,
WNBA,2004,100433,Chasity Melvin,1611661322,WAS,34,24.4,8.6,3.9,1.1,0.21,0.481,0.068,
WNBA,2004,100843,Cheryl Ford,1611661321,DET,31,29.5,10.6,9.6,1.1,0.2,0.461,0.118,
WNBA,2004,100930,Christi Thomas,1611661320,LAS,31,17.6,5.3,3.9,0.7,0.158,0.512,0.09,
WNBA,2004,100690,Coco Miller,1611661322,WAS,33,19.5,4.8,1.9,1.3,0.147,0.462,0.051,
WNBA,2004,100848,Coretta Brown,1611661325,IND,26,15.3,4.0,1.3,1.6,0.185,0.452,0.048,
WNBA,2004,100345,Crystal Robinson,1611661313,NYL,28,31.7,12.1,3.0,2.1,0.187,0.569,0.105,
WNBA,2004,100372,Dawn Staley,1611661314,CHA,34,33.6,8.9,1.7,5.0,0.171,0.531,0.108,
WNBA,2004,100396,DeLisha Milton-Jones,1611661320,LAS,19,31.7,9.8,4.7,1.6,0.184,0.494,0.068,
WNBA,2004,100533,DeMya Walker,1611661318,SAC,34,25.9,8.4,4.2,2.5,0.22,0.455,0.06,
WNBA,2004,100849,DeTrina White,1611661313,NYL,31,13.6,2.6,3.8,0.3,0.135,0.543,0.087,
WNBA,2004,100727,Deanna Jackson,1611661325,IND,34,23.6,6.9,3.3,1.6,0.199,0.417,0.048,
WNBA,2004,100639,Deanna Nolan,1611661321,DET,34,33.5,13.6,3.9,3.3,0.23,0.474,0.114,
WNBA,2004,100359,Debbie Black,1611661323,CON,31,11.1,1.8,1.2,1.5,0.106,0.476,0.081,
WNBA,2004,100940,Diana Taurasi,1611661317,PHO,34,33.3,17.0,4.4,3.9,0.29,0.516,0.152,
WNBA,2004,100384,Dominique Canty,1611661316,HOU,32,24.1,5.5,2.6,2.0,0.147,0.487,0.076,
WNBA,2004,100931,Doneeka Lewis,1611661320,LAS,24,10.1,1.8,0.9,0.7,0.14,0.381,0.049,
WNBA,2004,100928,Ebony Hoffman,1611661325,IND,30,11.1,2.0,2.9,0.7,0.16,0.352,0.043,
WNBA,2004,100375,Edna Campbell,1611661318,SAC,22,15.0,3.4,0.9,0.7,0.135,0.481,0.036,
WNBA,2004,100414,Elaine Powell,1611661321,DET,30,25.3,4.4,2.8,4.5,0.13,0.412,0.084,
WNBA,2004,100043,Elena Baranova,1611661313,NYL,34,30.9,11.6,7.2,2.0,0.2,0.582,0.158,
WNBA,2004,100835,Erin Thorn,1611661313,NYL,17,9.1,2.0,0.5,0.5,0.182,0.371,0.019,
WNBA,2004,100748,Felicia Ragland,1611661316,HOU,34,15.2,3.5,2.0,1.1,0.152,0.469,0.069,
WNBA,2004,100984,Giuliana Mendiola,1611661318,SAC,6,6.7,1.7,0.8,0.5,0.126,0.625,0.076,
WNBA,2004,100394,Gordana Grubin,1611661316,HOU,5,4.9,0.4,0.2,0.0,0.156,0.258,-0.094,
WNBA,2004,100867,Gwen Jackson,1611661317,PHO,33,12.9,3.5,2.5,0.5,0.143,0.546,0.105,
WNBA,2004,100840,Gwen Slaughter,1611661324,MIN,3,2.5,0.7,0.3,0.0,0.118,0.532,0.333,
WNBA,2004,100731,Hamchetou Maiga-Ba,1611661318,SAC,34,14.2,4.1,2.1,0.7,0.19,0.484,0.061,
WNBA,2004,100457,Helen Darling,1611661324,MIN,33,21.4,4.2,2.0,3.5,0.163,0.444,0.062,
WNBA,2004,100922,Iciss Tillis,1611661321,DET,31,9.3,2.7,1.3,0.4,0.163,0.523,0.079,
WNBA,2004,100913,Isabel Sanchez,1611661321,DET,10,6.1,2.2,0.5,0.3,0.21,0.584,0.024,
WNBA,2004,100626,Jae Kingi-Cross,1611661317,PHO,18,8.0,1.3,0.8,0.7,0.107,0.504,0.058,
WNBA,2004,100660,Janell Burse,1611661328,SEA,29,17.7,4.9,3.3,0.7,0.175,0.475,0.05,
WNBA,2004,100975,Jennifer Derevjanik,1611661323,CON,23,6.2,0.8,0.4,0.6,0.122,0.353,0.002,
WNBA,2004,100916,Jessica Brungo,1611661323,CON,33,9.4,1.5,1.1,0.8,0.117,0.408,0.063,
WNBA,2004,100048,Jessie Hicks,1611661319,SAN,27,13.7,4.7,2.1,0.7,0.217,0.497,0.064,
WNBA,2004,100952,Jia Perkins,1611661314,CHA,4,4.2,0.8,0.8,0.3,0.195,0.222,0.026,
WNBA,2004,100852,Jocelyn Penn,1611661319,SAN,1,2.9,4.0,1.0,0.0,0.25,1.0,1.0,
WNBA,2004,100834,K.B. Sharp,1611661313,NYL,30,7.9,1.0,0.7,1.1,0.137,0.343,0.066,
WNBA,2004,100950,Kaayla Chones,1611661322,WAS,13,8.6,2.2,1.3,0.3,0.185,0.44,0.015,
WNBA,2004,100544,Kamila Vodichkova,1611661328,SEA,34,25.6,8.0,4.9,1.6,0.199,0.473,0.067,
WNBA,2004,100874,Kara Lawson,1611661318,SAC,34,24.4,8.6,2.3,2.0,0.183,0.556,0.122,
WNBA,2004,100422,Kate Starbird,1611661325,IND,12,9.7,1.7,0.8,0.9,0.142,0.39,0.038,
WNBA,2004,100666,Katie Douglas,1611661323,CON,34,32.9,10.7,3.9,2.6,0.177,0.513,0.104,
WNBA,2004,100404,Katie Smith,1611661324,MIN,23,34.7,18.8,3.7,2.3,0.256,0.59,0.17,
WNBA,2004,100759,Kayte Christensen,1611661317,PHO,32,12.7,1.6,2.2,0.7,0.101,0.436,0.001,
WNBA,2004,100421,Kedra Holland-Corn,1611661316,HOU,27,26.0,6.6,2.4,2.0,0.158,0.5,0.077,
WNBA,2004,100920,Kelly Mazzante,1611661314,CHA,34,10.0,2.3,1.0,0.3,0.186,0.417,0.031,
WNBA,2004,100627,Kelly Miller,1611661325,IND,34,32.2,10.2,3.2,3.1,0.188,0.496,0.086,
WNBA,2004,100648,Kelly Schumacher,1611661325,IND,32,18.8,7.0,3.3,0.8,0.222,0.519,0.1,
WNBA,2004,100651,Kiesha Brown,1611661322,WAS,26,14.4,4.0,1.9,1.6,0.171,0.528,0.116,
WNBA,2004,100552,Kristen Rasmussen,1611661325,IND,33,21.0,4.6,3.4,1.4,0.136,0.501,0.098,
WNBA,2004,100393,La'Keshia Frett,1611661313,NYL,26,13.3,4.5,1.9,0.7,0.212,0.512,0.085,
WNBA,2004,100242,LaTonya Johnson,1611661316,HOU,6,6.0,1.0,0.2,0.2,0.125,0.381,-0.032,
WNBA,2004,100883,LaToya Thomas,1611661319,SAN,31,31.1,14.2,4.5,1.4,0.232,0.55,0.112,
WNBA,2004,100044,Lady Grooms,1611661318,SAC,28,8.3,1.8,0.6,0.4,0.149,0.344,0.038,
WNBA,2004,100987,Laura Macchi,1611661320,LAS,25,16.5,6.1,2.4,0.6,0.182,0.584,0.086,
WNBA,2004,100682,Lauren Jackson,1611661328,SEA,31,34.5,20.5,6.7,1.6,0.267,0.59,0.194,
WNBA,2004,100973,Le'coe Willingham,1611661323,CON,23,7.6,3.0,1.9,0.3,0.169,0.688,0.165,
WNBA,2004,100926,Lindsay Taylor,1611661317,PHO,5,5.4,0.6,0.6,0.4,0.109,0.3,-0.048,
WNBA,2004,100915,Lindsay Whalen,1611661323,CON,31,30.5,8.9,2.9,4.8,0.169,0.581,0.102,
WNBA,2004,100003,Lisa Leslie,1611661320,LAS,34,33.8,17.6,9.9,2.6,0.267,0.552,0.212,
WNBA,2004,100739,Lucienne Berthieu,1611661316,HOU,16,8.2,2.3,1.7,0.3,0.189,0.441,0.023,
WNBA,2004,100967,Mandisa Stevenson,1611661319,SAN,29,8.9,1.3,1.2,0.2,0.122,0.392,0.015,
WNBA,2004,100239,Margo Dydek,1611661319,SAN,34,20.2,6.6,4.9,1.8,0.214,0.482,0.118,
WNBA,2004,100685,Marie Ferdinand-Harris,1611661319,SAN,17,30.0,11.7,3.2,1.7,0.227,0.523,0.115,
WNBA,2004,100092,Merlakia Jones,1611661321,DET,33,15.7,5.5,2.1,0.6,0.223,0.411,0.065,
WNBA,2004,100428,Mery Andrade,1611661314,CHA,12,5.3,0.8,0.3,0.6,0.085,0.541,0.008,
WNBA,2004,100257,Mfon Udoka,1611661320,LAS,3,6.7,0.3,1.0,0.0,0.125,0.133,-0.296,
WNBA,2004,100346,Michele Van Gorp,1611661324,MIN,8,8.2,2.8,1.6,0.1,0.217,0.488,0.051,
WNBA,2004,100881,Michelle Greco,1611661328,SEA,13,5.6,2.2,0.8,0.6,0.203,0.611,0.119,
WNBA,2004,100729,Michelle Snow,1611661316,HOU,31,28.9,8.9,7.7,1.0,0.194,0.495,0.118,
WNBA,2004,100958,Monique Coker,1611661320,LAS,3,4.7,1.0,0.3,1.0,0.108,1.5,0.074,
WNBA,2004,100199,Murriel Page,1611661322,WAS,33,24.5,5.6,4.2,1.1,0.131,0.478,0.079,
WNBA,2004,100012,Mwadi Mabika,1611661320,LAS,31,31.2,14.4,3.9,2.4,0.232,0.517,0.121,
WNBA,2004,100556,Nakia Sanford,1611661322,WAS,31,20.9,5.5,5.0,0.6,0.146,0.531,0.072,
WNBA,2004,100366,Natalie Williams,1611661325,IND,34,28.2,10.3,6.9,1.8,0.207,0.505,0.119,
WNBA,2004,100424,Nevriye Yilmaz,1611661319,SAN,7,11.0,2.7,1.4,0.3,0.176,0.357,-0.025,
WNBA,2004,100932,Nicole Ohlde,1611661324,MIN,34,30.0,11.7,5.7,1.8,0.218,0.514,0.12,
WNBA,2004,100919,Nicole Powell,1611661314,CHA,31,12.3,4.3,2.3,0.5,0.208,0.526,0.126,
WNBA,2004,100650,Niele Ivey,1611661325,IND,15,12.0,2.3,0.7,1.2,0.126,0.429,0.034,
WNBA,2004,100198,Nikki McCray,1611661317,PHO,27,13.8,2.6,1.1,0.5,0.12,0.492,0.027,
WNBA,2004,100724,Nikki Teasley,1611661320,LAS,34,32.5,9.9,3.4,6.1,0.176,0.546,0.116,
WNBA,2004,100415,Nykesha Sales,1611661323,CON,34,32.3,15.2,4.0,2.9,0.262,0.497,0.122,
WNBA,2004,100169,Octavia Blue,1611661316,HOU,13,11.9,3.4,1.6,0.4,0.177,0.461,0.071,
WNBA,2004,100243,Olympia Scott,1611661314,CHA,34,11.8,2.1,1.9,0.3,0.162,0.45,-0.025,
WNBA,2004,100634,Penny Taylor,1611661317,PHO,33,32.6,13.2,4.8,2.5,0.207,0.607,0.149,
WNBA,2004,100888,Plenette Pierson,1611661317,PHO,31,25.8,9.4,4.2,0.8,0.222,0.482,0.072,
WNBA,2004,100180,Pollyanna Johns Kimbrough,1611661316,HOU,19,8.1,1.2,1.5,0.1,0.116,0.419,0.005,
WNBA,2004,100988,Raffaella Masciadri,1611661320,LAS,17,6.7,1.6,0.3,0.5,0.144,0.476,-0.03,
WNBA,2004,100944,Rebekkah Brunson,1611661318,SAC,34,14.5,4.4,3.6,0.6,0.183,0.471,0.134,
WNBA,2004,100656,Ruth Riley,1611661321,DET,34,30.4,11.1,5.9,1.5,0.205,0.496,0.099,
WNBA,2004,100016,Ruthie Bolton,1611661318,SAC,34,13.8,4.7,1.4,0.9,0.174,0.493,0.091,
WNBA,2004,100683,Semeka Randall,1611661319,SAN,29,16.1,4.7,2.1,0.7,0.202,0.414,0.045,
WNBA,2004,100937,Shameka Christon,1611661313,NYL,33,17.0,5.8,2.1,0.7,0.218,0.452,0.038,
WNBA,2004,100410,Shannon Johnson,1611661319,SAN,31,30.7,9.3,2.6,4.4,0.199,0.511,0.09,
WNBA,2004,100728,Shaunzinski Gortman,1611661322,WAS,4,5.8,0.0,1.0,0.5,0.05,0.0,0.113,
WNBA,2004,100726,Sheila Lambert,1611661316,HOU,34,23.1,5.8,2.0,2.6,0.177,0.494,0.075,
WNBA,2004,100923,Shereka Wright,1611661317,PHO,24,10.1,2.4,1.1,0.3,0.15,0.508,0.036,
WNBA,2004,100416,Sheri Sam,1611661328,SEA,34,29.9,9.1,4.1,2.4,0.179,0.488,0.09,
WNBA,2004,100072,Sheryl Swoopes,1611661316,HOU,31,34.5,14.8,4.9,2.9,0.247,0.49,0.153,
WNBA,2004,100111,Simone Edwards,1611661328,SEA,23,11.2,2.1,2.4,0.2,0.141,0.379,0.039,
WNBA,2004,100713,Slobodanka Tuvic,1611661317,PHO,33,21.0,2.8,3.7,1.0,0.112,0.415,0.037,
WNBA,2004,100722,Stacey Dales,1611661322,WAS,31,25.2,8.2,2.1,2.5,0.178,0.504,0.083,
WNBA,2004,100470,Stacey Lovelace,1611661324,MIN,34,11.4,3.6,1.9,0.6,0.218,0.456,0.061,
WNBA,2004,100532,Stacey Thomas,1611661321,DET,1,0.0,0.0,0.0,0.0,0.0,0.0,0.0,
WNBA,2004,100927,Stacy Stephens,1611661321,DET,7,5.3,0.6,1.3,0.4,0.118,0.291,0.0,
WNBA,2004,100370,Stephanie White,1611661325,IND,22,20.4,4.1,1.3,2.4,0.13,0.523,0.077,
WNBA,2004,100720,Sue Bird,1611661328,SEA,34,33.6,12.9,3.1,5.4,0.188,0.604,0.162,
WNBA,2004,100658,Svetlana Abrosimova,1611661324,MIN,22,21.0,6.6,3.4,2.0,0.206,0.458,0.099,
WNBA,2004,100721,Swin Cash,1611661321,DET,32,34.5,16.4,6.5,4.2,0.232,0.548,0.174,
WNBA,2004,100866,Tai Dillard,1611661319,SAN,23,8.9,1.6,0.6,0.8,0.172,0.34,0.007,
WNBA,2004,100412,Taj McWilliams-Franklin,1611661323,CON,34,33.4,12.1,7.2,1.9,0.21,0.506,0.123,
WNBA,2004,100734,Tamara Moore,1611661317,PHO,32,12.1,2.6,0.9,1.7,0.137,0.556,0.093,
WNBA,2004,100008,Tamecka Dixon,1611661320,LAS,32,28.5,9.7,3.4,3.5,0.196,0.506,0.106,
WNBA,2004,100496,Tamicha Jackson,1611661322,WAS,25,16.3,5.4,1.5,1.8,0.208,0.475,0.1,
WNBA,2004,100646,Tamika Catchings,1611661325,IND,34,33.8,16.7,7.3,3.4,0.266,0.52,0.183,
WNBA,2004,100725,Tamika Raymond,1611661324,MIN,34,28.7,7.4,6.0,1.1,0.146,0.558,0.116,
WNBA,2004,100347,Tamika Whitmore,1611661320,LAS,34,17.6,6.2,3.1,0.5,0.187,0.513,0.079,
WNBA,2004,100628,Tammy Sutton-Brown,1611661314,CHA,34,28.5,9.6,6.2,0.4,0.206,0.55,0.118,
WNBA,2004,100236,Tangela Smith,1611661318,SAC,34,26.8,11.2,4.1,1.5,0.252,0.446,0.102,
WNBA,2004,100413,Tari Phillips,1611661313,NYL,13,23.9,6.7,5.4,1.2,0.24,0.377,0.025,
WNBA,2004,100934,Tasha Butts,1611661324,MIN,30,14.2,2.5,2.1,0.8,0.129,0.418,0.061,
WNBA,2004,100851,Teana Miller,1611661314,CHA,9,8.5,3.9,2.0,0.0,0.255,0.528,0.043,
WNBA,2004,100979,Tera Bjorklund,1611661314,CHA,4,3.4,0.5,0.0,0.0,0.143,0.333,-0.05,
WNBA,2004,100838,Teresa Edwards,1611661324,MIN,34,20.6,5.7,2.6,2.3,0.205,0.455,0.088,
WNBA,2004,100101,Teresa Weatherspoon,1611661320,LAS,34,8.6,0.5,0.9,0.9,0.085,0.34,0.031,
WNBA,2004,100234,Ticha Penicheiro,1611661318,SAC,33,29.4,6.0,3.1,4.9,0.141,0.477,0.116,
WNBA,2004,100233,Tiffani Johnson,1611661316,HOU,33,20.0,4.3,3.7,0.8,0.125,0.538,0.085,
WNBA,2004,100076,Tina Thompson,1611661316,HOU,26,36.3,20.0,6.0,1.8,0.309,0.507,0.139,
WNBA,2004,100947,Toccara Williams,1611661319,SAN,26,16.0,2.1,1.5,1.7,0.107,0.468,0.071,
WNBA,2004,100284,Tully Bevilaqua,1611661328,SEA,34,10.6,2.3,0.8,0.9,0.131,0.543,0.078,
WNBA,2004,100643,Tynesha Lewis,1611661314,CHA,34,18.1,7.2,1.7,1.3,0.243,0.522,0.118,
WNBA,2004,100933,Vanessa Hayden,1611661324,MIN,29,12.0,5.3,2.9,0.2,0.283,0.435,0.077,
WNBA,2004,100103,Vickie Johnson,1611661313,NYL,34,32.9,9.4,3.6,3.6,0.176,0.496,0.09,
WNBA,2004,100046,Wendy Palmer,1611661323,CON,33,23.9,9.0,5.5,0.9,0.206,0.511,0.112,
WNBA,2004,100419,Yolanda Griffith,1611661318,SAC,34,30.4,14.5,7.2,1.2,0.226,0.584,0.195,
WNBA,2005,100363,Adrienne Goodson,1611661314,CHA,33,14.1,4.3,2.2,0.6,0.213,0.444,0.066,
WNBA,2005,100949,Alana Beard,1611661322,WAS,30,33.9,14.1,4.3,3.0,0.259,0.465,0.109,
WNBA,2005,100216,Alicia Thompson,1611661328,SEA,30,10.9,2.8,1.5,0.5,0.155,0.471,0.071,
WNBA,2005,100170,Allison Feaster,1611661314,CHA,21,31.8,9.1,1.8,2.4,0.166,0.536,0.066,
WNBA,2005,100642,Amanda Lassiter,1611661324,MIN,31,12.5,3.5,1.5,0.7,0.185,0.446,0.029,
WNBA,2005,100935,Amber Jacobs,1611661324,MIN,33,14.6,3.7,0.6,2.1,0.166,0.518,0.072,
WNBA,2005,100938,Amisha Carter,1611661313,NYL,3,4.3,0.0,0.7,0.0,0.08,0.0,-0.151,
WNBA,2005,100059,Andrea Stinson,1611661321,DET,18,5.6,1.2,0.7,0.7,0.135,0.429,0.088,
WNBA,2005,101036,Angelina Williams,1611661317,PHO,16,9.2,2.5,1.4,0.6,0.201,0.377,0.029,
WNBA,2005,100445,Ann Wauters,1611661313,NYL,28,31.3,13.7,6.6,1.5,0.235,0.589,0.134,
WNBA,2005,100493,Anna DeForge,1611661317,PHO,33,34.4,13.1,3.5,2.4,0.21,0.519,0.105,
WNBA,2005,101047,Ashley Battle,1611661328,SEA,2,4.4,1.0,1.0,0.0,0.188,0.5,0.056,
WNBA,2005,100942,Ashley Robinson,1611661317,PHO,34,19.4,3.0,3.5,0.9,0.135,0.353,0.009,
WNBA,2005,100723,Asjha Jones,1611661323,CON,33,21.5,9.1,3.7,1.2,0.238,0.502,0.094,
WNBA,2005,100740,Ayana Walker,1611661314,CHA,21,15.7,3.4,3.1,0.9,0.134,0.462,0.105,
WNBA,2005,100494,Barbara Farris,1611661321,DET,34,13.1,2.4,2.5,0.6,0.143,0.429,0.015,
WNBA,2005,100342,Becky Hammon,1611661313,NYL,34,34.7,13.9,3.4,4.3,0.228,0.601,0.134,
WNBA,2005,100696,Belinda Snell,1611661317,PHO,20,11.3,3.3,1.8,0.9,0.144,0.517,0.069,
WNBA,2005,100807,Bernadette Ngoyisa,1611661319,SAN,26,9.7,4.3,2.3,0.2,0.227,0.6,0.134,
WNBA,2005,100484,Betty Lennox,1611661328,SEA,28,28.5,12.4,4.4,2.0,0.243,0.491,0.098,
WNBA,2005,100667,Brooke Wyckoff,1611661323,CON,34,17.7,3.1,2.8,1.0,0.103,0.542,0.055,
WNBA,2005,101064,Caity Matter,1611661314,CHA,10,5.6,0.9,0.3,0.6,0.136,0.324,0.031,
WNBA,2005,101049,Cathrine Kraayeveld,1611661313,NYL,17,11.5,4.1,1.6,0.3,0.217,0.56,0.069,
WNBA,2005,100356,Chamique Holdsclaw,1611661320,LAS,33,35.8,17.0,6.8,3.2,0.251,0.539,0.157,
WNBA,2005,100941,Chandi Jones,1611661324,MIN,31,19.6,6.6,2.1,1.7,0.188,0.484,0.077,
WNBA,2005,100873,Chantelle Anderson,1611661319,SAN,34,19.6,6.0,2.6,0.3,0.197,0.512,0.03,
WNBA,2005,100371,Charlotte Smith,1611661322,WAS,34,30.5,7.2,3.8,2.1,0.126,0.585,0.082,
WNBA,2005,100433,Chasity Melvin,1611661322,WAS,34,30.9,11.7,5.9,0.7,0.21,0.543,0.097,
WNBA,2005,101040,Chelsea Newton,1611661318,SAC,34,21.0,4.4,1.9,1.6,0.133,0.449,0.03,
WNBA,2005,100843,Cheryl Ford,1611661321,DET,33,28.2,9.5,9.8,0.8,0.203,0.454,0.124,
WNBA,2005,100930,Christi Thomas,1611661320,LAS,32,16.2,3.8,3.3,0.5,0.128,0.554,0.064,
WNBA,2005,100690,Coco Miller,1611661322,WAS,34,14.8,4.5,1.7,1.3,0.191,0.465,0.091,
WNBA,2005,100848,Coretta Brown,1611661325,IND,6,3.8,1.0,0.3,0.5,0.178,0.6,0.063,
WNBA,2005,100345,Crystal Robinson,1611661313,NYL,32,30.3,7.3,3.1,1.8,0.152,0.486,0.052,
WNBA,2005,100364,Dalma Ivanyi,1611661319,SAN,30,19.2,2.5,1.7,2.3,0.107,0.532,0.057,
WNBA,2005,100372,Dawn Staley,1611661316,HOU,33,27.5,5.4,2.1,4.5,0.13,0.507,0.103,
WNBA,2005,100396,DeLisha Milton-Jones,1611661322,WAS,33,32.3,11.9,5.2,1.8,0.216,0.526,0.106,
WNBA,2005,100533,DeMya Walker,1611661318,SAC,22,27.0,14.1,5.3,2.2,0.278,0.566,0.162,
WNBA,2005,100849,DeTrina White,1611661313,NYL,13,7.0,1.2,1.7,0.0,0.114,0.491,0.068,
WNBA,2005,100727,Deanna Jackson,1611661325,IND,34,13.8,4.8,2.3,0.7,0.21,0.48,0.091,
WNBA,2005,100639,Deanna Nolan,1611661321,DET,33,36.7,15.9,4.7,3.7,0.238,0.492,0.165,
WNBA,2005,100940,Diana Taurasi,1611661317,PHO,33,32.8,16.0,4.2,4.5,0.267,0.534,0.138,
WNBA,2005,100384,Dominique Canty,1611661316,HOU,33,30.3,8.2,3.3,3.1,0.182,0.471,0.078,
WNBA,2005,100931,Doneeka Lewis,1611661320,LAS,32,20.9,5.6,1.5,2.4,0.159,0.53,0.09,
WNBA,2005,100928,Ebony Hoffman,1611661325,IND,33,15.1,3.6,2.9,0.5,0.154,0.464,0.099,
WNBA,2005,100375,Edna Campbell,1611661319,SAN,28,8.9,1.7,0.5,0.5,0.165,0.356,0.002,
WNBA,2005,100760,Edniesha Curry,1611661320,LAS,13,8.6,1.8,0.8,0.9,0.153,0.449,0.032,
WNBA,2005,101018,Edwige Lawson-Wade,1611661316,HOU,19,6.6,1.4,0.5,0.2,0.167,0.441,0.012,
WNBA,2005,100414,Elaine Powell,1611661321,DET,29,23.2,5.6,2.8,2.7,0.153,0.478,0.09,
WNBA,2005,100043,Elena Baranova,1611661313,NYL,33,28.8,8.7,6.9,1.8,0.177,0.553,0.135,
WNBA,2005,100659,Erin Perperoglou,1611661318,SAC,23,9.0,3.3,1.3,0.6,0.178,0.691,0.126,
WNBA,2005,100835,Erin Thorn,1611661313,NYL,21,9.6,2.7,0.7,0.6,0.166,0.502,0.064,
WNBA,2005,100748,Felicia Ragland,1611661316,HOU,4,1.7,0.0,0.0,0.3,0.053,0.0,-0.158,
WNBA,2005,101103,Francesca Zara,1611661328,SEA,34,12.2,2.6,1.1,1.5,0.154,0.478,0.068,
WNBA,2005,100394,Gordana Grubin,1611661320,LAS,9,4.6,0.1,0.7,0.6,0.12,0.051,-0.075,
WNBA,2005,100867,Gwen Jackson,1611661317,PHO,11,10.9,2.8,2.1,0.3,0.143,0.541,0.058,
WNBA,2005,100731,Hamchetou Maiga-Ba,1611661318,SAC,34,11.9,3.8,2.0,0.9,0.211,0.441,0.052,
WNBA,2005,100457,Helen Darling,1611661314,CHA,31,19.4,3.5,1.5,2.7,0.136,0.471,0.068,
WNBA,2005,100796,Iziane Castro Marques,1611661328,SEA,33,26.7,8.2,2.9,1.5,0.175,0.491,0.057,
WNBA,2005,101035,Jacqueline Batteast,1611661324,MIN,8,5.7,0.0,0.6,0.4,0.099,0.0,-0.049,
WNBA,2005,101053,Jamie Carey,1611661323,CON,15,5.6,1.2,0.4,0.5,0.121,0.474,0.047,
WNBA,2005,101019,Janel McCarville,1611661314,CHA,28,11.2,1.8,2.7,0.4,0.129,0.41,0.053,
WNBA,2005,100660,Janell Burse,1611661328,SEA,34,25.4,10.0,5.9,0.7,0.199,0.572,0.089,
WNBA,2005,100075,Janeth Arcain,1611661316,HOU,34,31.9,10.1,2.7,1.6,0.188,0.495,0.083,
WNBA,2005,100921,Jenni Benningfield,1611661325,IND,10,5.1,0.9,0.6,0.4,0.128,0.461,0.031,
WNBA,2005,100975,Jennifer Derevjanik,1611661323,CON,34,10.6,0.7,0.9,1.2,0.076,0.413,0.009,
WNBA,2005,100925,Jennifer Smith,1611661313,NYL,2,3.7,0.0,0.0,0.0,0.077,0.0,-0.047,
WNBA,2005,100916,Jessica Brungo,1611661323,CON,12,3.8,0.2,0.5,0.2,0.103,0.111,-0.138,
WNBA,2005,101042,Jessica Moore,1611661320,LAS,21,7.3,0.5,0.6,0.1,0.065,0.463,-0.069,
WNBA,2005,100952,Jia Perkins,1611661314,CHA,30,15.5,5.0,1.5,1.1,0.203,0.457,0.076,
WNBA,2005,101006,Jurgita Streimikyte,1611661325,IND,34,20.3,5.5,3.0,0.9,0.166,0.49,0.087,
WNBA,2005,100950,Kaayla Chones,1611661322,WAS,12,5.1,1.2,0.5,0.1,0.153,0.457,-0.007,
WNBA,2005,100544,Kamila Vodichkova,1611661317,PHO,28,29.3,10.9,7.0,2.3,0.202,0.528,0.139,
WNBA,2005,101025,Kara Braxton,1611661321,DET,33,13.9,6.9,3.0,0.4,0.285,0.48,0.072,
WNBA,2005,100874,Kara Lawson,1611661318,SAC,24,21.2,8.0,1.4,1.5,0.173,0.594,0.134,
WNBA,2005,100666,Katie Douglas,1611661323,CON,32,31.2,11.0,4.1,2.9,0.189,0.524,0.114,
WNBA,2005,101026,Katie Mattera,1611661319,SAN,34,20.0,8.8,5.1,0.2,0.246,0.535,0.111,
WNBA,2005,100404,Katie Smith,1611661321,DET,36,32.2,11.9,2.3,2.4,0.21,0.509,0.093,
WNBA,2005,100759,Kayte Christensen,1611661317,PHO,11,9.9,1.6,2.0,0.6,0.122,0.498,0.037,
WNBA,2005,100920,Kelly Mazzante,1611661314,CHA,27,8.3,2.4,1.1,0.3,0.178,0.419,0.091,
WNBA,2005,100627,Kelly Miller,1611661325,IND,34,31.0,10.2,2.5,2.4,0.172,0.556,0.11,
WNBA,2005,100648,Kelly Schumacher,1611661325,IND,34,15.1,4.0,2.0,0.4,0.176,0.458,0.049,
WNBA,2005,101022,Kendra Wecker,1611661319,SAN,1,11.2,4.0,0.0,2.0,0.333,0.333,0.063,
WNBA,2005,100651,Kiesha Brown,1611661316,HOU,6,5.2,0.3,0.2,0.3,0.094,0.5,0.055,
WNBA,2005,101029,Kristen Mann,1611661324,MIN,24,7.8,2.9,1.5,0.5,0.2,0.521,0.151,
WNBA,2005,100552,Kristen Rasmussen,1611661314,CHA,27,20.5,4.6,3.0,0.9,0.126,0.547,0.075,
WNBA,2005,100222,Kristi Harrower,1611661324,MIN,34,24.4,4.6,2.4,2.8,0.13,0.468,0.089,
WNBA,2005,101027,Kristin Haynie,1611661318,SAC,30,14.5,3.5,2.1,1.4,0.172,0.409,0.104,
WNBA,2005,100393,La'Keshia Frett,1611661313,NYL,33,11.0,3.0,1.2,0.5,0.175,0.509,0.054,
WNBA,2005,100883,LaToya Thomas,1611661319,SAN,21,24.1,8.8,3.2,1.0,0.21,0.507,0.094,
WNBA,2005,100987,Laura Macchi,1611661320,LAS,13,11.4,4.8,1.4,0.5,0.231,0.521,0.069,
WNBA,2005,101012,Laura Summerton,1611661323,CON,11,3.8,0.9,0.9,0.3,0.163,0.446,0.008,
WNBA,2005,100682,Lauren Jackson,1611661328,SEA,34,34.6,17.6,9.2,1.7,0.232,0.564,0.189,
WNBA,2005,101084,Laurie Koehn,1611661322,WAS,30,7.6,3.8,0.4,0.3,0.181,0.696,0.136,
WNBA,2005,100973,Le'coe Willingham,1611661323,CON,18,5.0,1.3,0.9,0.2,0.213,0.465,-0.078,
WNBA,2005,100915,Lindsay Whalen,1611661323,CON,34,30.8,12.1,3.8,5.1,0.203,0.573,0.132,
WNBA,2005,100378,Lisa Harrison,1611661317,PHO,27,11.0,1.5,1.4,0.4,0.084,0.51,0.034,
WNBA,2005,100003,Lisa Leslie,1611661320,LAS,34,32.2,15.2,7.3,2.6,0.278,0.478,0.144,
WNBA,2005,101028,Loree Moore,1611661313,NYL,24,7.7,0.8,1.0,0.7,0.132,0.401,0.053,
WNBA,2005,100527,Mactabene Amachree,1611661322,WAS,3,0.9,0.7,0.0,0.0,0.2,0.532,0.087,
WNBA,2005,100967,Mandisa Stevenson,1611661328,SEA,4,13.3,1.5,1.5,0.3,0.131,0.25,-0.028,
WNBA,2005,100239,Margo Dydek,1611661323,CON,31,21.7,7.3,6.3,1.2,0.17,0.59,0.162,
WNBA,2005,100227,Maria Stepanova,1611661317,PHO,15,27.5,10.8,5.3,1.5,0.216,0.501,0.148,
WNBA,2005,100685,Marie Ferdinand-Harris,1611661319,SAN,31,32.1,12.5,3.7,2.2,0.241,0.465,0.088,
WNBA,2005,101004,Marlous Nieuwveen,1611661320,LAS,7,2.2,0.6,0.3,0.0,0.119,0.667,-0.087,
WNBA,2005,101000,Miao Li jie,1611661318,SAC,18,7.4,1.7,0.2,0.7,0.164,0.469,0.018,
WNBA,2005,100729,Michelle Snow,1611661316,HOU,33,29.2,12.0,6.8,1.2,0.209,0.594,0.138,
WNBA,2005,100199,Murriel Page,1611661322,WAS,34,17.3,3.2,2.4,0.7,0.128,0.441,0.06,
WNBA,2005,100012,Mwadi Mabika,1611661320,LAS,17,21.7,5.8,1.6,1.7,0.19,0.378,0.02,
WNBA,2005,100556,Nakia Sanford,1611661322,WAS,27,10.8,3.3,1.7,0.2,0.181,0.504,0.032,
WNBA,2005,101062,Natalia Vodopyanova,1611661328,SEA,17,5.8,1.5,1.2,0.6,0.165,0.458,0.1,
WNBA,2005,100366,Natalie Williams,1611661325,IND,34,23.6,7.4,5.5,0.9,0.213,0.452,0.086,
WNBA,2005,100932,Nicole Ohlde,1611661324,MIN,34,30.4,11.2,5.7,2.3,0.209,0.539,0.122,
WNBA,2005,100919,Nicole Powell,1611661318,SAC,34,29.0,10.7,3.6,1.8,0.192,0.522,0.115,
WNBA,2005,100650,Niele Ivey,1611661317,PHO,26,9.8,1.5,0.8,1.2,0.107,0.379,0.047,
WNBA,2005,100198,Nikki McCray,1611661319,SAN,23,13.1,1.7,0.9,0.7,0.145,0.284,-0.024,
WNBA,2005,100724,Nikki Teasley,1611661320,LAS,19,29.1,7.4,2.8,3.7,0.162,0.481,0.082,
WNBA,2005,100945,Nuria Martinez,1611661324,MIN,1,2.2,0.0,0.0,0.0,0.25,0.0,-1.0,
WNBA,2005,100415,Nykesha Sales,1611661323,CON,34,31.6,15.6,3.6,2.2,0.261,0.502,0.11,
WNBA,2005,100243,Olympia Scott,1611661318,SAC,18,9.5,2.1,1.8,0.3,0.188,0.397,-0.043,
WNBA,2005,100634,Penny Taylor,1611661317,PHO,29,29.4,13.2,4.1,3.2,0.217,0.61,0.153,
WNBA,2005,100888,Plenette Pierson,1611661321,DET,35,21.8,7.7,3.5,1.0,0.225,0.472,0.064,
WNBA,2005,100988,Raffaella Masciadri,1611661320,LAS,33,13.9,3.7,1.4,0.7,0.139,0.541,0.064,
WNBA,2005,100944,Rebekkah Brunson,1611661318,SAC,34,21.4,7.8,5.5,0.5,0.216,0.463,0.14,
WNBA,2005,101033,Roneeka Hodges,1611661316,HOU,26,7.0,1.3,0.7,0.3,0.135,0.345,0.025,
WNBA,2005,100656,Ruth Riley,1611661321,DET,33,26.1,7.6,4.7,1.2,0.194,0.428,0.06,
WNBA,2005,101023,Sancho Lyttle,1611661316,HOU,33,13.9,4.2,3.8,0.5,0.154,0.59,0.165,
WNBA,2005,101021,Sandora Irvin,1611661317,PHO,12,10.1,3.7,2.8,0.4,0.185,0.435,0.087,
WNBA,2005,100937,Shameka Christon,1611661313,NYL,34,23.8,9.1,2.7,1.2,0.233,0.512,0.087,
WNBA,2005,100410,Shannon Johnson,1611661319,SAN,34,32.5,9.3,2.7,4.6,0.189,0.529,0.097,
WNBA,2005,100726,Sheila Lambert,1611661321,DET,12,12.6,2.8,1.4,1.8,0.213,0.35,0.041,
WNBA,2005,100923,Shereka Wright,1611661317,PHO,25,13.9,3.8,2.0,0.9,0.151,0.574,0.104,
WNBA,2005,100416,Sheri Sam,1611661314,CHA,34,31.6,11.4,4.3,2.7,0.242,0.456,0.086,
WNBA,2005,100072,Sheryl Swoopes,1611661316,HOU,33,37.1,18.6,3.6,4.3,0.265,0.543,0.181,
WNBA,2005,101032,Shyra Ely-Gash,1611661319,SAN,31,17.0,4.5,2.0,0.9,0.176,0.466,0.056,
WNBA,2005,100111,Simone Edwards,1611661328,SEA,28,7.1,2.0,1.1,0.1,0.116,0.594,0.102,
WNBA,2005,100470,Stacey Lovelace,1611661324,MIN,34,17.4,6.1,3.1,0.9,0.189,0.531,0.124,
WNBA,2005,100532,Stacey Thomas,1611661324,MIN,18,7.4,0.7,1.2,0.4,0.087,0.263,0.014,
WNBA,2005,100720,Sue Bird,1611661328,SEA,30,33.9,12.1,2.4,5.9,0.186,0.561,0.125,
WNBA,2005,100998,Sui Fei Fei,1611661318,SAC,5,5.0,1.4,0.2,0.6,0.189,0.451,0.033,
WNBA,2005,101078,Susan King-Borchardt,1611661324,MIN,3,5.3,1.0,0.3,0.3,0.097,0.543,0.12,
WNBA,2005,100878,Suzy Batkovic-Brown,1611661328,SEA,29,16.0,6.9,3.2,0.9,0.235,0.499,0.096,
WNBA,2005,100658,Svetlana Abrosimova,1611661324,MIN,31,25.2,9.8,3.5,1.9,0.241,0.493,0.085,
WNBA,2005,100721,Swin Cash,1611661321,DET,21,21.7,5.7,4.2,2.0,0.182,0.425,0.079,
WNBA,2005,100866,Tai Dillard,1611661319,SAN,10,5.0,0.9,0.6,0.3,0.204,0.253,-0.025,
WNBA,2005,100412,Taj McWilliams-Franklin,1611661323,CON,34,31.8,13.9,7.3,1.9,0.215,0.556,0.161,
WNBA,2005,100734,Tamara Moore,1611661313,NYL,7,7.1,1.6,1.0,0.9,0.112,0.799,0.178,
WNBA,2005,100008,Tamecka Dixon,1611661320,LAS,30,20.3,5.3,2.2,2.6,0.163,0.466,0.072,
WNBA,2005,100496,Tamicha Jackson,1611661322,WAS,8,8.2,1.1,0.8,1.3,0.244,0.167,-0.032,
WNBA,2005,100646,Tamika Catchings,1611661325,IND,34,34.5,14.7,7.8,4.2,0.254,0.506,0.214,
WNBA,2005,100725,Tamika Raymond,1611661324,MIN,34,22.4,5.8,5.0,1.1,0.141,0.559,0.127,
WNBA,2005,100347,Tamika Whitmore,1611661320,LAS,34,27.1,9.6,4.2,1.2,0.188,0.525,0.089,
WNBA,2005,100628,Tammy Sutton-Brown,1611661314,CHA,34,26.1,9.4,5.3,0.4,0.194,0.568,0.093,
WNBA,2005,101020,Tan White,1611661325,IND,34,20.3,7.1,1.6,1.6,0.251,0.433,0.046,
WNBA,2005,100236,Tangela Smith,1611661314,CHA,31,34.3,13.6,5.2,1.3,0.255,0.467,0.103,
WNBA,2005,101030,Tanisha Wright,1611661328,SEA,34,15.5,3.6,1.7,1.6,0.146,0.501,0.058,
WNBA,2005,100413,Tari Phillips,1611661316,HOU,32,11.5,3.5,2.5,0.4,0.193,0.482,0.062,
WNBA,2005,100851,Teana Miller,1611661314,CHA,31,11.5,3.6,2.1,0.2,0.183,0.529,0.062,
WNBA,2005,101024,Temeka Johnson,1611661322,WAS,34,28.7,9.3,3.1,5.2,0.205,0.521,0.119,
WNBA,2005,100234,Ticha Penicheiro,1611661318,SAC,34,27.3,5.7,2.9,4.4,0.145,0.451,0.113,
WNBA,2005,100076,Tina Thompson,1611661316,HOU,15,29.3,10.1,3.8,1.5,0.224,0.477,0.075,
WNBA,2005,100284,Tully Bevilaqua,1611661325,IND,31,28.3,6.3,2.0,2.6,0.134,0.535,0.087,
WNBA,2005,100643,Tynesha Lewis,1611661324,MIN,21,12.3,3.6,1.2,1.0,0.23,0.379,0.042,
WNBA,2005,100933,Vanessa Hayden,1611661324,MIN,31,19.3,7.9,5.3,0.7,0.267,0.456,0.091,
WNBA,2005,100103,Vickie Johnson,1611661313,NYL,34,30.1,10.4,3.5,2.7,0.18,0.571,0.122,
WNBA,2005,100046,Wendy Palmer,1611661319,SAN,34,26.0,9.6,5.7,1.0,0.177,0.598,0.141,
WNBA,2005,100419,Yolanda Griffith,1611661318,SAC,34,28.4,13.8,6.6,1.5,0.249,0.541,0.19,
WNBA,2005,101034,Yolanda Paige,1611661325,IND,13,6.1,1.2,0.7,1.0,0.169,0.328,0.135,
WNBA,2006,100526,Adrian Williams-Strong,1611661324,MIN,32,15.2,4.9,4.7,0.3,0.162,0.478,0.107,
WNBA,2006,100912,Agnieszka Bibrzycka,1611661319,SAN,32,23.5,11.3,2.1,1.5,0.221,0.54,0.104,
WNBA,2006,100949,Alana Beard,1611661322,WAS,32,31.3,19.2,4.7,3.1,0.279,0.574,0.172,
WNBA,2006,100170,Allison Feaster,1611661314,CHA,32,9.7,1.7,0.6,0.7,0.135,0.336,0.017,
WNBA,2006,100642,Amanda Lassiter,1611661329,CHI,32,24.4,8.0,2.8,2.0,0.184,0.48,0.06,
WNBA,2006,100935,Amber Jacobs,1611661324,MIN,34,25.3,8.2,2.6,3.4,0.169,0.583,0.084,
WNBA,2006,200687,Ambrosia Anderson,1611661313,NYL,4,2.4,0.0,1.0,0.0,0.087,0.0,0.085,
WNBA,2006,100786,Anastasia Kostaki,1611661316,HOU,32,8.2,2.1,0.8,0.6,0.191,0.463,-0.031,
WNBA,2006,101036,Angelina Williams,1611661321,DET,21,6.2,2.0,0.6,0.6,0.201,0.406,0.046,
WNBA,2006,200685,Ann Strother,1611661317,PHO,8,4.9,2.0,0.6,0.3,0.132,0.571,0.091,
WNBA,2006,100493,Anna DeForge,1611661325,IND,34,29.3,10.2,4.3,2.2,0.18,0.509,0.116,
WNBA,2006,101047,Ashley Battle,1611661313,NYL,32,14.0,4.4,1.9,0.9,0.185,0.473,0.089,
WNBA,2006,100942,Ashley Robinson,1611661328,SEA,29,11.2,1.4,2.7,0.4,0.116,0.344,0.014,
WNBA,2006,100723,Asjha Jones,1611661323,CON,34,23.0,11.1,5.4,1.4,0.244,0.511,0.129,
WNBA,2006,100387,Astou Ndiaye-Diatta,1611661316,HOU,11,11.5,3.2,2.7,0.7,0.167,0.465,0.065,
WNBA,2006,100740,Ayana Walker,1611661314,CHA,25,7.3,1.8,1.2,0.1,0.119,0.497,0.064,
WNBA,2006,100494,Barbara Farris,1611661313,NYL,33,27.8,7.6,5.0,1.5,0.159,0.497,0.067,
WNBA,2006,200681,Barbara Turner,1611661328,SEA,34,18.3,6.4,2.5,1.4,0.166,0.56,0.098,
WNBA,2006,100342,Becky Hammon,1611661313,NYL,21,30.4,14.2,3.0,3.7,0.234,0.565,0.137,
WNBA,2006,100696,Belinda Snell,1611661317,PHO,29,8.5,3.4,1.3,0.7,0.183,0.53,0.1,
WNBA,2006,100807,Bernadette Ngoyisa,1611661329,CHI,30,20.9,10.1,5.7,0.9,0.248,0.551,0.105,
WNBA,2006,100484,Betty Lennox,1611661328,SEA,34,26.1,13.7,4.0,2.1,0.275,0.512,0.107,
WNBA,2006,200725,Brandi Davis,1611661320,LAS,14,8.3,2.9,0.9,0.6,0.218,0.357,0.023,
WNBA,2006,100031,Bridget Pettis,1611661317,PHO,11,6.1,1.3,0.8,0.9,0.13,0.323,0.023,
WNBA,2006,200720,Brittany Wilkins,1611661318,SAC,4,3.6,1.5,0.0,0.3,0.209,0.429,-0.066,
WNBA,2006,200693,Brooke Queenan,1611661323,CON,4,2.4,0.5,0.0,0.0,0.136,0.532,0.0,
WNBA,2006,100667,Brooke Wyckoff,1611661329,CHI,15,22.9,3.3,2.7,2.2,0.112,0.355,0.036,
WNBA,2006,200676,Candice Dupree,1611661329,CHI,34,30.4,13.7,5.5,1.8,0.228,0.507,0.127,
WNBA,2006,200665,Cappie Pondexter,1611661317,PHO,31,33.3,19.4,3.3,3.1,0.244,0.552,0.119,
WNBA,2006,101049,Cathrine Kraayeveld,1611661313,NYL,33,26.5,8.7,4.7,0.9,0.168,0.56,0.094,
WNBA,2006,100356,Chamique Holdsclaw,1611661320,LAS,25,29.6,15.0,6.1,2.2,0.244,0.531,0.155,
WNBA,2006,100941,Chandi Jones,1611661324,MIN,6,6.3,2.8,0.8,0.5,0.153,0.79,0.116,
WNBA,2006,100873,Chantelle Anderson,1611661319,SAN,23,18.0,6.7,3.7,0.7,0.177,0.58,0.083,
WNBA,2006,100371,Charlotte Smith,1611661325,IND,18,9.6,1.9,1.3,0.4,0.142,0.429,0.009,
WNBA,2006,100433,Chasity Melvin,1611661322,WAS,34,29.5,11.9,6.6,1.3,0.19,0.562,0.113,
WNBA,2006,101040,Chelsea Newton,1611661329,CHI,27,24.0,6.5,2.6,2.1,0.163,0.463,0.063,
WNBA,2006,100843,Cheryl Ford,1611661321,DET,32,28.7,13.8,11.3,1.4,0.219,0.55,0.208,
WNBA,2006,200707,Christelle N'Garsanet,1611661313,NYL,15,6.1,1.8,1.2,0.3,0.208,0.338,-0.012,
WNBA,2006,100930,Christi Thomas,1611661320,LAS,27,20.2,6.1,5.3,1.0,0.157,0.534,0.093,
WNBA,2006,101057,Cisti Greenwalt,1611661328,SEA,5,4.6,0.4,1.6,0.0,0.176,0.114,-0.474,
WNBA,2006,100690,Coco Miller,1611661322,WAS,34,19.3,6.1,2.7,1.7,0.153,0.561,0.096,
WNBA,2006,100848,Coretta Brown,1611661329,CHI,15,16.8,3.2,1.5,1.7,0.144,0.384,0.043,
WNBA,2006,100345,Crystal Robinson,1611661322,WAS,27,26.8,7.4,2.6,1.8,0.138,0.503,0.057,
WNBA,2006,200702,Crystal Smith,1611661317,PHO,21,9.1,2.9,1.0,1.0,0.153,0.574,0.094,
WNBA,2006,100712,Dalivorka Vilipic,1611661320,LAS,2,5.6,0.0,1.0,0.0,0.103,0.0,-0.086,
WNBA,2006,100364,Dalma Ivanyi,1611661319,SAN,31,10.4,1.4,1.3,1.6,0.106,0.358,0.049,
WNBA,2006,100372,Dawn Staley,1611661316,HOU,34,30.1,7.4,2.2,3.9,0.132,0.579,0.091,
WNBA,2006,100396,DeLisha Milton-Jones,1611661322,WAS,23,29.4,14.6,4.9,2.1,0.235,0.572,0.122,
WNBA,2006,100533,DeMya Walker,1611661318,SAC,23,18.9,9.3,4.0,1.4,0.25,0.489,0.118,
WNBA,2006,100727,Deanna Jackson,1611661329,CHI,22,15.0,6.0,3.0,0.6,0.226,0.451,0.065,
WNBA,2006,100639,Deanna Nolan,1611661321,DET,34,32.1,13.8,4.5,3.6,0.224,0.499,0.138,
WNBA,2006,100940,Diana Taurasi,1611661317,PHO,33,33.7,25.0,3.4,4.1,0.309,0.576,0.152,
WNBA,2006,100384,Dominique Canty,1611661316,HOU,15,28.7,10.9,3.5,2.9,0.187,0.59,0.127,
WNBA,2006,100931,Doneeka Lewis,1611661320,LAS,34,13.4,3.9,1.2,1.9,0.186,0.425,0.068,
WNBA,2006,100928,Ebony Hoffman,1611661325,IND,34,25.1,6.4,5.7,1.4,0.167,0.456,0.078,
WNBA,2006,101018,Edwige Lawson-Wade,1611661328,SEA,26,8.1,1.7,0.8,1.1,0.14,0.451,0.072,
WNBA,2006,100492,Edwina Brown,1611661316,HOU,4,7.1,1.0,1.0,0.3,0.105,0.34,0.031,
WNBA,2006,100414,Elaine Powell,1611661321,DET,25,14.8,3.3,1.5,2.1,0.149,0.448,0.061,
WNBA,2006,200648,Emilie Gomis,1611661313,NYL,2,7.5,1.5,0.0,0.0,0.2,0.26,-0.227,
WNBA,2006,200670,Emmeline Ndongue,1611661320,LAS,17,6.3,1.2,1.5,0.2,0.141,0.306,-0.016,
WNBA,2006,100659,Erin Perperoglou,1611661318,SAC,34,19.6,9.7,3.9,1.0,0.217,0.601,0.149,
WNBA,2006,101039,Erin Phillips,1611661323,CON,34,18.1,5.4,2.1,2.4,0.147,0.545,0.113,
WNBA,2006,100835,Erin Thorn,1611661313,NYL,26,13.6,6.0,1.4,1.2,0.207,0.573,0.121,
WNBA,2006,100731,Hamchetou Maiga-Ba,1611661318,SAC,34,15.7,5.2,2.1,0.9,0.179,0.494,0.055,
WNBA,2006,100457,Helen Darling,1611661314,CHA,29,21.2,5.4,2.0,2.8,0.168,0.487,0.056,
WNBA,2006,100922,Iciss Tillis,1611661313,NYL,25,10.2,3.4,2.2,0.4,0.21,0.436,0.038,
WNBA,2006,100997,Irina Osipova,1611661321,DET,2,5.8,1.0,0.5,0.0,0.077,1.136,0.017,
WNBA,2006,100796,Iziane Castro Marques,1611661328,SEA,34,19.3,7.2,2.1,1.4,0.181,0.559,0.079,
WNBA,2006,101035,Jacqueline Batteast,1611661321,DET,26,6.6,1.3,1.0,0.3,0.136,0.303,-0.013,
WNBA,2006,100626,Jae Kingi-Cross,1611661319,SAN,18,6.4,1.4,0.6,0.6,0.105,0.569,0.077,
WNBA,2006,101053,Jamie Carey,1611661323,CON,24,12.0,2.6,0.7,1.3,0.121,0.523,0.049,
WNBA,2006,101019,Janel McCarville,1611661314,CHA,30,14.1,4.5,3.5,0.8,0.166,0.495,0.115,
WNBA,2006,100660,Janell Burse,1611661328,SEA,27,27.4,11.1,6.6,0.8,0.194,0.558,0.107,
WNBA,2006,100975,Jennifer Derevjanik,1611661317,PHO,30,15.5,3.2,1.9,2.3,0.104,0.555,0.09,
WNBA,2006,101080,Jennifer Lacy,1611661317,PHO,32,15.4,5.0,3.2,0.4,0.164,0.531,0.029,
WNBA,2006,100916,Jessica Brungo,1611661323,CON,4,1.8,0.0,0.0,0.0,0.067,0.0,-0.071,
WNBA,2006,101042,Jessica Moore,1611661320,LAS,34,19.4,4.3,2.9,0.7,0.12,0.481,0.05,
WNBA,2006,100952,Jia Perkins,1611661329,CHI,30,28.0,9.4,3.6,3.2,0.205,0.429,0.082,
WNBA,2006,100834,K.B. Sharp,1611661325,IND,23,6.7,1.0,0.4,1.0,0.122,0.303,0.065,
WNBA,2006,100950,Kaayla Chones,1611661328,SEA,3,4.6,0.0,0.0,0.0,0.075,0.0,-1.75,
WNBA,2006,100544,Kamila Vodichkova,1611661317,PHO,27,26.2,9.6,6.7,1.4,0.196,0.491,0.1,
WNBA,2006,101025,Kara Braxton,1611661321,DET,34,10.6,4.3,3.4,0.8,0.246,0.445,0.056,
WNBA,2006,100874,Kara Lawson,1611661318,SAC,34,22.0,8.1,1.9,1.6,0.175,0.534,0.104,
WNBA,2006,200696,Kasha Terry,1611661325,IND,10,5.4,2.3,1.4,0.0,0.228,0.542,0.016,
WNBA,2006,100665,Katie Cronin,1611661329,CHI,11,12.1,2.2,1.1,0.2,0.145,0.363,-0.04,
WNBA,2006,100666,Katie Douglas,1611661323,CON,32,31.6,16.4,3.8,2.5,0.23,0.579,0.139,
WNBA,2006,101026,Katie Mattera,1611661319,SAN,34,18.6,7.8,6.1,0.4,0.219,0.509,0.083,
WNBA,2006,100404,Katie Smith,1611661321,DET,34,33.5,11.7,2.7,3.3,0.16,0.574,0.11,
WNBA,2006,100759,Kayte Christensen,1611661317,PHO,17,8.2,1.2,1.9,0.4,0.122,0.442,-0.019,
WNBA,2006,100421,Kedra Holland-Corn,1611661321,DET,34,11.8,4.1,1.2,1.3,0.195,0.47,0.088,
WNBA,2006,100920,Kelly Mazzante,1611661314,CHA,34,21.2,8.9,2.9,1.9,0.197,0.518,0.138,
WNBA,2006,100627,Kelly Miller,1611661317,PHO,26,29.8,10.9,5.2,3.5,0.189,0.524,0.096,
WNBA,2006,100648,Kelly Schumacher,1611661313,NYL,20,25.1,7.6,5.3,1.1,0.177,0.484,0.07,
WNBA,2006,101022,Kendra Wecker,1611661319,SAN,34,17.1,5.6,2.5,1.4,0.193,0.421,0.064,
WNBA,2006,100651,Kiesha Brown,1611661313,NYL,16,3.6,1.3,0.5,0.6,0.19,0.425,0.083,
WNBA,2006,200683,Kim Smith,1611661318,SAC,31,10.1,2.4,1.3,0.6,0.146,0.421,0.029,
WNBA,2006,101029,Kristen Mann,1611661324,MIN,33,27.1,7.4,3.4,2.8,0.151,0.484,0.073,
WNBA,2006,100552,Kristen Rasmussen,1611661317,PHO,33,26.6,4.4,6.2,2.1,0.08,0.55,0.08,
WNBA,2006,101027,Kristin Haynie,1611661318,SAC,34,13.9,4.1,2.0,2.0,0.178,0.432,0.091,
WNBA,2006,200679,La'Tangela Atkinson,1611661325,IND,33,12.6,3.0,2.3,0.7,0.145,0.48,0.071,
WNBA,2006,200697,LaToya Bond,1611661314,CHA,34,17.9,5.7,1.4,2.1,0.193,0.503,0.05,
WNBA,2006,100883,LaToya Thomas,1611661319,SAN,19,19.4,8.3,4.3,1.2,0.215,0.523,0.105,
WNBA,2006,100027,Latasha Byears,1611661322,WAS,26,12.8,4.3,3.3,0.4,0.195,0.484,0.061,
WNBA,2006,101012,Laura Summerton,1611661323,CON,33,11.0,2.5,1.1,0.6,0.131,0.483,0.027,
WNBA,2006,100682,Lauren Jackson,1611661328,SEA,30,28.4,19.4,7.6,1.6,0.246,0.659,0.234,
WNBA,2006,101084,Laurie Koehn,1611661322,WAS,32,4.7,2.2,0.4,0.3,0.133,0.743,0.106,
WNBA,2006,100973,Le'coe Willingham,1611661323,CON,29,7.3,2.2,1.9,0.6,0.158,0.536,0.103,
WNBA,2006,100746,Linda Frohlich,1611661325,IND,20,8.4,3.3,1.8,0.5,0.208,0.461,0.056,
WNBA,2006,100915,Lindsay Whalen,1611661323,CON,33,26.2,9.0,3.7,4.6,0.183,0.528,0.123,
WNBA,2006,100003,Lisa Leslie,1611661320,LAS,34,31.0,20.0,9.5,3.2,0.315,0.557,0.201,
WNBA,2006,200675,Lisa Willis,1611661320,LAS,24,13.3,4.6,1.8,0.4,0.164,0.53,0.089,
WNBA,2006,200688,Liz Moeggenberg,1611661329,CHI,27,10.1,2.1,1.7,0.6,0.146,0.381,0.054,
WNBA,2006,101028,Loree Moore,1611661313,NYL,33,27.8,6.1,4.2,3.5,0.145,0.458,0.099,
WNBA,2006,100967,Mandisa Stevenson,1611661317,PHO,2,9.1,1.5,1.0,0.0,0.146,0.3,-0.058,
WNBA,2006,100239,Margo Dydek,1611661323,CON,34,22.1,9.4,6.1,1.2,0.2,0.552,0.154,
WNBA,2006,200701,Megan Duffy,1611661324,MIN,31,12.5,3.4,0.9,1.2,0.149,0.481,0.044,
WNBA,2006,101056,Megan Mahoney,1611661323,CON,31,11.4,2.5,2.1,0.8,0.145,0.407,0.043,
WNBA,2006,100729,Michelle Snow,1611661316,HOU,34,29.2,13.0,7.9,1.4,0.228,0.545,0.143,
WNBA,2006,200691,Mistie Bass,1611661316,HOU,27,10.1,2.9,2.4,0.6,0.144,0.5,0.1,
WNBA,2006,200673,Monique Currie,1611661314,CHA,34,25.0,10.0,3.9,2.6,0.208,0.494,0.099,
WNBA,2006,100199,Murriel Page,1611661320,LAS,34,20.4,4.9,3.6,1.0,0.121,0.521,0.088,
WNBA,2006,100012,Mwadi Mabika,1611661320,LAS,32,21.3,8.5,2.0,1.5,0.202,0.501,0.071,
WNBA,2006,100556,Nakia Sanford,1611661322,WAS,34,26.1,8.9,6.0,1.1,0.168,0.555,0.09,
WNBA,2006,100932,Nicole Ohlde,1611661324,MIN,34,25.6,9.6,5.6,1.6,0.204,0.507,0.083,
WNBA,2006,100919,Nicole Powell,1611661318,SAC,34,26.2,9.6,3.9,1.8,0.189,0.495,0.113,
WNBA,2006,200689,Nikki Blue,1611661322,WAS,24,7.6,2.3,0.8,1.5,0.191,0.399,0.071,
WNBA,2006,100198,Nikki McCray,1611661329,CHI,11,7.5,2.0,0.5,0.5,0.196,0.439,0.028,
WNBA,2006,100724,Nikki Teasley,1611661322,WAS,34,28.8,10.7,2.6,5.4,0.198,0.508,0.11,
WNBA,2006,100415,Nykesha Sales,1611661323,CON,22,28.0,13.0,3.7,2.7,0.22,0.518,0.127,
WNBA,2006,100243,Olympia Scott,1611661325,IND,21,7.4,2.4,1.6,0.3,0.208,0.442,0.046,
WNBA,2006,100634,Penny Taylor,1611661317,PHO,19,26.8,14.2,5.6,2.5,0.223,0.558,0.141,
WNBA,2006,100888,Plenette Pierson,1611661321,DET,34,16.7,6.5,3.9,0.7,0.186,0.511,0.121,
WNBA,2006,100944,Rebekkah Brunson,1611661318,SAC,34,17.7,6.8,5.6,0.5,0.198,0.489,0.127,
WNBA,2006,101033,Roneeka Hodges,1611661316,HOU,33,21.1,7.5,2.0,1.0,0.175,0.527,0.082,
WNBA,2006,100656,Ruth Riley,1611661321,DET,34,25.8,7.3,4.9,1.5,0.16,0.479,0.089,
WNBA,2006,200740,Sabrina Palie,1611661321,DET,11,4.5,1.1,0.4,0.5,0.257,0.24,-0.232,
WNBA,2006,101023,Sancho Lyttle,1611661316,HOU,29,13.1,3.7,3.9,0.3,0.145,0.502,0.125,
WNBA,2006,101021,Sandora Irvin,1611661317,PHO,7,5.5,1.0,1.4,0.1,0.182,0.23,0.042,
WNBA,2006,200684,Scholanda Dorrell,1611661318,SAC,33,15.1,5.2,1.1,0.5,0.194,0.471,0.053,
WNBA,2006,200671,Seimone Augustus,1611661324,MIN,34,33.1,21.9,3.8,1.5,0.3,0.537,0.144,
WNBA,2006,100937,Shameka Christon,1611661313,NYL,33,29.5,12.7,3.5,1.3,0.225,0.529,0.082,
WNBA,2006,200686,Shanna Zolman,1611661319,SAN,34,16.2,6.6,1.2,1.0,0.211,0.498,0.07,
WNBA,2006,100410,Shannon Johnson,1611661319,SAN,32,27.4,9.9,3.0,3.7,0.188,0.532,0.109,
WNBA,2006,100728,Shaunzinski Gortman,1611661328,SEA,20,13.2,2.8,2.4,0.9,0.151,0.445,0.057,
WNBA,2006,100416,Sheri Sam,1611661314,CHA,34,29.1,10.6,5.1,2.6,0.199,0.463,0.11,
WNBA,2006,200682,Sherill Baker,1611661313,NYL,33,17.9,7.4,1.6,1.1,0.235,0.457,0.066,
WNBA,2006,100072,Sheryl Swoopes,1611661316,HOU,31,35.8,15.5,5.9,3.7,0.234,0.49,0.157,
WNBA,2006,200677,Shona Thorburn,1611661324,MIN,22,6.5,0.7,0.8,0.9,0.135,0.262,0.016,
WNBA,2006,101032,Shyra Ely-Gash,1611661319,SAN,12,11.2,3.4,2.6,0.8,0.222,0.37,0.023,
WNBA,2006,200674,Sophia Young-Malcolm,1611661319,SAN,34,31.1,12.0,7.6,1.5,0.199,0.474,0.128,
WNBA,2006,100722,Stacey Dales,1611661329,CHI,23,19.7,7.0,1.2,1.7,0.195,0.481,0.043,
WNBA,2006,100470,Stacey Lovelace,1611661329,CHI,34,18.5,7.4,4.0,0.6,0.215,0.499,0.098,
WNBA,2006,100720,Sue Bird,1611661328,SEA,34,31.4,11.4,3.0,4.8,0.186,0.536,0.12,
WNBA,2006,100658,Svetlana Abrosimova,1611661324,MIN,34,21.2,7.7,3.1,1.6,0.196,0.49,0.076,
WNBA,2006,100721,Swin Cash,1611661321,DET,34,29.2,10.5,4.9,3.1,0.209,0.464,0.094,
WNBA,2006,100412,Taj McWilliams-Franklin,1611661323,CON,32,31.2,12.8,9.6,2.5,0.202,0.543,0.156,
WNBA,2006,200678,Tamara James,1611661322,WAS,21,7.4,2.7,0.8,0.1,0.185,0.501,0.052,
WNBA,2006,100734,Tamara Moore,1611661320,LAS,34,18.9,6.1,2.1,1.9,0.149,0.592,0.114,
WNBA,2006,100008,Tamecka Dixon,1611661316,HOU,23,25.7,7.0,2.6,2.3,0.191,0.442,0.036,
WNBA,2006,100496,Tamicha Jackson,1611661317,PHO,3,17.9,8.0,1.3,2.3,0.254,0.392,0.052,
WNBA,2006,100646,Tamika Catchings,1611661325,IND,32,33.4,16.2,7.5,3.7,0.241,0.533,0.213,
WNBA,2006,100725,Tamika Raymond,1611661324,MIN,31,21.7,4.7,5.6,0.7,0.132,0.451,0.074,
WNBA,2006,100347,Tamika Whitmore,1611661325,IND,34,31.1,15.5,4.9,1.8,0.253,0.532,0.134,
WNBA,2006,100628,Tammy Sutton-Brown,1611661314,CHA,30,26.7,11.2,5.9,0.7,0.207,0.54,0.107,
WNBA,2006,101020,Tan White,1611661325,IND,34,21.8,8.9,2.4,1.5,0.233,0.447,0.078,
WNBA,2006,100236,Tangela Smith,1611661314,CHA,34,28.6,13.1,5.3,1.5,0.233,0.487,0.118,
WNBA,2006,101030,Tanisha Wright,1611661328,SEA,33,15.4,3.8,1.8,1.2,0.164,0.447,0.033,
WNBA,2006,100413,Tari Phillips,1611661316,HOU,21,10.6,2.8,2.2,0.2,0.186,0.456,0.026,
WNBA,2006,101024,Temeka Johnson,1611661320,LAS,32,25.5,8.0,3.0,5.0,0.19,0.455,0.124,
WNBA,2006,100234,Ticha Penicheiro,1611661318,SAC,34,25.0,5.4,2.7,3.4,0.147,0.447,0.1,
WNBA,2006,100233,Tiffani Johnson,1611661328,SEA,32,19.9,4.7,3.9,0.5,0.137,0.459,0.066,
WNBA,2006,200699,Tiffany Stansbury,1611661320,LAS,4,5.5,1.5,1.8,0.5,0.204,0.375,0.059,
WNBA,2006,100076,Tina Thompson,1611661316,HOU,21,33.1,18.7,5.6,2.2,0.263,0.569,0.16,
WNBA,2006,100284,Tully Bevilaqua,1611661325,IND,34,29.7,6.6,2.3,2.3,0.119,0.535,0.084,
WNBA,2006,200680,Tye'sha Fluker,1611661314,CHA,31,10.3,2.5,2.1,0.3,0.16,0.385,0.016,
WNBA,2006,100643,Tynesha Lewis,1611661324,MIN,19,10.7,2.4,1.4,0.9,0.158,0.387,0.062,
WNBA,2006,100933,Vanessa Hayden,1611661324,MIN,33,12.9,5.4,3.5,0.6,0.252,0.447,0.029,
WNBA,2006,100103,Vickie Johnson,1611661319,SAN,34,29.5,9.9,4.9,3.6,0.183,0.473,0.11,
WNBA,2006,100046,Wendy Palmer,1611661328,SEA,5,23.9,9.4,7.6,0.6,0.184,0.568,0.108,
WNBA,2006,200715,Yelena Leuchanka,1611661314,CHA,4,9.5,3.0,1.3,0.8,0.131,0.51,0.073,
WNBA,2006,100419,Yolanda Griffith,1611661318,SAC,34,25.1,12.0,6.4,1.6,0.233,0.544,0.178,
WNBA,2006,200705,Zane Tamane,1611661322,WAS,16,6.4,1.8,1.7,0.1,0.124,0.539,0.071,
WNBA,2007,100526,Adrian Williams-Strong,1611661318,SAC,34,17.2,6.0,4.4,0.8,0.181,0.516,0.111,
WNBA,2007,100718,Adriana Moises Pinto,1611661317,PHO,4,7.8,1.8,1.8,0.8,0.184,0.595,0.049,
WNBA,2007,100949,Alana Beard,1611661322,WAS,33,35.4,18.8,4.2,3.0,0.261,0.514,0.142,
WNBA,2007,201054,Alison Bales,1611661325,IND,17,10.0,3.2,2.6,0.1,0.137,0.604,0.201,
WNBA,2007,100935,Amber Jacobs,1611661324,MIN,29,11.3,3.2,0.7,1.4,0.192,0.432,0.02,
WNBA,2007,201115,Amy Sanders,1611661321,DET,6,1.5,0.3,0.3,0.0,0.188,0.266,-0.233,
WNBA,2007,200685,Ann Strother,1611661325,IND,12,5.8,2.3,0.8,0.3,0.197,0.439,0.066,
WNBA,2007,100493,Anna DeForge,1611661325,IND,34,23.4,8.7,3.3,1.5,0.181,0.525,0.113,
WNBA,2007,201048,Armintie Herrington,1611661329,CHI,34,25.2,7.6,5.8,2.9,0.174,0.453,0.104,
WNBA,2007,101047,Ashley Battle,1611661313,NYL,34,22.3,7.4,3.7,1.6,0.19,0.467,0.106,
WNBA,2007,100942,Ashley Robinson,1611661328,SEA,33,12.4,1.5,3.0,0.4,0.105,0.345,0.037,
WNBA,2007,201053,Ashley Shields,1611661316,HOU,26,11.2,5.2,1.2,0.7,0.292,0.406,0.01,
WNBA,2007,100723,Asjha Jones,1611661323,CON,30,30.6,14.7,5.9,2.5,0.257,0.479,0.101,
WNBA,2007,100387,Astou Ndiaye-Diatta,1611661328,SEA,4,14.5,2.5,1.8,0.0,0.143,0.357,-0.018,
WNBA,2007,100740,Ayana Walker,1611661321,DET,2,21.6,3.5,3.0,0.5,0.137,0.421,-0.034,
WNBA,2007,100494,Barbara Farris,1611661313,NYL,28,8.5,1.9,1.5,0.5,0.156,0.407,0.031,
WNBA,2007,200681,Barbara Turner,1611661316,HOU,22,11.9,4.2,1.9,0.9,0.182,0.511,0.088,
WNBA,2007,100342,Becky Hammon,1611661319,SAN,28,33.3,18.8,2.8,5.0,0.273,0.59,0.149,
WNBA,2007,100696,Belinda Snell,1611661317,PHO,30,11.4,3.6,1.5,1.5,0.158,0.483,0.086,
WNBA,2007,201051,Bernice Mosby,1611661322,WAS,28,10.0,3.0,2.8,0.4,0.142,0.558,0.126,
WNBA,2007,100484,Betty Lennox,1611661328,SEA,34,27.5,13.4,4.7,2.7,0.236,0.547,0.121,
WNBA,2007,100667,Brooke Wyckoff,1611661329,CHI,33,15.3,3.0,3.2,1.4,0.101,0.552,0.083,
WNBA,2007,201067,Camille Smith,1611661319,SAN,34,20.9,3.9,4.5,0.7,0.122,0.444,0.065,
WNBA,2007,200676,Candice Dupree,1611661329,CHI,33,31.1,15.5,7.3,1.3,0.255,0.494,0.134,
WNBA,2007,200665,Cappie Pondexter,1611661317,PHO,31,31.2,17.2,3.6,4.0,0.252,0.524,0.121,
WNBA,2007,201055,Carla Thomas,1611661329,CHI,15,7.2,2.3,1.6,0.2,0.171,0.449,0.034,
WNBA,2007,101049,Cathrine Kraayeveld,1611661313,NYL,34,28.4,10.8,4.5,1.5,0.196,0.557,0.097,
WNBA,2007,100939,Cathy Joens,1611661329,CHI,19,14.3,5.0,1.7,1.7,0.155,0.561,0.125,
WNBA,2007,100356,Chamique Holdsclaw,1611661320,LAS,5,30.0,15.8,5.6,3.0,0.276,0.557,0.12,
WNBA,2007,100873,Chantelle Anderson,1611661319,SAN,11,7.8,2.5,1.8,0.3,0.151,0.554,0.09,
WNBA,2007,100433,Chasity Melvin,1611661329,CHI,32,27.8,9.8,6.3,1.2,0.185,0.519,0.099,
WNBA,2007,101040,Chelsea Newton,1611661318,SAC,34,19.6,6.0,1.8,1.3,0.168,0.466,0.034,
WNBA,2007,100843,Cheryl Ford,1611661321,DET,15,30.7,13.0,11.2,1.5,0.21,0.543,0.167,
WNBA,2007,100930,Christi Thomas,1611661320,LAS,34,18.8,8.4,5.3,0.5,0.209,0.536,0.103,
WNBA,2007,201095,Claire Coggins,1611661329,CHI,19,10.4,2.5,0.8,0.4,0.203,0.327,-0.059,
WNBA,2007,100690,Coco Miller,1611661322,WAS,30,15.2,4.0,1.6,0.8,0.143,0.488,0.061,
WNBA,2007,201087,Cori Chambers,1611661323,CON,1,0.9,0.0,0.0,0.0,0.5,0.0,-0.667,
WNBA,2007,100345,Crystal Robinson,1611661322,WAS,2,21.8,1.0,1.0,1.0,0.074,0.167,-0.013,
WNBA,2007,200702,Crystal Smith,1611661316,HOU,27,24.7,6.1,1.9,2.6,0.133,0.515,0.076,
WNBA,2007,100396,DeLisha Milton-Jones,1611661322,WAS,34,33.6,13.4,6.4,1.6,0.246,0.435,0.082,
WNBA,2007,100533,DeMya Walker,1611661318,SAC,5,20.9,8.8,5.0,1.2,0.264,0.457,0.094,
WNBA,2007,100639,Deanna Nolan,1611661321,DET,34,34.5,16.3,4.4,3.9,0.217,0.537,0.151,
WNBA,2007,201061,Dee Davis,1611661316,HOU,3,6.5,2.0,0.0,0.0,0.262,0.5,-0.135,
WNBA,2007,100940,Diana Taurasi,1611661317,PHO,32,32.0,19.2,4.2,4.3,0.244,0.585,0.133,
WNBA,2007,100384,Dominique Canty,1611661329,CHI,30,24.3,8.1,2.0,3.8,0.2,0.442,0.084,
WNBA,2007,100931,Doneeka Lewis,1611661328,SEA,7,4.7,1.4,0.3,0.9,0.26,0.36,0.028,
WNBA,2007,100928,Ebony Hoffman,1611661325,IND,34,17.1,4.2,4.0,0.8,0.14,0.504,0.11,
WNBA,2007,100414,Elaine Powell,1611661321,DET,32,10.0,1.9,1.1,1.4,0.12,0.474,0.059,
WNBA,2007,100812,Erika de Souza,1611661323,CON,32,12.2,4.3,3.0,0.4,0.181,0.534,0.086,
WNBA,2007,200709,Erin Grant,1611661316,HOU,17,12.4,1.5,1.1,2.2,0.079,0.456,0.064,
WNBA,2007,100659,Erin Perperoglou,1611661319,SAN,18,27.7,11.3,6.1,2.2,0.194,0.575,0.153,
WNBA,2007,100835,Erin Thorn,1611661313,NYL,29,30.4,9.7,3.0,2.5,0.157,0.54,0.094,
WNBA,2007,201140,Evanthia Maltsi,1611661323,CON,26,18.5,5.7,2.5,1.5,0.156,0.506,0.079,
WNBA,2007,201107,Gillian Goring,1611661322,WAS,21,7.4,2.6,2.0,0.1,0.159,0.498,0.104,
WNBA,2007,100731,Hamchetou Maiga-Ba,1611661316,HOU,34,28.8,8.8,4.0,2.1,0.159,0.506,0.088,
WNBA,2007,100457,Helen Darling,1611661319,SAN,33,20.7,4.1,2.1,3.1,0.127,0.495,0.078,
WNBA,2007,100922,Iciss Tillis,1611661320,LAS,11,3.1,0.4,0.7,0.1,0.213,0.25,-0.116,
WNBA,2007,201056,Ivory Latta,1611661321,DET,31,7.8,3.0,0.6,0.6,0.171,0.516,0.061,
WNBA,2007,100796,Iziane Castro Marques,1611661328,SEA,34,28.3,12.3,2.8,2.8,0.199,0.558,0.1,
WNBA,2007,101053,Jamie Carey,1611661323,CON,33,12.6,3.4,0.9,0.9,0.129,0.541,0.059,
WNBA,2007,101019,Janel McCarville,1611661313,NYL,32,21.1,10.4,4.8,1.1,0.243,0.591,0.156,
WNBA,2007,100660,Janell Burse,1611661328,SEA,29,24.4,8.8,5.3,0.8,0.194,0.505,0.063,
WNBA,2007,100975,Jennifer Derevjanik,1611661317,PHO,23,8.7,1.6,1.0,1.0,0.107,0.517,0.061,
WNBA,2007,101080,Jennifer Lacy,1611661317,PHO,20,4.7,1.8,1.0,0.1,0.208,0.474,-0.023,
WNBA,2007,201047,Jessica Davenport,1611661313,NYL,33,11.6,5.3,2.7,0.3,0.246,0.53,0.091,
WNBA,2007,101042,Jessica Moore,1611661320,LAS,28,15.4,4.4,3.1,0.6,0.175,0.444,0.034,
WNBA,2007,100952,Jia Perkins,1611661329,CHI,33,22.7,11.6,3.3,2.3,0.236,0.551,0.168,
WNBA,2007,100834,K.B. Sharp,1611661325,IND,34,13.4,3.2,0.9,1.4,0.132,0.497,0.1,
WNBA,2007,201057,Kamesha Hairston,1611661323,CON,17,8.3,1.7,1.8,0.4,0.163,0.32,0.0,
WNBA,2007,101025,Kara Braxton,1611661321,DET,31,16.8,6.4,5.2,0.5,0.217,0.48,0.073,
WNBA,2007,100874,Kara Lawson,1611661318,SAC,34,21.8,10.8,2.2,1.9,0.23,0.502,0.122,
WNBA,2007,200696,Kasha Terry,1611661325,IND,9,6.0,1.0,1.6,0.1,0.198,0.327,-0.235,
WNBA,2007,201085,Kathrin Ress,1611661324,MIN,28,12.4,3.0,2.5,0.6,0.148,0.468,0.002,
WNBA,2007,100666,Katie Douglas,1611661323,CON,34,32.6,16.8,4.6,3.6,0.241,0.538,0.136,
WNBA,2007,201052,Katie Gearlds,1611661328,SEA,33,13.3,4.0,1.6,0.7,0.145,0.528,0.085,
WNBA,2007,101026,Katie Mattera,1611661321,DET,34,13.9,5.2,4.9,0.2,0.173,0.573,0.135,
WNBA,2007,100404,Katie Smith,1611661321,DET,34,34.3,13.2,3.8,3.6,0.179,0.531,0.119,
WNBA,2007,100759,Kayte Christensen,1611661329,CHI,22,9.5,2.2,1.9,0.3,0.153,0.437,-0.029,
WNBA,2007,100920,Kelly Mazzante,1611661317,PHO,34,14.4,5.4,1.6,1.1,0.159,0.53,0.092,
WNBA,2007,100627,Kelly Miller,1611661317,PHO,34,30.6,9.4,4.9,4.6,0.145,0.581,0.097,
WNBA,2007,100648,Kelly Schumacher,1611661317,PHO,34,16.0,4.4,4.3,0.4,0.136,0.52,0.082,
WNBA,2007,101022,Kendra Wecker,1611661319,SAN,14,5.2,1.1,0.6,0.3,0.148,0.353,0.017,
WNBA,2007,100651,Kiesha Brown,1611661320,LAS,30,11.9,4.7,1.5,1.7,0.186,0.55,0.13,
WNBA,2007,200683,Kim Smith,1611661318,SAC,3,2.1,0.0,0.7,0.0,0.071,0.0,0.0,
WNBA,2007,101029,Kristen Mann,1611661324,MIN,34,25.9,7.6,3.6,1.3,0.145,0.474,0.065,
WNBA,2007,100552,Kristen Rasmussen,1611661323,CON,33,15.5,3.4,2.8,0.9,0.121,0.532,0.061,
WNBA,2007,101027,Kristin Haynie,1611661318,SAC,34,15.3,3.6,1.0,2.0,0.163,0.454,0.038,
WNBA,2007,200679,La'Tangela Atkinson,1611661318,SAC,27,8.0,2.1,1.5,0.5,0.168,0.545,0.088,
WNBA,2007,100883,LaToya Thomas,1611661320,LAS,27,17.3,7.3,2.2,1.1,0.197,0.528,0.076,
WNBA,2007,100027,Latasha Byears,1611661316,HOU,30,10.7,5.0,2.5,0.5,0.205,0.597,0.109,
WNBA,2007,100682,Lauren Jackson,1611661328,SEA,31,32.9,23.8,9.7,1.3,0.271,0.633,0.229,
WNBA,2007,101084,Laurie Koehn,1611661322,WAS,28,3.9,1.4,0.3,0.2,0.141,0.542,0.065,
WNBA,2007,100973,Le'coe Willingham,1611661323,CON,28,11.4,2.1,2.8,0.4,0.113,0.46,0.053,
WNBA,2007,100746,Linda Frohlich,1611661318,SAC,10,5.1,1.4,0.9,0.2,0.229,0.474,-0.046,
WNBA,2007,200714,Lindsay Bowen,1611661313,NYL,6,6.2,1.5,0.3,0.2,0.177,0.45,0.016,
WNBA,2007,100915,Lindsay Whalen,1611661323,CON,34,29.9,13.0,4.5,4.9,0.194,0.565,0.163,
WNBA,2007,201046,Lindsey Harding,1611661324,MIN,20,30.1,11.7,4.4,3.9,0.235,0.42,0.087,
WNBA,2007,200675,Lisa Willis,1611661313,NYL,24,10.6,3.3,1.5,0.5,0.207,0.458,0.036,
WNBA,2007,200688,Liz Moeggenberg,1611661329,CHI,23,9.1,1.6,1.3,0.3,0.11,0.428,0.025,
WNBA,2007,101028,Loree Moore,1611661313,NYL,34,34.2,9.6,4.1,4.8,0.164,0.52,0.1,
WNBA,2007,100239,Margo Dydek,1611661323,CON,32,19.6,6.5,6.4,0.9,0.173,0.521,0.132,
WNBA,2007,100685,Marie Ferdinand-Harris,1611661319,SAN,34,14.1,4.8,2.4,0.8,0.207,0.437,0.059,
WNBA,2007,201037,Marta Fernandez,1611661320,LAS,34,26.2,8.7,2.1,3.0,0.198,0.462,0.082,
WNBA,2007,201104,Martina Weber,1611661313,NYL,2,1.9,0.0,0.5,0.0,0.222,0.0,0.667,
WNBA,2007,200701,Megan Duffy,1611661324,MIN,5,9.7,1.4,1.0,1.4,0.133,0.325,0.0,
WNBA,2007,101056,Megan Mahoney,1611661323,CON,18,6.7,1.7,0.8,0.4,0.161,0.411,-0.007,
WNBA,2007,100729,Michelle Snow,1611661316,HOU,34,25.7,10.7,6.6,1.4,0.213,0.548,0.121,
WNBA,2007,200691,Mistie Bass,1611661316,HOU,19,5.3,1.2,1.5,0.3,0.202,0.282,-0.026,
WNBA,2007,200673,Monique Currie,1611661322,WAS,33,25.2,10.7,4.0,1.8,0.188,0.566,0.119,
WNBA,2007,100199,Murriel Page,1611661320,LAS,34,18.7,4.8,3.3,1.3,0.138,0.451,0.074,
WNBA,2007,100012,Mwadi Mabika,1611661320,LAS,33,23.1,8.1,3.8,2.2,0.198,0.472,0.074,
WNBA,2007,100556,Nakia Sanford,1611661322,WAS,34,29.2,11.0,7.1,0.7,0.18,0.591,0.101,
WNBA,2007,201077,Navonda Moore,1611661324,MIN,19,4.6,1.1,0.8,0.2,0.166,0.356,-0.037,
WNBA,2007,100932,Nicole Ohlde,1611661324,MIN,34,27.1,11.5,6.1,1.6,0.236,0.475,0.074,
WNBA,2007,100919,Nicole Powell,1611661318,SAC,34,28.0,12.3,5.4,1.7,0.213,0.514,0.14,
WNBA,2007,200689,Nikki Blue,1611661322,WAS,30,14.0,3.6,2.1,1.6,0.165,0.43,0.069,
WNBA,2007,100724,Nikki Teasley,1611661322,WAS,33,22.6,5.2,2.2,3.3,0.138,0.501,0.067,
WNBA,2007,201049,Noelle Quinn,1611661324,MIN,34,19.7,2.8,2.6,4.4,0.125,0.357,0.083,
WNBA,2007,100415,Nykesha Sales,1611661323,CON,26,28.4,13.0,4.0,3.0,0.233,0.494,0.112,
WNBA,2007,100243,Olympia Scott,1611661317,PHO,8,4.0,1.0,0.5,0.3,0.167,0.38,-0.005,
WNBA,2007,100634,Penny Taylor,1611661317,PHO,34,29.7,17.8,6.3,2.9,0.231,0.625,0.157,
WNBA,2007,100888,Plenette Pierson,1611661321,DET,34,25.2,11.6,5.8,1.7,0.221,0.536,0.131,
WNBA,2007,100944,Rebekkah Brunson,1611661318,SAC,33,26.8,11.0,8.6,0.6,0.195,0.527,0.168,
WNBA,2007,101033,Roneeka Hodges,1611661316,HOU,29,11.2,3.5,1.0,0.9,0.181,0.43,0.054,
WNBA,2007,100656,Ruth Riley,1611661319,SAN,30,25.8,5.9,4.9,1.2,0.164,0.426,0.049,
WNBA,2007,101023,Sancho Lyttle,1611661316,HOU,31,15.7,5.8,5.2,0.9,0.188,0.51,0.142,
WNBA,2007,101021,Sandora Irvin,1611661319,SAN,23,5.6,1.2,1.7,0.3,0.171,0.315,0.04,
WNBA,2007,200684,Scholanda Dorrell,1611661318,SAC,34,14.9,5.5,1.4,0.9,0.203,0.477,0.067,
WNBA,2007,200671,Seimone Augustus,1611661324,MIN,34,32.2,22.6,4.0,2.3,0.285,0.583,0.18,
WNBA,2007,100937,Shameka Christon,1611661313,NYL,33,32.3,11.2,4.5,2.1,0.198,0.485,0.077,
WNBA,2007,200686,Shanna Zolman,1611661319,SAN,34,16.1,9.2,1.4,0.8,0.253,0.551,0.117,
WNBA,2007,100410,Shannon Johnson,1611661321,DET,33,16.7,5.8,1.8,1.7,0.176,0.5,0.07,
WNBA,2007,201063,Shay Doron,1611661313,NYL,7,5.0,1.4,0.4,0.0,0.16,0.421,0.074,
WNBA,2007,201062,Shay Murphy,1611661324,MIN,32,13.6,5.2,3.3,0.5,0.173,0.499,0.11,
WNBA,2007,100416,Sheri Sam,1611661325,IND,33,17.9,5.0,2.9,1.3,0.188,0.401,0.074,
WNBA,2007,200682,Sherill Baker,1611661320,LAS,27,18.7,7.7,2.6,2.9,0.248,0.45,0.088,
WNBA,2007,100072,Sheryl Swoopes,1611661316,HOU,3,35.3,7.7,5.7,3.7,0.141,0.43,0.088,
WNBA,2007,200677,Shona Thorburn,1611661328,SEA,2,3.8,1.0,0.5,0.0,0.267,0.5,0.0,
WNBA,2007,101032,Shyra Ely-Gash,1611661328,SEA,29,9.7,2.2,1.3,0.4,0.149,0.43,0.025,
WNBA,2007,201086,Sidney Spencer,1611661320,LAS,34,24.4,9.6,4.1,1.2,0.18,0.513,0.09,
WNBA,2007,200674,Sophia Young-Malcolm,1611661319,SAN,33,33.5,16.8,5.8,1.5,0.238,0.53,0.133,
WNBA,2007,100722,Stacey Dales,1611661329,CHI,31,25.8,10.0,1.6,2.6,0.206,0.488,0.068,
WNBA,2007,100470,Stacey Lovelace,1611661322,WAS,9,11.6,2.7,1.4,0.2,0.13,0.489,0.015,
WNBA,2007,201070,Stephanie Raymond,1611661329,CHI,20,8.9,3.1,0.7,1.4,0.204,0.464,0.069,
WNBA,2007,100720,Sue Bird,1611661328,SEA,29,31.7,10.4,2.0,4.9,0.168,0.527,0.097,
WNBA,2007,100658,Svetlana Abrosimova,1611661324,MIN,34,24.8,10.1,4.4,2.5,0.193,0.544,0.11,
WNBA,2007,100721,Swin Cash,1611661321,DET,31,30.6,11.1,6.1,2.5,0.198,0.48,0.105,
WNBA,2007,100412,Taj McWilliams-Franklin,1611661320,LAS,29,29.3,11.1,5.9,1.7,0.176,0.546,0.125,
WNBA,2007,200678,Tamara James,1611661322,WAS,31,12.9,5.4,1.6,1.1,0.202,0.531,0.11,
WNBA,2007,100734,Tamara Moore,1611661316,HOU,15,18.7,3.9,1.7,2.8,0.14,0.473,0.046,
WNBA,2007,100008,Tamecka Dixon,1611661316,HOU,18,27.2,12.0,3.2,3.2,0.23,0.489,0.119,
WNBA,2007,100646,Tamika Catchings,1611661325,IND,21,32.3,16.6,9.0,4.7,0.245,0.548,0.224,
WNBA,2007,100725,Tamika Raymond,1611661324,MIN,21,7.1,1.5,1.9,0.3,0.095,0.624,0.082,
WNBA,2007,100347,Tamika Whitmore,1611661325,IND,34,25.9,10.9,5.0,1.5,0.233,0.492,0.098,
WNBA,2007,100628,Tammy Sutton-Brown,1611661325,IND,34,25.3,12.0,5.4,0.9,0.239,0.545,0.115,
WNBA,2007,101020,Tan White,1611661325,IND,34,24.7,10.8,2.6,1.9,0.253,0.485,0.088,
WNBA,2007,100236,Tangela Smith,1611661317,PHO,34,31.5,12.6,6.5,1.3,0.195,0.484,0.091,
WNBA,2007,101030,Tanisha Wright,1611661328,SEA,34,16.1,4.1,1.3,2.0,0.159,0.489,0.056,
WNBA,2007,100413,Tari Phillips,1611661316,HOU,6,5.8,1.7,0.8,0.2,0.182,0.425,-0.024,
WNBA,2007,100555,Tausha Mills,1611661321,DET,5,10.2,3.0,3.6,0.4,0.223,0.33,-0.023,
WNBA,2007,100851,Teana Miller,1611661317,PHO,2,2.6,0.0,0.5,0.0,0.077,0.0,-0.158,
WNBA,2007,101024,Temeka Johnson,1611661320,LAS,11,18.7,6.4,2.6,2.7,0.265,0.368,0.044,
WNBA,2007,100234,Ticha Penicheiro,1611661318,SAC,32,23.0,5.5,2.5,4.4,0.164,0.408,0.105,
WNBA,2007,201050,Tiffany Jackson,1611661313,NYL,34,13.9,5.1,3.1,0.6,0.213,0.458,0.065,
WNBA,2007,200699,Tiffany Stansbury,1611661324,MIN,30,14.6,4.3,4.3,0.5,0.156,0.474,0.066,
WNBA,2007,100076,Tina Thompson,1611661316,HOU,34,35.5,18.3,6.6,2.7,0.244,0.542,0.144,
WNBA,2007,100284,Tully Bevilaqua,1611661325,IND,34,26.5,5.3,2.2,2.7,0.105,0.564,0.074,
WNBA,2007,200680,Tye'sha Fluker,1611661320,LAS,21,6.9,1.9,1.2,0.1,0.205,0.345,0.001,
WNBA,2007,201068,Tyresa Smith,1611661321,DET,1,7.2,1.0,2.0,0.0,0.188,0.174,0.026,
WNBA,2007,100103,Vickie Johnson,1611661319,SAN,30,28.4,8.1,4.8,3.5,0.141,0.526,0.132,
WNBA,2007,100046,Wendy Palmer,1611661328,SEA,34,13.9,4.6,4.3,0.5,0.174,0.499,0.087,
WNBA,2007,200715,Yelena Leuchanka,1611661322,WAS,6,4.9,0.7,0.5,0.5,0.13,0.291,-0.064,
WNBA,2007,100419,Yolanda Griffith,1611661318,SAC,32,22.1,8.6,4.5,1.4,0.194,0.546,0.108,
WNBA,2008,201510,A'Quonesia Franklin,1611661318,SAC,34,10.3,1.6,1.3,1.7,0.122,0.348,0.063,
WNBA,2008,100526,Adrian Williams-Strong,1611661318,SAC,34,20.2,6.1,4.9,0.6,0.171,0.468,0.069,
WNBA,2008,201529,Adrianne Ross,1611661319,SAN,4,1.7,0.5,0.3,0.0,0.176,0.347,-0.071,
WNBA,2008,100949,Alana Beard,1611661322,WAS,33,33.1,16.1,3.6,3.5,0.256,0.494,0.111,
WNBA,2008,201487,Alexis Hornbuckle,1611661321,DET,34,22.0,5.4,4.1,2.1,0.146,0.444,0.092,
WNBA,2008,201054,Alison Bales,1611661317,PHO,31,16.6,3.8,4.0,0.4,0.119,0.466,0.104,
WNBA,2008,201516,Allie Quigley,1611661317,PHO,14,7.1,2.1,0.8,0.3,0.179,0.364,0.021,
WNBA,2008,100170,Allison Feaster,1611661325,IND,33,9.1,2.6,0.7,0.8,0.154,0.473,0.064,
WNBA,2008,201483,Amber Holt,1611661323,CON,34,21.0,6.5,3.1,1.9,0.154,0.507,0.08,
WNBA,2008,100935,Amber Jacobs,1611661320,LAS,11,13.0,1.8,0.8,1.5,0.125,0.404,0.0,
WNBA,2008,100747,Andrea Gardner,1611661322,WAS,22,8.1,2.6,2.3,0.3,0.178,0.416,0.051,
WNBA,2008,200685,Ann Strother,1611661330,ATL,21,7.6,1.9,0.6,0.3,0.112,0.496,0.044,
WNBA,2008,100445,Ann Wauters,1611661319,SAN,32,30.6,14.7,7.5,1.8,0.228,0.576,0.169,
WNBA,2008,100493,Anna DeForge,1611661324,MIN,34,24.9,8.5,3.0,1.7,0.162,0.5,0.082,
WNBA,2008,201048,Armintie Herrington,1611661329,CHI,34,22.4,6.9,3.7,1.7,0.177,0.472,0.075,
WNBA,2008,101047,Ashley Battle,1611661313,NYL,34,9.9,3.6,1.6,0.7,0.193,0.504,0.096,
WNBA,2008,100942,Ashley Robinson,1611661328,SEA,33,10.0,0.9,2.2,0.4,0.103,0.306,-0.01,
WNBA,2008,201053,Ashley Shields,1611661321,DET,10,5.5,2.4,0.3,0.3,0.301,0.369,-0.05,
WNBA,2008,100723,Asjha Jones,1611661323,CON,33,29.2,17.0,6.1,2.5,0.268,0.537,0.146,
WNBA,2008,100494,Barbara Farris,1611661318,SAC,34,16.3,3.5,3.8,0.2,0.106,0.527,0.046,
WNBA,2008,200681,Barbara Turner,1611661323,CON,34,19.5,8.0,3.2,1.5,0.176,0.591,0.116,
WNBA,2008,100342,Becky Hammon,1611661319,SAN,33,33.4,17.6,2.8,4.9,0.257,0.566,0.147,
WNBA,2008,100807,Bernadette Ngoyisa,1611661319,SAN,31,7.3,2.7,1.7,0.2,0.207,0.538,0.056,
WNBA,2008,201051,Bernice Mosby,1611661322,WAS,24,7.6,2.0,2.2,0.1,0.154,0.426,0.075,
WNBA,2008,100484,Betty Lennox,1611661330,ATL,34,29.7,17.5,4.2,2.4,0.282,0.532,0.12,
WNBA,2008,200720,Brittany Wilkins,1611661319,SAN,1,0.2,0.0,0.0,0.0,0.0,0.0,0.0,
WNBA,2008,200693,Brooke Queenan,1611661329,CHI,8,4.5,0.3,0.5,0.3,0.148,0.125,-0.174,
WNBA,2008,201084,Brooke Smith,1611661317,PHO,10,13.4,4.1,3.6,0.9,0.123,0.608,0.077,
WNBA,2008,100667,Brooke Wyckoff,1611661329,CHI,34,17.5,2.2,2.3,1.4,0.09,0.469,0.034,
WNBA,2008,201067,Camille Smith,1611661328,SEA,32,20.7,7.7,3.8,1.1,0.186,0.555,0.096,
WNBA,2008,201496,Candace Parker,1611661320,LAS,33,33.6,18.5,9.5,3.4,0.24,0.582,0.221,
WNBA,2008,200676,Candice Dupree,1611661329,CHI,34,33.1,16.3,7.9,2.3,0.256,0.521,0.157,
WNBA,2008,201499,Candice Wiggins,1611661324,MIN,30,27.5,15.7,3.2,3.0,0.248,0.553,0.135,
WNBA,2008,200665,Cappie Pondexter,1611661317,PHO,32,31.3,21.2,3.7,4.2,0.303,0.518,0.133,
WNBA,2008,101049,Cathrine Kraayeveld,1611661313,NYL,34,28.3,9.6,6.1,1.4,0.177,0.509,0.096,
WNBA,2008,100939,Cathy Joens,1611661329,CHI,26,10.5,3.8,1.3,0.5,0.188,0.524,0.064,
WNBA,2008,201501,Charde Houston,1611661324,MIN,33,17.6,8.8,3.7,0.8,0.236,0.537,0.128,
WNBA,2008,201513,Charel Allen,1611661318,SAC,6,8.2,2.7,1.0,0.5,0.177,0.5,0.047,
WNBA,2008,100433,Chasity Melvin,1611661322,WAS,34,22.5,8.2,5.1,1.5,0.195,0.498,0.093,
WNBA,2008,101040,Chelsea Newton,1611661318,SAC,26,15.1,4.5,1.3,1.1,0.153,0.498,0.067,
WNBA,2008,100843,Cheryl Ford,1611661321,DET,24,26.5,10.1,8.7,0.9,0.177,0.515,0.14,
WNBA,2008,201514,Chioma Nnamaka,1611661330,ATL,12,7.0,1.3,1.0,0.2,0.148,0.293,-0.026,
WNBA,2008,201106,Chrissy Givens,1611661321,DET,3,3.2,0.7,0.0,0.7,0.2,0.347,-0.182,
WNBA,2008,100930,Christi Thomas,1611661324,MIN,20,7.9,1.5,2.0,0.3,0.127,0.386,0.031,
WNBA,2008,100690,Coco Miller,1611661322,WAS,34,20.9,5.3,2.5,1.4,0.166,0.399,0.033,
WNBA,2008,201494,Crystal Kelly,1611661318,SAC,33,16.7,7.4,3.3,0.5,0.188,0.609,0.126,
WNBA,2008,201518,Crystal Langhorne,1611661322,WAS,34,15.6,4.8,4.0,0.4,0.135,0.624,0.123,
WNBA,2008,200702,Crystal Smith,1611661322,WAS,29,13.5,4.2,1.0,0.9,0.172,0.481,0.038,
WNBA,2008,201535,Danielle Page,1611661323,CON,3,3.8,2.0,2.0,0.0,0.219,0.6,0.131,
WNBA,2008,100396,DeLisha Milton-Jones,1611661320,LAS,31,32.8,13.9,6.3,2.4,0.206,0.56,0.122,
WNBA,2008,100533,DeMya Walker,1611661318,SAC,7,7.4,1.6,0.9,0.1,0.175,0.463,-0.069,
WNBA,2008,100639,Deanna Nolan,1611661321,DET,34,33.6,15.8,3.9,4.4,0.215,0.541,0.155,
WNBA,2008,100940,Diana Taurasi,1611661317,PHO,34,31.8,24.1,5.1,3.6,0.289,0.596,0.175,
WNBA,2008,100384,Dominique Canty,1611661329,CHI,28,26.3,8.1,2.5,4.1,0.178,0.482,0.078,
WNBA,2008,100931,Doneeka Lewis,1611661325,IND,8,7.0,2.0,0.8,0.3,0.206,0.4,0.037,
WNBA,2008,100928,Ebony Hoffman,1611661325,IND,33,30.7,10.4,7.8,1.8,0.176,0.533,0.122,
WNBA,2008,101018,Edwige Lawson-Wade,1611661319,SAN,30,9.3,3.3,1.0,0.9,0.174,0.596,0.089,
WNBA,2008,100414,Elaine Powell,1611661321,DET,16,19.6,3.6,3.1,2.2,0.1,0.534,0.095,
WNBA,2008,201493,Erica White,1611661325,IND,34,12.5,3.6,1.4,1.4,0.173,0.495,0.06,
WNBA,2008,100812,Erika de Souza,1611661330,ATL,12,23.1,9.3,6.6,0.7,0.175,0.599,0.124,
WNBA,2008,100659,Erin Perperoglou,1611661319,SAN,34,26.7,7.2,3.3,1.7,0.136,0.569,0.074,
WNBA,2008,101039,Erin Phillips,1611661323,CON,8,10.7,5.1,2.1,0.4,0.192,0.624,0.201,
WNBA,2008,100835,Erin Thorn,1611661329,CHI,32,11.9,3.2,0.6,1.1,0.15,0.456,0.051,
WNBA,2008,201503,Erlana Larkins,1611661313,NYL,27,12.4,4.8,2.7,0.7,0.197,0.544,0.07,
WNBA,2008,201502,Essence Carson,1611661313,NYL,34,19.0,6.6,2.2,0.9,0.21,0.42,0.057,
WNBA,2008,201558,Florina Pascalau,1611661328,SEA,3,3.1,0.0,0.3,0.0,0.111,0.0,-0.081,
WNBA,2008,100731,Hamchetou Maiga-Ba,1611661318,SAC,26,22.7,7.8,3.2,1.5,0.182,0.52,0.086,
WNBA,2008,100457,Helen Darling,1611661319,SAN,31,18.7,3.5,2.4,1.7,0.146,0.386,0.034,
WNBA,2008,201056,Ivory Latta,1611661330,ATL,34,28.2,11.4,2.1,3.6,0.202,0.498,0.089,
WNBA,2008,100796,Iziane Castro Marques,1611661330,ATL,29,23.1,9.3,2.2,1.8,0.227,0.451,0.067,
WNBA,2008,101053,Jamie Carey,1611661323,CON,33,15.1,4.2,1.2,1.4,0.118,0.594,0.089,
WNBA,2008,101019,Janel McCarville,1611661313,NYL,31,26.3,13.7,5.4,2.1,0.242,0.583,0.173,
WNBA,2008,100975,Jennifer Derevjanik,1611661317,PHO,17,8.5,0.8,1.0,1.6,0.089,0.337,0.041,
WNBA,2008,101080,Jennifer Lacy,1611661330,ATL,33,18.3,5.7,2.7,0.8,0.176,0.441,0.025,
WNBA,2008,201047,Jessica Davenport,1611661313,NYL,14,11.0,4.6,2.9,0.3,0.245,0.495,0.097,
WNBA,2008,101042,Jessica Moore,1611661320,LAS,28,11.1,1.4,1.6,0.6,0.093,0.39,0.0,
WNBA,2008,100952,Jia Perkins,1611661329,CHI,34,31.7,17.0,4.1,2.8,0.247,0.538,0.156,
WNBA,2008,201485,Jolene Anderson,1611661323,CON,24,15.3,4.0,2.4,1.1,0.17,0.366,0.059,
WNBA,2008,100834,K.B. Sharp,1611661329,CHI,34,17.6,3.2,1.3,1.4,0.102,0.525,0.074,
WNBA,2008,201551,Kamela Gissendanner,1611661320,LAS,2,6.8,0.0,1.0,0.0,0.147,0.0,-0.126,
WNBA,2008,101025,Kara Braxton,1611661321,DET,33,17.9,8.9,5.1,0.8,0.26,0.482,0.119,
WNBA,2008,100874,Kara Lawson,1611661318,SAC,32,25.9,12.2,2.6,2.1,0.21,0.531,0.119,
WNBA,2008,200696,Kasha Terry,1611661328,SEA,22,13.6,4.3,3.1,0.5,0.191,0.492,0.027,
WNBA,2008,100666,Katie Douglas,1611661325,IND,33,34.3,15.6,4.1,3.2,0.247,0.493,0.123,
WNBA,2008,201052,Katie Gearlds,1611661328,SEA,34,13.8,5.0,1.3,0.6,0.174,0.509,0.086,
WNBA,2008,101026,Katie Mattera,1611661330,ATL,33,14.0,6.7,3.9,0.3,0.22,0.602,0.107,
WNBA,2008,100404,Katie Smith,1611661321,DET,34,33.9,14.7,2.8,4.0,0.206,0.538,0.118,
WNBA,2008,100920,Kelly Mazzante,1611661317,PHO,34,18.9,5.8,1.9,1.1,0.142,0.474,0.064,
WNBA,2008,100627,Kelly Miller,1611661324,MIN,34,27.8,8.3,4.4,4.0,0.161,0.492,0.082,
WNBA,2008,100640,Kelly Santos,1611661328,SEA,22,6.1,2.1,1.3,0.2,0.194,0.46,0.041,
WNBA,2008,100648,Kelly Schumacher,1611661321,DET,7,12.7,2.0,2.9,0.7,0.124,0.415,0.043,
WNBA,2008,101022,Kendra Wecker,1611661322,WAS,9,5.3,0.6,1.2,0.8,0.19,0.147,-0.026,
WNBA,2008,200704,Kerri Gardin,1611661323,CON,34,15.9,4.0,3.3,1.2,0.157,0.454,0.067,
WNBA,2008,201484,Ketia Swanier,1611661323,CON,25,9.3,1.6,1.2,1.0,0.136,0.399,0.064,
WNBA,2008,201495,Khadijah Whittington,1611661325,IND,22,8.5,2.0,1.5,0.3,0.153,0.418,0.015,
WNBA,2008,100651,Kiesha Brown,1611661320,LAS,32,16.6,4.9,1.8,2.1,0.165,0.491,0.095,
WNBA,2008,200683,Kim Smith,1611661317,PHO,21,6.8,1.6,0.7,0.2,0.183,0.316,-0.043,
WNBA,2008,201517,Kimberly Beck,1611661328,SEA,17,5.5,1.0,0.7,0.4,0.074,0.73,0.131,
WNBA,2008,101029,Kristen Mann,1611661322,WAS,18,14.1,2.6,1.3,0.8,0.112,0.468,0.034,
WNBA,2008,201475,Kristen O'Neill,1611661328,SEA,11,2.9,0.0,0.3,0.1,0.068,0.0,-0.081,
WNBA,2008,100552,Kristen Rasmussen,1611661324,MIN,31,12.7,2.5,2.7,0.9,0.106,0.481,0.066,
WNBA,2008,101027,Kristin Haynie,1611661330,ATL,33,14.7,2.8,1.7,2.5,0.134,0.431,0.084,
WNBA,2008,201520,Krystal Vaughn,1611661322,WAS,15,5.2,0.8,1.0,0.0,0.189,0.256,-0.057,
WNBA,2008,200679,La'Tangela Atkinson,1611661318,SAC,5,14.5,2.8,2.8,1.6,0.164,0.394,0.078,
WNBA,2008,200697,LaToya Bond,1611661325,IND,32,10.1,2.3,1.0,0.8,0.175,0.381,-0.016,
WNBA,2008,201506,LaToya Sanders,1611661324,MIN,29,13.0,4.4,3.5,0.3,0.154,0.54,0.086,
WNBA,2008,100883,LaToya Thomas,1611661324,MIN,20,9.3,2.8,1.5,0.2,0.178,0.483,0.031,
WNBA,2008,100027,Latasha Byears,1611661316,HOU,11,4.2,1.6,1.1,0.1,0.178,0.491,0.035,
WNBA,2008,201509,Laura Harper,1611661318,SAC,34,16.5,5.5,4.0,0.4,0.174,0.521,0.078,
WNBA,2008,100682,Lauren Jackson,1611661328,SEA,21,33.0,20.2,7.0,1.2,0.267,0.564,0.192,
WNBA,2008,101084,Laurie Koehn,1611661322,WAS,30,4.8,2.4,0.4,0.1,0.202,0.574,0.063,
WNBA,2008,100973,Le'coe Willingham,1611661317,PHO,34,24.5,10.1,5.9,0.9,0.161,0.613,0.096,
WNBA,2008,201103,Leah Rush,1611661329,CHI,2,6.2,1.5,0.0,0.0,0.2,0.399,-0.176,
WNBA,2008,201507,Leilani Mitchell,1611661313,NYL,34,15.2,3.9,1.7,2.9,0.14,0.53,0.106,
WNBA,2008,100915,Lindsay Whalen,1611661323,CON,31,29.3,14.0,5.6,5.4,0.207,0.58,0.179,
WNBA,2008,201046,Lindsey Harding,1611661322,WAS,24,24.6,6.4,2.3,3.2,0.164,0.451,0.057,
WNBA,2008,100003,Lisa Leslie,1611661320,LAS,33,32.1,15.1,8.9,2.4,0.248,0.514,0.161,
WNBA,2008,200675,Lisa Willis,1611661313,NYL,34,13.5,5.6,1.7,0.4,0.181,0.623,0.121,
WNBA,2008,101028,Loree Moore,1611661313,NYL,29,27.9,5.3,3.9,4.6,0.138,0.449,0.08,
WNBA,2008,201531,Marcedes Walker,1611661316,HOU,2,5.4,0.0,3.5,0.5,0.281,0.0,-0.7,
WNBA,2008,100239,Margo Dydek,1611661320,LAS,2,6.8,2.0,1.5,0.0,0.152,0.4,0.128,
WNBA,2008,100685,Marie Ferdinand-Harris,1611661320,LAS,33,20.6,8.4,2.6,1.3,0.209,0.482,0.084,
WNBA,2008,201492,Matee Ajavon,1611661322,WAS,34,17.8,8.0,1.8,1.7,0.267,0.423,0.045,
WNBA,2008,200701,Megan Duffy,1611661313,NYL,6,7.5,1.8,0.3,0.5,0.137,0.637,0.012,
WNBA,2008,100729,Michelle Snow,1611661330,ATL,34,25.2,9.9,6.7,1.2,0.18,0.581,0.134,
WNBA,2008,200691,Mistie Bass,1611661329,CHI,32,11.4,3.8,2.4,0.6,0.166,0.528,0.113,
WNBA,2008,200673,Monique Currie,1611661322,WAS,34,28.6,11.9,4.1,2.5,0.218,0.51,0.096,
WNBA,2008,201478,Morenike Atunrase,1611661319,SAN,33,10.5,2.2,1.5,0.7,0.153,0.377,0.053,
WNBA,2008,100199,Murriel Page,1611661320,LAS,27,9.0,1.6,1.3,0.5,0.114,0.387,0.015,
WNBA,2008,100012,Mwadi Mabika,1611661316,HOU,20,16.3,4.6,1.9,0.9,0.167,0.425,0.033,
WNBA,2008,100556,Nakia Sanford,1611661322,WAS,34,23.4,6.7,5.7,1.2,0.188,0.452,0.028,
WNBA,2008,100032,Nancy Lieberman,1611661321,DET,1,9.2,0.0,0.0,2.0,0.136,0.0,-0.037,
WNBA,2008,201077,Navonda Moore,1611661324,MIN,16,7.8,3.0,0.9,0.3,0.191,0.408,0.015,
WNBA,2008,201500,Nicky Anosike,1611661324,MIN,34,27.1,9.2,6.8,1.3,0.163,0.525,0.117,
WNBA,2008,100932,Nicole Ohlde,1611661317,PHO,34,16.4,5.8,3.3,1.3,0.191,0.52,0.072,
WNBA,2008,100919,Nicole Powell,1611661318,SAC,34,27.8,13.6,4.4,1.4,0.242,0.493,0.106,
WNBA,2008,200689,Nikki Blue,1611661322,WAS,26,20.7,3.8,1.6,2.8,0.129,0.438,0.04,
WNBA,2008,201049,Noelle Quinn,1611661324,MIN,32,16.6,3.6,2.2,2.5,0.139,0.461,0.083,
WNBA,2008,201489,Olayinka Sanni,1611661321,DET,31,10.5,3.4,2.1,0.2,0.183,0.539,0.033,
WNBA,2008,100243,Olympia Scott,1611661317,PHO,6,11.5,2.7,3.2,0.5,0.167,0.364,-0.012,
WNBA,2008,100888,Plenette Pierson,1611661321,DET,28,23.2,11.9,4.9,2.3,0.237,0.521,0.134,
WNBA,2008,201481,Quianna Chaney,1611661329,CHI,28,8.5,2.4,1.0,0.9,0.2,0.385,0.053,
WNBA,2008,100988,Raffaella Masciadri,1611661320,LAS,29,14.2,4.3,1.4,0.6,0.165,0.438,0.044,
WNBA,2008,100944,Rebekkah Brunson,1611661318,SAC,30,26.0,10.9,7.1,0.4,0.199,0.532,0.13,
WNBA,2008,101033,Roneeka Hodges,1611661324,MIN,15,18.3,7.3,1.9,1.2,0.164,0.562,0.11,
WNBA,2008,100656,Ruth Riley,1611661319,SAN,30,19.3,5.1,3.6,1.0,0.163,0.496,0.058,
WNBA,2008,101023,Sancho Lyttle,1611661330,ATL,27,18.1,8.2,6.1,0.9,0.188,0.615,0.218,
WNBA,2008,101021,Sandora Irvin,1611661319,SAN,21,5.5,1.2,1.7,0.1,0.143,0.396,0.064,
WNBA,2008,201058,Sandrine Gruda,1611661323,CON,31,15.3,6.2,3.5,0.9,0.222,0.475,0.107,
WNBA,2008,200684,Scholanda Dorrell,1611661318,SAC,29,18.4,6.8,1.1,0.8,0.206,0.501,0.038,
WNBA,2008,200671,Seimone Augustus,1611661324,MIN,31,33.6,19.1,3.9,2.7,0.248,0.539,0.154,
WNBA,2008,201530,Sequoia Holmes,1611661317,PHO,17,11.9,3.1,2.1,0.6,0.176,0.363,0.032,
WNBA,2008,100937,Shameka Christon,1611661313,NYL,31,30.5,15.7,3.0,1.6,0.238,0.55,0.099,
WNBA,2008,201497,Shannon Bobbitt,1611661320,LAS,26,21.2,4.1,2.5,3.5,0.156,0.388,0.056,
WNBA,2008,100410,Shannon Johnson,1611661328,SEA,33,30.8,7.7,3.2,5.1,0.14,0.511,0.099,
WNBA,2008,201498,Sharnee Zoll-Norman,1611661324,MIN,6,4.9,1.7,0.5,0.5,0.173,0.47,0.053,
WNBA,2008,201062,Shay Murphy,1611661322,WAS,17,8.1,2.2,1.5,0.5,0.185,0.365,0.024,
WNBA,2008,100416,Sheri Sam,1611661321,DET,32,14.9,2.9,2.8,1.2,0.138,0.379,0.065,
WNBA,2008,200682,Sherill Baker,1611661325,IND,13,8.5,3.8,1.7,1.2,0.24,0.472,0.153,
WNBA,2008,100072,Sheryl Swoopes,1611661328,SEA,29,24.3,7.1,4.3,2.1,0.16,0.47,0.13,
WNBA,2008,101032,Shyra Ely-Gash,1611661329,CHI,34,11.4,3.3,2.6,0.5,0.177,0.45,0.065,
WNBA,2008,201086,Sidney Spencer,1611661320,LAS,33,13.7,5.3,1.9,0.5,0.177,0.534,0.086,
WNBA,2008,200674,Sophia Young-Malcolm,1611661319,SAN,33,31.9,17.5,5.6,2.3,0.254,0.55,0.162,
WNBA,2008,100470,Stacey Lovelace,1611661321,DET,22,13.7,4.6,2.8,0.7,0.171,0.484,0.077,
WNBA,2008,100720,Sue Bird,1611661328,SEA,33,33.7,14.1,2.5,5.1,0.209,0.544,0.135,
WNBA,2008,100658,Svetlana Abrosimova,1611661323,CON,6,17.8,5.7,3.3,2.0,0.207,0.412,0.077,
WNBA,2008,100721,Swin Cash,1611661328,SEA,31,29.9,11.3,5.4,1.9,0.211,0.484,0.102,
WNBA,2008,201480,Sylvia Fowles,1611661329,CHI,17,25.0,10.4,7.4,0.3,0.22,0.54,0.156,
WNBA,2008,100412,Taj McWilliams-Franklin,1611661321,DET,33,31.7,12.8,7.2,1.6,0.198,0.553,0.16,
WNBA,2008,100008,Tamecka Dixon,1611661316,HOU,24,26.4,9.0,3.2,1.8,0.2,0.451,0.065,
WNBA,2008,201477,Tamera Young,1611661330,ATL,33,22.6,7.3,4.2,1.2,0.193,0.425,0.048,
WNBA,2008,100646,Tamika Catchings,1611661325,IND,25,27.7,13.3,6.3,3.3,0.234,0.538,0.173,
WNBA,2008,100725,Tamika Raymond,1611661323,CON,34,11.0,2.5,2.9,0.4,0.137,0.466,0.071,
WNBA,2008,100347,Tamika Whitmore,1611661323,CON,34,26.8,12.6,4.7,1.4,0.243,0.494,0.086,
WNBA,2008,100628,Tammy Sutton-Brown,1611661325,IND,33,29.0,11.8,6.3,0.5,0.202,0.546,0.111,
WNBA,2008,101020,Tan White,1611661325,IND,33,27.1,9.9,3.1,2.4,0.218,0.467,0.076,
WNBA,2008,100236,Tangela Smith,1611661317,PHO,25,28.9,11.1,7.0,1.1,0.184,0.485,0.082,
WNBA,2008,101030,Tanisha Wright,1611661328,SEA,34,23.8,7.9,3.4,2.5,0.193,0.484,0.085,
WNBA,2008,201488,Tasha Humphrey,1611661322,WAS,30,17.0,8.3,3.7,1.0,0.225,0.558,0.106,
WNBA,2008,101024,Temeka Johnson,1611661317,PHO,23,17.1,4.2,1.9,3.1,0.161,0.411,0.084,
WNBA,2008,100234,Ticha Penicheiro,1611661318,SAC,33,25.9,8.6,3.0,5.2,0.186,0.504,0.128,
WNBA,2008,201050,Tiffany Jackson,1611661313,NYL,25,19.8,8.3,5.7,1.0,0.204,0.55,0.146,
WNBA,2008,100076,Tina Thompson,1611661320,LAS,30,35.8,18.1,6.9,2.2,0.254,0.53,0.136,
WNBA,2008,100284,Tully Bevilaqua,1611661325,IND,30,29.2,5.8,2.3,2.2,0.105,0.514,0.073,
WNBA,2008,200680,Tye'sha Fluker,1611661329,CHI,26,8.9,2.7,1.3,0.4,0.184,0.461,0.029,
WNBA,2008,201491,Val Berezhynska,1611661319,SAN,2,2.9,0.0,0.0,0.0,0.167,0.0,-0.5,
WNBA,2008,100933,Vanessa Hayden,1611661320,LAS,30,10.1,5.2,3.5,0.4,0.259,0.475,0.086,
WNBA,2008,100103,Vickie Johnson,1611661319,SAN,32,27.9,6.7,5.3,3.6,0.137,0.498,0.128,
WNBA,2008,201504,Wanisha Smith,1611661321,DET,1,0.2,0.0,0.0,0.0,0.0,0.0,0.0,
WNBA,2008,200692,Willnett Crockett,1611661317,PHO,5,8.3,1.8,2.2,0.0,0.111,0.441,0.005,
WNBA,2008,100419,Yolanda Griffith,1611661325,IND,30,21.9,7.2,6.3,1.5,0.17,0.539,0.109,
WNBA,2008,201544,Yuko Oga,1611661317,PHO,23,7.8,2.4,0.7,0.6,0.193,0.434,0.039,
WNBA,2009,201510,A'Quonesia Franklin,1611661328,SEA,2,9.8,0.0,1.0,0.5,0.104,0.0,-0.069,
WNBA,2009,100949,Alana Beard,1611661322,WAS,31,31.8,15.9,4.0,2.2,0.255,0.503,0.116,
WNBA,2009,201487,Alexis Hornbuckle,1611661321,DET,32,26.5,6.7,4.9,2.7,0.156,0.455,0.077,
WNBA,2009,201516,Allie Quigley,1611661317,PHO,6,5.4,1.7,0.8,0.2,0.171,0.563,-0.006,
WNBA,2009,201483,Amber Holt,1611661323,CON,23,16.5,6.0,3.2,1.9,0.184,0.468,0.113,
WNBA,2009,201869,Anete Jekabsone-Zogota,1611661323,CON,27,23.8,9.4,2.9,2.2,0.195,0.518,0.074,
WNBA,2009,201881,Angel McCoughtry,1611661330,ATL,34,21.6,12.8,3.1,2.1,0.256,0.55,0.14,
WNBA,2009,100445,Ann Wauters,1611661319,SAN,17,27.2,12.9,5.6,1.1,0.237,0.576,0.116,
WNBA,2009,100493,Anna DeForge,1611661321,DET,7,16.2,1.4,2.9,1.4,0.093,0.278,0.052,
WNBA,2009,101065,Anna Montanana,1611661324,MIN,16,10.6,2.2,1.6,1.2,0.118,0.475,0.071,
WNBA,2009,201048,Armintie Herrington,1611661330,ATL,33,12.8,2.8,2.3,0.9,0.139,0.439,0.048,
WNBA,2009,101047,Ashley Battle,1611661313,NYL,34,16.1,5.2,2.5,1.2,0.181,0.526,0.097,
WNBA,2009,100942,Ashley Robinson,1611661328,SEA,26,6.4,0.5,0.9,0.1,0.1,0.224,-0.056,
WNBA,2009,201914,Ashley Walker,1611661328,SEA,13,6.9,1.8,1.8,0.3,0.196,0.355,0.0,
WNBA,2009,100723,Asjha Jones,1611661323,CON,23,31.6,16.7,5.9,2.4,0.263,0.513,0.138,
WNBA,2009,100494,Barbara Farris,1611661321,DET,13,8.5,1.3,1.4,0.4,0.099,0.53,0.046,
WNBA,2009,200681,Barbara Turner,1611661323,CON,7,20.5,4.0,2.1,2.0,0.146,0.323,0.034,
WNBA,2009,100342,Becky Hammon,1611661319,SAN,31,33.8,19.5,3.3,5.0,0.268,0.593,0.155,
WNBA,2009,100696,Belinda Snell,1611661319,SAN,30,18.4,6.2,2.3,1.2,0.179,0.48,0.07,
WNBA,2009,201051,Bernice Mosby,1611661322,WAS,24,7.1,1.9,1.5,0.1,0.167,0.433,0.025,
WNBA,2009,100484,Betty Lennox,1611661320,LAS,30,21.3,10.2,4.5,1.8,0.247,0.515,0.114,
WNBA,2009,201896,Briann January,1611661325,IND,33,20.5,6.8,1.9,2.3,0.184,0.491,0.071,
WNBA,2009,201902,Britany Miller,1611661321,DET,1,7.7,0.0,0.0,0.0,0.059,0.0,-0.051,
WNBA,2009,201084,Brooke Smith,1611661317,PHO,21,6.9,1.0,1.7,0.1,0.074,0.567,0.031,
WNBA,2009,100667,Brooke Wyckoff,1611661329,CHI,27,19.7,3.1,2.7,1.4,0.094,0.535,0.046,
WNBA,2009,201067,Camille Smith,1611661328,SEA,34,30.7,10.0,6.5,1.0,0.169,0.535,0.095,
WNBA,2009,201496,Candace Parker,1611661320,LAS,25,32.6,13.1,9.8,2.6,0.198,0.537,0.184,
WNBA,2009,200676,Candice Dupree,1611661329,CHI,34,34.9,15.7,7.9,2.2,0.234,0.501,0.133,
WNBA,2009,201499,Candice Wiggins,1611661324,MIN,34,29.9,13.1,2.9,2.6,0.217,0.523,0.079,
WNBA,2009,200665,Cappie Pondexter,1611661317,PHO,34,31.3,18.8,4.2,5.0,0.256,0.559,0.133,
WNBA,2009,101049,Cathrine Kraayeveld,1611661313,NYL,34,26.1,9.0,4.6,0.9,0.181,0.538,0.08,
WNBA,2009,100356,Chamique Holdsclaw,1611661330,ATL,25,28.3,13.9,4.4,2.2,0.252,0.483,0.101,
WNBA,2009,201884,Chante Black,1611661323,CON,33,13.0,2.9,3.2,0.2,0.135,0.437,0.059,
WNBA,2009,201501,Charde Houston,1611661324,MIN,34,23.3,13.1,5.5,1.7,0.266,0.53,0.135,
WNBA,2009,100433,Chasity Melvin,1611661322,WAS,34,22.2,5.9,4.6,1.1,0.148,0.468,0.065,
WNBA,2009,101040,Chelsea Newton,1611661328,SEA,23,14.6,3.0,1.3,1.7,0.12,0.436,0.065,
WNBA,2009,101075,Chen Nan,1611661329,CHI,26,12.3,3.7,2.1,0.2,0.174,0.492,0.042,
WNBA,2009,100843,Cheryl Ford,1611661321,DET,29,26.0,8.6,7.4,0.9,0.186,0.459,0.088,
WNBA,2009,100930,Christi Thomas,1611661324,MIN,11,6.0,0.3,1.4,0.3,0.184,0.069,-0.135,
WNBA,2009,201917,Christina Wirth,1611661325,IND,21,5.7,1.0,0.7,0.6,0.114,0.374,0.048,
WNBA,2009,100690,Coco Miller,1611661330,ATL,34,12.0,3.9,1.5,1.0,0.163,0.491,0.066,
WNBA,2009,201907,Courtney Paris,1611661329,CHI,33,13.4,4.8,4.1,0.7,0.156,0.546,0.124,
WNBA,2009,201494,Crystal Kelly,1611661321,DET,34,10.8,3.8,1.6,0.4,0.17,0.576,0.052,
WNBA,2009,201518,Crystal Langhorne,1611661322,WAS,34,29.8,12.0,7.9,0.9,0.171,0.606,0.154,
WNBA,2009,100396,DeLisha Milton-Jones,1611661320,LAS,33,31.6,10.2,4.8,2.2,0.182,0.477,0.078,
WNBA,2009,100533,DeMya Walker,1611661323,CON,34,24.1,8.6,4.6,1.9,0.197,0.516,0.074,
WNBA,2009,201886,DeWanna Bonner,1611661317,PHO,34,21.2,11.1,5.7,0.4,0.217,0.55,0.135,
WNBA,2009,100639,Deanna Nolan,1611661321,DET,33,33.7,16.9,4.3,3.5,0.255,0.485,0.121,
WNBA,2009,100940,Diana Taurasi,1611661317,PHO,31,31.2,20.3,5.7,3.5,0.25,0.623,0.158,
WNBA,2009,100384,Dominique Canty,1611661329,CHI,34,22.8,6.9,1.9,3.2,0.181,0.475,0.055,
WNBA,2009,100928,Ebony Hoffman,1611661325,IND,34,29.4,9.9,5.8,1.5,0.189,0.486,0.094,
WNBA,2009,101018,Edwige Lawson-Wade,1611661319,SAN,33,17.7,5.2,2.0,2.2,0.146,0.541,0.099,
WNBA,2009,201493,Erica White,1611661325,IND,2,9.2,1.0,1.0,2.0,0.146,0.167,0.068,
WNBA,2009,100812,Erika de Souza,1611661330,ATL,34,27.3,11.8,9.1,1.1,0.189,0.553,0.136,
WNBA,2009,100659,Erin Perperoglou,1611661319,SAN,34,17.0,2.7,2.2,0.9,0.115,0.415,0.032,
WNBA,2009,101039,Erin Phillips,1611661323,CON,32,23.1,8.1,3.2,2.1,0.173,0.51,0.116,
WNBA,2009,100835,Erin Thorn,1611661329,CHI,34,17.0,6.2,1.6,1.6,0.164,0.572,0.101,
WNBA,2009,201503,Erlana Larkins,1611661313,NYL,18,7.6,2.4,1.7,0.4,0.193,0.51,0.104,
WNBA,2009,201502,Essence Carson,1611661313,NYL,34,25.3,10.0,2.1,1.4,0.212,0.497,0.071,
WNBA,2009,100731,Hamchetou Maiga-Ba,1611661318,SAC,34,19.9,8.9,2.6,1.1,0.216,0.524,0.09,
WNBA,2009,100457,Helen Darling,1611661319,SAN,34,18.9,3.1,1.8,2.9,0.124,0.39,0.041,
WNBA,2009,201056,Ivory Latta,1611661330,ATL,24,14.6,6.1,0.7,1.4,0.178,0.561,0.079,
WNBA,2009,100796,Iziane Castro Marques,1611661330,ATL,34,26.9,14.4,2.2,2.0,0.253,0.503,0.082,
WNBA,2009,101019,Janel McCarville,1611661313,NYL,32,26.5,12.3,5.5,2.8,0.236,0.565,0.157,
WNBA,2009,100660,Janell Burse,1611661328,SEA,34,15.9,6.1,3.1,0.3,0.182,0.574,0.112,
WNBA,2009,101080,Jennifer Lacy,1611661330,ATL,32,11.3,3.0,2.2,0.3,0.162,0.395,0.01,
WNBA,2009,201047,Jessica Davenport,1611661325,IND,26,7.0,2.8,1.5,0.2,0.199,0.564,0.083,
WNBA,2009,101042,Jessica Moore,1611661325,IND,31,19.5,4.6,3.0,0.5,0.124,0.517,0.041,
WNBA,2009,100952,Jia Perkins,1611661329,CHI,34,27.4,13.2,3.4,2.9,0.239,0.519,0.129,
WNBA,2009,100834,K.B. Sharp,1611661329,CHI,27,12.1,2.6,0.7,0.9,0.118,0.535,0.052,
WNBA,2009,101025,Kara Braxton,1611661321,DET,28,18.0,9.0,6.0,1.5,0.237,0.552,0.155,
WNBA,2009,100874,Kara Lawson,1611661318,SAC,25,24.2,8.8,2.1,2.5,0.177,0.513,0.097,
WNBA,2009,100666,Katie Douglas,1611661325,IND,31,32.0,17.3,3.7,2.7,0.261,0.53,0.152,
WNBA,2009,201052,Katie Gearlds,1611661328,SEA,20,12.2,4.1,1.3,0.6,0.167,0.541,0.108,
WNBA,2009,101026,Katie Mattera,1611661329,CHI,15,6.8,2.7,1.9,0.1,0.208,0.633,0.061,
WNBA,2009,100404,Katie Smith,1611661321,DET,27,33.1,13.7,2.3,2.8,0.189,0.575,0.102,
WNBA,2009,100920,Kelly Mazzante,1611661317,PHO,31,14.0,3.4,1.3,0.5,0.105,0.528,0.042,
WNBA,2009,100627,Kelly Miller,1611661324,MIN,34,19.9,4.4,2.2,2.0,0.134,0.473,0.05,
WNBA,2009,100648,Kelly Schumacher,1611661321,DET,1,9.9,0.0,0.0,0.0,0.0,0.0,-0.094,
WNBA,2009,200704,Kerri Gardin,1611661323,CON,33,18.0,5.5,4.3,1.2,0.173,0.454,0.084,
WNBA,2009,201484,Ketia Swanier,1611661317,PHO,33,11.6,2.8,1.5,1.5,0.147,0.49,0.064,
WNBA,2009,201495,Khadijah Whittington,1611661325,IND,3,8.3,4.0,1.7,0.7,0.175,0.6,0.19,
WNBA,2009,201913,Kia Vaughn,1611661313,NYL,34,11.6,4.8,2.6,0.2,0.218,0.5,0.072,
WNBA,2009,100651,Kiesha Brown,1611661323,CON,34,11.5,3.8,1.6,1.1,0.174,0.49,0.086,
WNBA,2009,101029,Kristen Mann,1611661322,WAS,16,6.0,1.6,0.9,0.4,0.123,0.44,0.071,
WNBA,2009,201922,Kristi Cirone,1611661323,CON,4,5.7,1.8,1.3,1.0,0.125,0.554,0.138,
WNBA,2009,100222,Kristi Harrower,1611661320,LAS,31,16.8,3.1,1.8,2.2,0.123,0.419,0.074,
WNBA,2009,201911,Kristi Toliver,1611661329,CHI,27,14.3,7.6,1.4,1.9,0.239,0.606,0.109,
WNBA,2009,101027,Kristin Haynie,1611661322,WAS,29,10.9,3.1,1.4,1.0,0.153,0.468,0.097,
WNBA,2009,200679,La'Tangela Atkinson,1611661328,SEA,2,22.9,2.5,9.0,2.5,0.117,0.282,0.225,
WNBA,2009,201506,LaToya Sanders,1611661324,MIN,17,9.3,2.2,2.2,0.5,0.13,0.505,0.068,
WNBA,2009,201509,Laura Harper,1611661319,SAN,33,13.9,4.5,3.4,0.6,0.179,0.493,0.074,
WNBA,2009,201486,Lauren Ervin,1611661323,CON,8,7.0,2.0,1.6,0.0,0.154,0.447,0.062,
WNBA,2009,100682,Lauren Jackson,1611661328,SEA,26,32.4,19.2,7.0,0.8,0.255,0.586,0.173,
WNBA,2009,100973,Le'coe Willingham,1611661317,PHO,34,20.8,10.0,4.2,1.0,0.198,0.589,0.098,
WNBA,2009,201507,Leilani Mitchell,1611661313,NYL,34,12.8,2.4,1.2,2.2,0.135,0.39,0.057,
WNBA,2009,100915,Lindsay Whalen,1611661323,CON,34,29.4,12.3,4.6,4.6,0.193,0.544,0.146,
WNBA,2009,201918,Lindsay Wisdom-Hylton,1611661320,LAS,29,6.8,2.4,1.4,0.3,0.187,0.497,0.114,
WNBA,2009,201046,Lindsey Harding,1611661322,WAS,34,35.1,12.8,4.0,4.5,0.187,0.509,0.12,
WNBA,2009,100003,Lisa Leslie,1611661320,LAS,23,27.7,15.4,6.6,2.1,0.261,0.557,0.155,
WNBA,2009,200675,Lisa Willis,1611661318,SAC,2,2.7,0.0,0.0,0.0,0.273,0.0,-0.216,
WNBA,2009,101028,Loree Moore,1611661313,NYL,34,27.7,6.3,3.7,3.9,0.16,0.423,0.09,
WNBA,2009,100685,Marie Ferdinand-Harris,1611661320,LAS,28,12.1,5.4,1.5,0.9,0.225,0.499,0.092,
WNBA,2009,201889,Marissa Coleman,1611661322,WAS,28,18.7,6.1,2.7,0.8,0.168,0.478,0.078,
WNBA,2009,201492,Matee Ajavon,1611661322,WAS,34,17.3,8.0,1.9,1.1,0.247,0.451,0.045,
WNBA,2009,201892,Megan Frazee,1611661319,SAN,29,11.2,5.0,2.9,0.5,0.219,0.506,0.101,
WNBA,2009,100729,Michelle Snow,1611661330,ATL,34,14.8,5.4,4.3,0.5,0.173,0.546,0.106,
WNBA,2009,200691,Mistie Bass,1611661329,CHI,8,15.8,6.1,3.4,0.4,0.18,0.532,0.106,
WNBA,2009,200673,Monique Currie,1611661322,WAS,34,21.4,8.2,4.3,1.8,0.19,0.509,0.11,
WNBA,2009,100556,Nakia Sanford,1611661322,WAS,34,19.5,6.3,4.3,0.6,0.178,0.51,0.052,
WNBA,2009,201500,Nicky Anosike,1611661324,MIN,30,29.9,13.2,7.4,2.7,0.203,0.565,0.153,
WNBA,2009,100932,Nicole Ohlde,1611661317,PHO,21,14.8,5.2,2.8,0.3,0.155,0.597,0.053,
WNBA,2009,100919,Nicole Powell,1611661318,SAC,34,30.5,16.7,5.9,2.3,0.249,0.547,0.154,
WNBA,2009,200689,Nikki Blue,1611661322,WAS,16,5.7,1.5,0.6,0.8,0.18,0.423,0.034,
WNBA,2009,100724,Nikki Teasley,1611661321,DET,21,21.7,3.9,1.5,2.8,0.098,0.545,0.057,
WNBA,2009,201049,Noelle Quinn,1611661320,LAS,34,27.3,8.4,3.6,3.5,0.146,0.546,0.125,
WNBA,2009,201489,Olayinka Sanni,1611661321,DET,31,9.6,3.8,1.8,0.5,0.204,0.523,0.057,
WNBA,2009,100634,Penny Taylor,1611661317,PHO,14,20.2,10.9,2.4,2.3,0.23,0.592,0.119,
WNBA,2009,100888,Plenette Pierson,1611661321,DET,1,5.1,0.0,0.0,0.0,0.133,0.0,-0.167,
WNBA,2009,201895,Quanitra Hollingsworth,1611661324,MIN,34,12.8,4.8,3.2,0.1,0.189,0.512,0.064,
WNBA,2009,201901,Rashanda McCants,1611661324,MIN,34,14.2,4.3,2.0,0.8,0.177,0.434,0.018,
WNBA,2009,100944,Rebekkah Brunson,1611661324,MIN,27,24.6,12.3,7.0,0.3,0.223,0.549,0.149,
WNBA,2009,201904,Renee Montgomery,1611661324,MIN,34,22.5,9.0,1.9,2.1,0.194,0.542,0.098,
WNBA,2009,101033,Roneeka Hodges,1611661324,MIN,33,27.3,9.9,3.0,1.9,0.159,0.565,0.099,
WNBA,2009,100656,Ruth Riley,1611661319,SAN,31,21.0,5.3,4.5,0.9,0.137,0.514,0.078,
WNBA,2009,101023,Sancho Lyttle,1611661330,ATL,34,27.4,13.0,7.5,1.5,0.209,0.544,0.145,
WNBA,2009,201058,Sandrine Gruda,1611661323,CON,26,31.2,13.5,6.3,1.3,0.231,0.485,0.082,
WNBA,2009,200684,Scholanda Dorrell,1611661321,DET,34,18.6,6.6,1.6,0.8,0.194,0.486,0.04,
WNBA,2009,200671,Seimone Augustus,1611661324,MIN,6,29.7,21.0,4.2,1.5,0.267,0.661,0.197,
WNBA,2009,201898,Shalee Lehning,1611661330,ATL,34,20.8,3.0,2.3,3.7,0.093,0.478,0.073,
WNBA,2009,100937,Shameka Christon,1611661313,NYL,32,31.7,16.1,4.9,1.8,0.227,0.574,0.133,
WNBA,2009,200686,Shanna Zolman,1611661319,SAN,19,9.2,5.0,0.5,0.3,0.211,0.604,0.122,
WNBA,2009,201497,Shannon Bobbitt,1611661320,LAS,33,10.7,2.2,1.0,1.4,0.146,0.391,0.045,
WNBA,2009,100410,Shannon Johnson,1611661328,SEA,34,18.2,4.0,1.8,1.5,0.137,0.522,0.063,
WNBA,2009,201919,Shavonte Zellous,1611661321,DET,34,23.6,11.9,3.1,1.8,0.247,0.539,0.1,
WNBA,2009,201062,Shay Murphy,1611661325,IND,24,7.7,4.2,1.8,0.4,0.234,0.498,0.097,
WNBA,2009,200682,Sherill Baker,1611661321,DET,1,11.4,7.0,1.0,1.0,0.167,0.81,0.155,
WNBA,2009,101032,Shyra Ely-Gash,1611661329,CHI,34,14.6,6.8,2.6,0.6,0.229,0.519,0.089,
WNBA,2009,201086,Sidney Spencer,1611661313,NYL,33,10.3,3.0,1.2,0.5,0.132,0.538,0.07,
WNBA,2009,200674,Sophia Young-Malcolm,1611661319,SAN,33,33.7,18.2,6.5,1.6,0.259,0.531,0.142,
WNBA,2009,100720,Sue Bird,1611661328,SEA,31,35.5,12.8,2.5,5.8,0.2,0.502,0.125,
WNBA,2009,100878,Suzy Batkovic-Brown,1611661328,SEA,20,7.4,2.4,1.5,0.2,0.211,0.505,0.012,
WNBA,2009,100721,Swin Cash,1611661328,SEA,32,34.2,12.2,6.7,2.6,0.212,0.474,0.098,
WNBA,2009,201480,Sylvia Fowles,1611661329,CHI,24,28.8,11.3,7.8,0.8,0.193,0.626,0.122,
WNBA,2009,100412,Taj McWilliams-Franklin,1611661321,DET,34,30.4,9.8,6.6,2.9,0.163,0.53,0.129,
WNBA,2009,100008,Tamecka Dixon,1611661325,IND,32,13.2,4.1,1.6,1.2,0.175,0.464,0.071,
WNBA,2009,201477,Tamera Young,1611661329,CHI,21,9.6,3.8,2.1,0.6,0.222,0.452,0.074,
WNBA,2009,100646,Tamika Catchings,1611661325,IND,34,31.6,14.9,7.2,3.0,0.234,0.524,0.176,
WNBA,2009,100347,Tamika Whitmore,1611661323,CON,24,15.7,4.4,2.2,1.0,0.187,0.371,0.034,
WNBA,2009,100628,Tammy Sutton-Brown,1611661325,IND,27,25.2,9.9,5.9,0.9,0.196,0.534,0.119,
WNBA,2009,101020,Tan White,1611661323,CON,30,22.0,9.5,2.7,2.2,0.199,0.53,0.1,
WNBA,2009,100236,Tangela Smith,1611661317,PHO,34,26.8,9.7,5.4,0.8,0.158,0.534,0.082,
WNBA,2009,101030,Tanisha Wright,1611661328,SEA,33,32.5,12.2,3.5,3.9,0.195,0.545,0.113,
WNBA,2009,201488,Tasha Humphrey,1611661324,MIN,28,14.5,6.1,2.6,0.4,0.213,0.473,0.059,
WNBA,2009,101024,Temeka Johnson,1611661317,PHO,34,26.4,9.6,3.5,4.6,0.176,0.545,0.1,
WNBA,2009,201890,Tenae Davis-Cain,1611661321,DET,1,4.1,2.0,2.0,0.0,0.357,0.184,-0.222,
WNBA,2009,100234,Ticha Penicheiro,1611661318,SAC,30,24.1,4.9,2.7,5.2,0.143,0.436,0.1,
WNBA,2009,201050,Tiffany Jackson,1611661313,NYL,34,14.6,5.3,3.4,0.7,0.2,0.508,0.103,
WNBA,2009,100076,Tina Thompson,1611661320,LAS,34,34.8,13.0,5.9,2.3,0.2,0.503,0.1,
WNBA,2009,100284,Tully Bevilaqua,1611661325,IND,34,25.2,6.1,2.3,2.9,0.13,0.505,0.085,
WNBA,2009,100933,Vanessa Hayden,1611661320,LAS,25,10.7,3.8,2.7,0.2,0.195,0.443,0.055,
WNBA,2009,100103,Vickie Johnson,1611661319,SAN,32,23.0,6.4,3.4,2.4,0.15,0.518,0.096,
WNBA,2009,201885,Whitney Boddie,1611661318,SAC,4,2.2,0.5,0.0,0.0,0.1,1.0,0.045,
WNBA,2009,100419,Yolanda Griffith,1611661325,IND,3,13.6,6.3,2.3,0.0,0.216,0.595,0.077,
WNBA,2010,202249,Abby Bishop,1611661328,SEA,16,6.8,2.8,1.3,0.3,0.232,0.441,-0.027,
WNBA,2010,202278,Abi Olajuwon,1611661329,CHI,6,5.0,1.0,0.7,0.0,0.114,0.5,0.018,
WNBA,2010,201487,Alexis Hornbuckle,1611661324,MIN,28,18.2,4.5,2.6,2.0,0.148,0.443,0.061,
WNBA,2010,201054,Alison Bales,1611661330,ATL,34,15.6,3.9,3.8,0.8,0.11,0.547,0.112,
WNBA,2010,202256,Alison Lacey,1611661328,SEA,21,6.9,0.8,0.8,0.5,0.125,0.215,-0.033,
WNBA,2010,201516,Allie Quigley,1611661319,SAN,7,6.1,2.9,0.3,0.1,0.204,0.644,0.124,
WNBA,2010,202255,Allison Hightower,1611661323,CON,20,10.3,2.7,1.3,0.5,0.153,0.403,0.035,
WNBA,2010,202269,Amanda Thompson,1611661321,TUL,7,7.0,1.6,1.6,0.4,0.168,0.299,0.0,
WNBA,2010,201483,Amber Holt,1611661321,TUL,33,21.1,8.7,3.1,1.8,0.182,0.522,0.098,
WNBA,2010,202315,Andrea Riley,1611661320,LAS,29,7.7,3.4,0.8,1.0,0.242,0.475,0.069,
WNBA,2010,201869,Anete Jekabsone-Zogota,1611661323,CON,20,17.6,7.2,2.0,1.7,0.198,0.523,0.071,
WNBA,2010,201881,Angel McCoughtry,1611661330,ATL,34,30.7,21.1,4.9,3.1,0.308,0.506,0.123,
WNBA,2010,201048,Armintie Herrington,1611661330,ATL,34,16.5,4.9,3.0,1.8,0.153,0.457,0.088,
WNBA,2010,101047,Ashley Battle,1611661319,SAN,5,7.0,1.6,1.8,0.2,0.197,0.333,0.0,
WNBA,2010,202262,Ashley Houts,1611661322,WAS,20,5.5,0.9,0.7,0.5,0.093,0.504,0.057,
WNBA,2010,100942,Ashley Robinson,1611661328,SEA,30,8.2,1.4,1.9,0.5,0.118,0.41,0.054,
WNBA,2010,201914,Ashley Walker,1611661321,TUL,2,4.6,0.0,0.0,0.0,0.185,0.0,-0.162,
WNBA,2010,100723,Asjha Jones,1611661323,CON,30,25.8,10.8,4.9,2.2,0.216,0.489,0.097,
WNBA,2010,100342,Becky Hammon,1611661319,SAN,32,33.6,15.1,2.9,5.4,0.218,0.598,0.116,
WNBA,2010,100696,Belinda Snell,1611661319,SAN,2,18.9,4.5,2.0,2.5,0.13,0.455,0.086,
WNBA,2010,100484,Betty Lennox,1611661320,LAS,11,11.6,4.9,1.7,1.5,0.19,0.555,0.072,
WNBA,2010,201896,Briann January,1611661325,IND,30,21.9,7.4,2.0,3.1,0.192,0.522,0.08,
WNBA,2010,202283,Brittainey Raven,1611661330,ATL,23,5.4,1.5,0.9,0.4,0.18,0.35,0.029,
WNBA,2010,201084,Brooke Smith,1611661317,PHO,16,8.2,2.5,1.8,0.3,0.095,0.767,0.112,
WNBA,2010,201067,Camille Smith,1611661328,SEA,34,24.7,10.1,5.2,1.4,0.194,0.563,0.116,
WNBA,2010,201496,Candace Parker,1611661320,LAS,10,33.5,20.6,10.1,2.2,0.284,0.552,0.193,
WNBA,2010,200676,Candice Dupree,1611661317,PHO,34,29.8,15.7,7.6,1.3,0.184,0.7,0.142,
WNBA,2010,201499,Candice Wiggins,1611661324,MIN,8,29.7,13.8,2.8,2.1,0.188,0.631,0.104,
WNBA,2010,200665,Cappie Pondexter,1611661313,NYL,34,34.3,21.4,4.5,4.9,0.269,0.604,0.174,
WNBA,2010,101049,Cathrine Kraayeveld,1611661329,CHI,34,21.2,5.2,2.7,1.3,0.152,0.467,0.057,
WNBA,2010,100356,Chamique Holdsclaw,1611661319,SAN,29,29.0,13.6,5.3,2.0,0.231,0.546,0.117,
WNBA,2010,202264,Chanel Mokango,1611661320,LAS,21,3.4,0.4,0.6,0.0,0.135,0.24,-0.014,
WNBA,2010,201884,Chante Black,1611661321,TUL,34,20.9,5.2,6.5,0.6,0.126,0.519,0.096,
WNBA,2010,201501,Charde Houston,1611661324,MIN,34,22.3,11.8,4.1,1.4,0.256,0.503,0.116,
WNBA,2010,100433,Chasity Melvin,1611661322,WAS,34,19.4,5.2,4.7,0.7,0.157,0.462,0.075,
WNBA,2010,100930,Christi Thomas,1611661329,CHI,15,8.4,1.3,1.7,0.1,0.106,0.42,-0.027,
WNBA,2010,100690,Coco Miller,1611661330,ATL,27,7.3,3.1,0.6,0.8,0.219,0.466,0.043,
WNBA,2010,201494,Crystal Kelly,1611661319,SAN,26,9.3,3.0,1.2,0.3,0.167,0.562,0.03,
WNBA,2010,201518,Crystal Langhorne,1611661322,WAS,34,34.1,16.3,9.7,1.1,0.204,0.632,0.19,
WNBA,2010,100396,DeLisha Milton-Jones,1611661320,LAS,34,32.2,15.4,4.7,2.5,0.232,0.559,0.103,
WNBA,2010,100533,DeMya Walker,1611661323,CON,31,11.0,4.1,2.1,0.8,0.208,0.503,0.048,
WNBA,2010,201886,DeWanna Bonner,1611661317,PHO,32,25.4,12.0,6.1,1.3,0.191,0.569,0.121,
WNBA,2010,100940,Diana Taurasi,1611661317,PHO,31,32.2,22.6,4.3,4.7,0.292,0.592,0.127,
WNBA,2010,100384,Dominique Canty,1611661329,CHI,34,26.0,9.0,2.6,3.4,0.195,0.504,0.073,
WNBA,2010,100928,Ebony Hoffman,1611661325,IND,34,24.0,8.0,4.2,1.3,0.184,0.478,0.077,
WNBA,2010,101018,Edwige Lawson-Wade,1611661319,SAN,33,21.9,6.5,1.9,2.8,0.153,0.54,0.075,
WNBA,2010,202259,Epiphanny Prince,1611661329,CHI,34,19.5,9.8,2.0,2.7,0.255,0.527,0.126,
WNBA,2010,100812,Erika de Souza,1611661330,ATL,34,25.7,12.4,8.3,0.9,0.195,0.575,0.132,
WNBA,2010,100835,Erin Thorn,1611661329,CHI,34,20.1,6.3,1.9,2.1,0.152,0.576,0.095,
WNBA,2010,201502,Essence Carson,1611661313,NYL,34,9.6,3.7,1.6,0.7,0.225,0.46,0.109,
WNBA,2010,202276,Gabriela Marginean,1611661324,MIN,4,2.9,0.5,1.0,0.3,0.143,0.2,0.0,
WNBA,2010,100731,Hamchetou Maiga-Ba,1611661324,MIN,34,13.7,3.2,2.3,0.9,0.144,0.427,0.038,
WNBA,2010,100457,Helen Darling,1611661319,SAN,33,11.9,1.9,1.0,1.4,0.129,0.427,0.023,
WNBA,2010,201056,Ivory Latta,1611661321,TUL,18,28.7,12.4,1.4,3.9,0.198,0.542,0.087,
WNBA,2010,100796,Iziane Castro Marques,1611661330,ATL,34,29.0,16.9,1.7,2.6,0.262,0.518,0.08,
WNBA,2010,202261,Jacinta Monroe,1611661322,WAS,17,6.9,2.1,0.9,0.2,0.161,0.496,0.043,
WNBA,2010,202239,Jana Vesela,1611661328,SEA,29,11.4,3.2,2.0,0.6,0.131,0.632,0.12,
WNBA,2010,101019,Janel McCarville,1611661313,NYL,34,28.4,8.8,5.9,2.2,0.183,0.502,0.095,
WNBA,2010,202251,Jayne Appel Marinelli,1611661319,SAN,28,10.9,3.4,2.5,0.5,0.156,0.558,0.092,
WNBA,2010,202265,Jene Morris,1611661325,IND,25,7.8,2.9,0.6,0.5,0.187,0.535,0.047,
WNBA,2010,101080,Jennifer Lacy,1611661321,TUL,24,16.8,7.0,3.0,0.8,0.202,0.504,0.058,
WNBA,2010,201882,Jessica Adair,1611661324,MIN,1,13.6,5.0,8.0,0.0,0.103,0.906,0.273,
WNBA,2010,201047,Jessica Davenport,1611661325,IND,33,14.2,7.4,2.8,0.5,0.225,0.613,0.133,
WNBA,2010,101042,Jessica Moore,1611661325,IND,33,13.1,3.1,2.1,0.4,0.133,0.494,0.032,
WNBA,2010,100952,Jia Perkins,1611661329,CHI,34,27.5,10.7,2.9,2.4,0.208,0.472,0.095,
WNBA,2010,202285,Joy Cheek,1611661325,IND,7,4.9,2.1,0.4,0.1,0.232,0.545,0.0,
WNBA,2010,202253,Kalana Greene,1611661313,NYL,33,15.7,4.5,1.6,0.9,0.157,0.505,0.058,
WNBA,2010,101025,Kara Braxton,1611661317,PHO,35,17.0,9.9,4.7,1.3,0.278,0.546,0.105,
WNBA,2010,100874,Kara Lawson,1611661323,CON,34,25.1,8.3,2.6,3.5,0.159,0.535,0.096,
WNBA,2010,100666,Katie Douglas,1611661325,IND,34,29.8,13.7,3.4,3.3,0.209,0.569,0.142,
WNBA,2010,100404,Katie Smith,1611661322,WAS,33,30.8,9.5,2.1,2.6,0.156,0.523,0.064,
WNBA,2010,100627,Kelly Miller,1611661330,ATL,30,16.4,3.6,1.9,2.6,0.121,0.453,0.073,
WNBA,2010,202254,Kelsey Griffin,1611661323,CON,34,20.0,4.4,4.7,1.1,0.127,0.468,0.073,
WNBA,2010,200704,Kerri Gardin,1611661323,CON,25,8.2,1.2,1.2,0.6,0.11,0.343,0.039,
WNBA,2010,201484,Ketia Swanier,1611661317,PHO,32,10.1,3.0,1.2,1.7,0.183,0.469,0.061,
WNBA,2010,201913,Kia Vaughn,1611661313,NYL,30,8.1,2.1,1.4,0.3,0.173,0.398,0.002,
WNBA,2010,100651,Kiesha Brown,1611661321,TUL,27,17.8,5.7,2.0,2.4,0.171,0.489,0.077,
WNBA,2010,101029,Kristen Mann,1611661324,MIN,5,3.0,0.6,0.0,0.0,0.136,0.25,-0.049,
WNBA,2010,201911,Kristi Toliver,1611661320,LAS,34,20.7,8.6,2.2,1.3,0.201,0.552,0.076,
WNBA,2010,100682,Lauren Jackson,1611661328,SEA,32,31.0,20.5,8.3,1.2,0.266,0.592,0.189,
WNBA,2010,100973,Le'coe Willingham,1611661328,SEA,33,15.6,5.5,4.1,0.7,0.15,0.613,0.116,
WNBA,2010,201507,Leilani Mitchell,1611661313,NYL,34,28.8,9.3,2.6,3.8,0.146,0.617,0.104,
WNBA,2010,100915,Lindsay Whalen,1611661324,MIN,33,33.6,12.6,4.0,5.6,0.18,0.53,0.126,
WNBA,2010,201918,Lindsay Wisdom-Hylton,1611661320,LAS,32,15.1,4.5,3.4,0.4,0.144,0.533,0.089,
WNBA,2010,201046,Lindsey Harding,1611661322,WAS,34,33.2,12.1,3.0,4.0,0.196,0.514,0.107,
WNBA,2010,100685,Marie Ferdinand-Harris,1611661320,LAS,30,24.3,8.9,2.7,1.2,0.192,0.489,0.067,
WNBA,2010,100887,Marion Jones,1611661321,TUL,33,9.4,3.4,1.6,0.6,0.15,0.564,0.079,
WNBA,2010,201889,Marissa Coleman,1611661322,WAS,34,19.5,6.5,3.3,1.5,0.164,0.536,0.106,
WNBA,2010,201492,Matee Ajavon,1611661322,WAS,34,14.6,5.9,1.6,1.4,0.231,0.444,0.065,
WNBA,2010,201892,Megan Frazee,1611661319,SAN,10,10.1,3.8,2.1,0.1,0.195,0.471,0.063,
WNBA,2010,100729,Michelle Snow,1611661319,SAN,34,24.1,10.4,6.2,1.6,0.195,0.607,0.139,
WNBA,2010,200691,Mistie Bass,1611661329,CHI,34,18.9,4.9,3.9,1.1,0.133,0.553,0.09,
WNBA,2010,202257,Monica Wright,1611661324,MIN,34,25.5,11.1,2.9,1.5,0.227,0.458,0.051,
WNBA,2010,200673,Monique Currie,1611661322,WAS,34,26.2,14.1,4.8,1.6,0.249,0.584,0.136,
WNBA,2010,100556,Nakia Sanford,1611661322,WAS,34,17.9,6.0,4.2,0.7,0.191,0.533,0.076,
WNBA,2010,201490,Natasha Lacy,1611661321,TUL,16,18.3,6.3,2.3,3.5,0.178,0.525,0.099,
WNBA,2010,201500,Nicky Anosike,1611661324,MIN,31,29.9,9.2,6.8,1.9,0.162,0.49,0.1,
WNBA,2010,100932,Nicole Ohlde,1611661321,TUL,32,16.4,4.8,2.6,0.8,0.161,0.485,0.044,
WNBA,2010,100919,Nicole Powell,1611661313,NYL,34,26.3,9.3,4.2,2.2,0.181,0.524,0.097,
WNBA,2010,200689,Nikki Blue,1611661313,NYL,15,5.1,1.2,0.4,0.9,0.183,0.374,0.011,
WNBA,2010,201049,Noelle Quinn,1611661320,LAS,34,32.5,10.2,4.0,2.8,0.155,0.525,0.092,
WNBA,2010,100945,Nuria Martinez,1611661324,MIN,15,8.5,1.8,0.7,0.7,0.157,0.33,-0.041,
WNBA,2010,100634,Penny Taylor,1611661317,PHO,32,30.0,15.9,4.4,5.0,0.203,0.64,0.138,
WNBA,2010,100888,Plenette Pierson,1611661313,NYL,33,16.5,9.7,3.5,1.2,0.279,0.541,0.12,
WNBA,2010,201895,Quanitra Hollingsworth,1611661324,MIN,25,7.3,1.7,1.8,0.2,0.15,0.448,-0.005,
WNBA,2010,201901,Rashanda McCants,1611661321,TUL,23,16.3,5.7,2.3,1.1,0.179,0.468,0.048,
WNBA,2010,100944,Rebekkah Brunson,1611661324,MIN,30,30.5,11.3,10.3,0.8,0.185,0.495,0.12,
WNBA,2010,201904,Renee Montgomery,1611661323,CON,34,27.7,13.3,2.2,4.1,0.233,0.526,0.108,
WNBA,2010,101033,Roneeka Hodges,1611661319,SAN,34,25.3,7.7,3.2,1.4,0.168,0.472,0.063,
WNBA,2010,100656,Ruth Riley,1611661319,SAN,20,13.0,3.8,2.3,1.0,0.141,0.597,0.077,
WNBA,2010,101023,Sancho Lyttle,1611661330,ATL,32,29.1,12.8,9.9,2.2,0.194,0.53,0.153,
WNBA,2010,101021,Sandora Irvin,1611661329,CHI,18,7.6,1.9,1.4,0.2,0.141,0.515,0.018,
WNBA,2010,201058,Sandrine Gruda,1611661323,CON,28,22.7,11.5,4.5,1.2,0.224,0.569,0.12,
WNBA,2010,200684,Scholanda Dorrell,1611661321,TUL,34,24.6,11.9,2.4,1.7,0.248,0.484,0.058,
WNBA,2010,200671,Seimone Augustus,1611661324,MIN,25,33.3,16.9,3.2,1.9,0.242,0.488,0.102,
WNBA,2010,201530,Sequoia Holmes,1611661317,PHO,15,8.0,1.8,1.3,0.4,0.196,0.296,-0.016,
WNBA,2010,201898,Shalee Lehning,1611661330,ATL,33,23.5,3.7,2.7,4.8,0.094,0.516,0.071,
WNBA,2010,100937,Shameka Christon,1611661329,CHI,10,21.3,8.5,2.4,2.4,0.202,0.5,0.083,
WNBA,2010,200686,Shanna Zolman,1611661321,TUL,30,21.3,9.7,1.4,1.6,0.205,0.533,0.075,
WNBA,2010,201919,Shavonte Zellous,1611661325,IND,31,15.6,5.7,1.9,1.5,0.216,0.444,0.058,
WNBA,2010,201062,Shay Murphy,1611661329,CHI,26,14.5,5.1,3.1,1.2,0.219,0.414,0.071,
WNBA,2010,201086,Sidney Spencer,1611661313,NYL,20,8.4,2.6,0.8,0.3,0.134,0.605,0.073,
WNBA,2010,200674,Sophia Young-Malcolm,1611661319,SAN,34,31.8,15.3,5.2,2.4,0.234,0.538,0.115,
WNBA,2010,100720,Sue Bird,1611661328,SEA,33,30.5,11.1,2.7,5.8,0.171,0.554,0.142,
WNBA,2010,100658,Svetlana Abrosimova,1611661328,SEA,34,20.2,7.6,3.1,2.0,0.195,0.507,0.096,
WNBA,2010,100721,Swin Cash,1611661328,SEA,34,30.8,13.8,6.0,2.0,0.228,0.544,0.1,
WNBA,2010,201480,Sylvia Fowles,1611661329,CHI,34,32.0,17.8,9.9,1.5,0.234,0.634,0.213,
WNBA,2010,100412,Taj McWilliams-Franklin,1611661313,NYL,34,29.2,10.6,5.4,2.0,0.171,0.576,0.114,
WNBA,2010,201477,Tamera Young,1611661329,CHI,32,18.6,6.8,3.1,1.6,0.222,0.446,0.064,
WNBA,2010,100646,Tamika Catchings,1611661325,IND,34,31.4,18.2,7.1,4.0,0.252,0.607,0.212,
WNBA,2010,100628,Tammy Sutton-Brown,1611661325,IND,34,25.7,8.1,5.1,0.9,0.168,0.506,0.089,
WNBA,2010,101020,Tan White,1611661323,CON,34,25.2,10.1,2.7,2.3,0.183,0.542,0.097,
WNBA,2010,100236,Tangela Smith,1611661317,PHO,34,29.2,9.2,5.2,0.9,0.149,0.499,0.05,
WNBA,2010,101030,Tanisha Wright,1611661328,SEA,34,29.1,9.2,3.3,4.5,0.168,0.521,0.094,
WNBA,2010,202316,Taylor Lilley,1611661317,PHO,21,10.8,3.3,0.9,0.7,0.147,0.557,0.049,
WNBA,2010,101024,Temeka Johnson,1611661317,PHO,34,27.3,9.2,3.2,4.7,0.174,0.491,0.074,
WNBA,2010,100234,Ticha Penicheiro,1611661320,LAS,32,26.4,4.9,4.0,6.9,0.12,0.525,0.122,
WNBA,2010,201050,Tiffany Jackson,1611661321,TUL,34,21.1,6.7,5.1,1.1,0.18,0.479,0.092,
WNBA,2010,200699,Tiffany Stansbury,1611661320,LAS,5,2.8,0.6,0.0,0.0,0.162,0.387,-0.063,
WNBA,2010,202250,Tina Charles,1611661323,CON,34,31.0,15.5,11.7,1.5,0.231,0.539,0.171,
WNBA,2010,100076,Tina Thompson,1611661320,LAS,33,33.2,16.6,6.2,1.8,0.238,0.557,0.117,
WNBA,2010,100284,Tully Bevilaqua,1611661325,IND,34,19.4,3.9,2.1,1.6,0.116,0.506,0.064,
WNBA,2010,200715,Yelena Leuchanka,1611661330,ATL,32,10.6,4.2,2.6,0.4,0.196,0.537,0.072,
WNBA,2011,202278,Abi Olajuwon,1611661321,TUL,16,6.2,1.0,0.8,0.1,0.143,0.298,-0.016,
WNBA,2011,202652,Alex Montgomery,1611661313,NYL,30,9.0,2.5,1.8,0.7,0.175,0.405,0.082,
WNBA,2011,202280,Alexis Gray-Lawson,1611661317,PHO,27,11.4,3.9,0.7,1.3,0.158,0.546,0.059,
WNBA,2011,201487,Alexis Hornbuckle,1611661324,MIN,29,7.2,1.1,1.1,0.6,0.111,0.459,0.031,
WNBA,2011,201054,Alison Bales,1611661330,ATL,34,20.2,5.0,4.7,1.2,0.106,0.538,0.119,
WNBA,2011,201516,Allie Quigley,1611661328,SEA,7,2.0,0.6,0.6,0.1,0.212,0.34,0.163,
WNBA,2011,202255,Allison Hightower,1611661323,CON,25,9.2,2.0,0.6,0.5,0.126,0.416,0.035,
WNBA,2011,202644,Amber Harris,1611661324,MIN,27,10.3,3.3,2.2,0.4,0.17,0.46,0.071,
WNBA,2011,201483,Amber Holt,1611661321,TUL,26,25.6,6.7,3.1,2.4,0.174,0.397,0.048,
WNBA,2011,202315,Andrea Riley,1611661321,TUL,33,19.0,6.0,1.2,1.8,0.213,0.436,0.02,
WNBA,2011,201881,Angel McCoughtry,1611661330,ATL,33,27.9,21.6,5.2,2.5,0.348,0.523,0.154,
WNBA,2011,202637,Angie Bjorklund,1611661329,CHI,7,6.2,1.1,0.3,0.3,0.131,0.325,-0.05,
WNBA,2011,201048,Armintie Herrington,1611661330,ATL,34,23.4,8.5,3.0,2.8,0.16,0.554,0.112,
WNBA,2011,100942,Ashley Robinson,1611661328,SEA,34,17.1,3.8,3.9,0.7,0.143,0.49,0.062,
WNBA,2011,100723,Asjha Jones,1611661323,CON,34,28.6,13.3,6.4,1.9,0.247,0.472,0.097,
WNBA,2011,100342,Becky Hammon,1611661319,SAN,33,31.8,15.9,2.9,5.8,0.247,0.586,0.143,
WNBA,2011,100696,Belinda Snell,1611661328,SEA,21,6.4,2.0,0.7,0.3,0.147,0.608,0.063,
WNBA,2011,100484,Betty Lennox,1611661321,TUL,9,6.1,1.9,0.9,0.6,0.244,0.332,-0.014,
WNBA,2011,201896,Briann January,1611661325,IND,10,28.6,8.6,1.4,5.0,0.19,0.504,0.054,
WNBA,2011,201067,Camille Smith,1611661328,SEA,33,26.9,9.6,5.2,1.6,0.207,0.506,0.094,
WNBA,2011,201496,Candace Parker,1611661320,LAS,17,32.6,18.5,8.6,2.8,0.254,0.592,0.192,
WNBA,2011,200676,Candice Dupree,1611661317,PHO,34,31.6,14.6,8.2,1.8,0.191,0.601,0.133,
WNBA,2011,201499,Candice Wiggins,1611661324,MIN,34,17.1,5.9,1.9,1.5,0.16,0.536,0.087,
WNBA,2011,200665,Cappie Pondexter,1611661313,NYL,34,33.9,17.4,4.1,4.7,0.262,0.503,0.132,
WNBA,2011,202670,Carolyn Swords,1611661329,CHI,29,7.5,2.7,1.8,0.3,0.155,0.606,0.115,
WNBA,2011,101049,Cathrine Kraayeveld,1611661329,CHI,33,20.6,5.9,2.6,1.2,0.136,0.562,0.075,
WNBA,2011,201501,Charde Houston,1611661324,MIN,27,7.8,2.9,1.7,0.5,0.221,0.426,0.061,
WNBA,2011,202665,Chastity Reed,1611661321,TUL,11,13.1,3.5,1.9,0.7,0.184,0.391,0.001,
WNBA,2011,100690,Coco Miller,1611661330,ATL,31,17.4,7.3,1.9,1.4,0.202,0.476,0.063,
WNBA,2011,201907,Courtney Paris,1611661330,ATL,28,9.6,3.4,3.1,0.4,0.141,0.53,0.114,
WNBA,2011,202664,Courtney Vandersloot,1611661329,CHI,34,22.9,6.5,2.0,3.7,0.187,0.467,0.058,
WNBA,2011,201518,Crystal Langhorne,1611661322,WAS,31,34.3,18.2,7.6,1.6,0.247,0.572,0.145,
WNBA,2011,202634,Danielle Adams,1611661319,SAN,23,20.9,12.4,4.3,0.6,0.254,0.547,0.115,
WNBA,2011,202263,Danielle McCray,1611661323,CON,34,15.1,5.9,2.3,1.2,0.186,0.528,0.087,
WNBA,2011,202658,Danielle Robinson,1611661319,SAN,34,23.1,8.2,2.3,3.9,0.178,0.551,0.103,
WNBA,2011,100396,DeLisha Milton-Jones,1611661320,LAS,34,26.2,11.7,4.6,2.0,0.232,0.541,0.09,
WNBA,2011,100533,DeMya Walker,1611661322,WAS,30,16.3,5.0,3.2,0.8,0.188,0.453,0.035,
WNBA,2011,201886,DeWanna Bonner,1611661317,PHO,34,25.2,10.7,7.0,0.8,0.179,0.566,0.148,
WNBA,2011,100940,Diana Taurasi,1611661317,PHO,32,30.1,21.6,3.2,3.6,0.284,0.62,0.135,
WNBA,2011,100384,Dominique Canty,1611661329,CHI,22,15.1,4.1,1.2,2.0,0.211,0.361,0.012,
WNBA,2011,100931,Doneeka Lewis,1611661321,TUL,5,20.2,6.2,2.2,2.8,0.23,0.36,0.028,
WNBA,2011,100928,Ebony Hoffman,1611661320,LAS,34,22.1,7.5,4.2,1.1,0.179,0.529,0.087,
WNBA,2011,202259,Epiphanny Prince,1611661329,CHI,34,29.4,13.6,2.1,3.0,0.24,0.482,0.099,
WNBA,2011,100812,Erika de Souza,1611661330,ATL,32,27.4,11.8,7.5,1.0,0.2,0.515,0.119,
WNBA,2011,101039,Erin Phillips,1611661325,IND,31,22.2,8.6,2.8,2.4,0.183,0.586,0.13,
WNBA,2011,100835,Erin Thorn,1611661329,CHI,34,16.8,5.4,1.7,2.4,0.178,0.531,0.102,
WNBA,2011,201502,Essence Carson,1611661313,NYL,32,22.6,11.3,2.8,1.7,0.237,0.511,0.129,
WNBA,2011,202318,Ewelina Kobryn,1611661328,SEA,18,6.8,1.4,1.2,0.3,0.15,0.415,0.053,
WNBA,2011,202639,Felicia Chester-Wootton,1611661313,NYL,4,6.8,0.5,2.0,0.0,0.065,0.258,0.02,
WNBA,2011,202645,Ify Ibekwe,1611661328,SEA,3,2.8,0.0,1.0,0.0,0.167,0.0,0.0,
WNBA,2011,201056,Ivory Latta,1611661321,TUL,24,28.5,12.2,2.0,3.2,0.233,0.511,0.08,
WNBA,2011,100796,Iziane Castro Marques,1611661330,ATL,34,19.8,7.6,1.7,1.7,0.218,0.423,0.044,
WNBA,2011,202261,Jacinta Monroe,1611661321,TUL,4,5.3,0.0,1.0,0.3,0.109,0.0,-0.096,
WNBA,2011,202650,Jantel Lavender,1611661320,LAS,33,14.8,6.6,3.1,0.5,0.214,0.532,0.102,
WNBA,2011,202662,Jasmine Thomas,1611661322,WAS,34,19.3,6.4,2.1,1.9,0.205,0.424,0.053,
WNBA,2011,202251,Jayne Appel Marinelli,1611661319,SAN,31,14.6,3.2,4.6,0.8,0.121,0.495,0.101,
WNBA,2011,202656,Jeanette Pohlen-Mavunga,1611661325,IND,34,15.8,4.1,1.4,1.0,0.109,0.635,0.086,
WNBA,2011,202626,Jenna O'Hea,1611661320,LAS,31,16.3,4.8,1.5,1.3,0.134,0.59,0.066,
WNBA,2011,101080,Jennifer Lacy,1611661321,TUL,34,19.2,6.3,2.6,1.0,0.186,0.49,0.045,
WNBA,2011,201882,Jessica Adair,1611661324,MIN,31,10.3,4.3,2.9,0.3,0.202,0.53,0.098,
WNBA,2011,202638,Jessica Breland,1611661323,CON,13,5.8,1.5,1.1,0.3,0.152,0.419,0.074,
WNBA,2011,201047,Jessica Davenport,1611661325,IND,34,21.1,10.7,4.8,0.5,0.236,0.568,0.138,
WNBA,2011,101042,Jessica Moore,1611661323,CON,29,6.9,1.7,0.8,0.2,0.132,0.501,0.036,
WNBA,2011,100952,Jia Perkins,1611661319,SAN,34,25.0,12.0,3.5,1.4,0.226,0.511,0.118,
WNBA,2011,202285,Joy Cheek,1611661322,WAS,3,5.3,1.0,1.0,0.0,0.154,0.338,-0.014,
WNBA,2011,202253,Kalana Greene,1611661323,CON,33,23.7,5.6,3.8,1.5,0.121,0.498,0.076,
WNBA,2011,101025,Kara Braxton,1611661313,NYL,31,16.8,7.8,4.1,1.1,0.225,0.536,0.087,
WNBA,2011,100874,Kara Lawson,1611661323,CON,33,25.2,10.4,2.6,2.9,0.169,0.613,0.13,
WNBA,2011,202640,Karima Christmas-Kelly,1611661321,TUL,31,10.0,3.3,1.2,0.2,0.188,0.472,0.028,
WNBA,2011,100666,Katie Douglas,1611661325,IND,32,29.4,13.9,3.9,2.8,0.221,0.574,0.133,
WNBA,2011,100404,Katie Smith,1611661328,SEA,34,25.1,7.5,2.3,2.0,0.155,0.535,0.08,
WNBA,2011,202653,Kayla Pedersen,1611661321,TUL,33,23.8,6.8,3.6,1.8,0.149,0.505,0.088,
WNBA,2011,100920,Kelly Mazzante,1611661330,ATL,6,5.6,0.5,0.3,0.0,0.144,0.125,-0.101,
WNBA,2011,100627,Kelly Miller,1611661322,WAS,34,27.7,7.4,2.3,2.8,0.142,0.519,0.063,
WNBA,2011,202254,Kelsey Griffin,1611661323,CON,34,13.0,3.6,3.1,0.5,0.143,0.45,0.1,
WNBA,2011,200704,Kerri Gardin,1611661322,WAS,28,14.0,1.5,2.7,1.0,0.108,0.3,0.042,
WNBA,2011,201484,Ketia Swanier,1611661317,PHO,29,14.8,2.7,1.9,2.3,0.135,0.447,0.043,
WNBA,2011,201913,Kia Vaughn,1611661313,NYL,34,28.1,10.1,6.7,1.1,0.179,0.527,0.113,
WNBA,2011,201911,Kristi Toliver,1611661320,LAS,32,23.6,11.2,1.9,2.9,0.231,0.555,0.097,
WNBA,2011,202663,Krystal Thomas,1611661317,PHO,15,8.0,1.5,0.8,0.1,0.104,0.586,-0.005,
WNBA,2011,201506,LaToya Sanders,1611661320,LAS,20,11.1,3.9,2.4,0.3,0.156,0.576,0.105,
WNBA,2011,100682,Lauren Jackson,1611661328,SEA,13,24.8,12.2,4.9,0.3,0.24,0.517,0.125,
WNBA,2011,100973,Le'coe Willingham,1611661328,SEA,34,19.1,6.4,4.2,1.1,0.182,0.528,0.103,
WNBA,2011,201507,Leilani Mitchell,1611661313,NYL,34,25.4,5.6,2.1,2.9,0.12,0.502,0.067,
WNBA,2011,100915,Lindsay Whalen,1611661324,MIN,34,28.1,13.6,3.5,5.9,0.219,0.575,0.156,
WNBA,2011,201918,Lindsay Wisdom-Hylton,1611661329,CHI,29,8.1,1.7,1.9,0.6,0.141,0.425,0.065,
WNBA,2011,201046,Lindsey Harding,1611661330,ATL,34,30.5,10.5,3.2,4.8,0.172,0.512,0.105,
WNBA,2011,202633,Liz Cambage,1611661321,TUL,33,20.0,11.5,4.7,0.5,0.264,0.586,0.135,
WNBA,2011,100685,Marie Ferdinand-Harris,1611661317,PHO,34,17.4,6.8,1.5,1.1,0.225,0.415,0.031,
WNBA,2011,100887,Marion Jones,1611661321,TUL,14,6.5,0.7,0.4,0.2,0.127,0.22,-0.046,
WNBA,2011,201889,Marissa Coleman,1611661322,WAS,34,27.0,8.6,4.8,1.4,0.169,0.496,0.077,
WNBA,2011,201492,Matee Ajavon,1611661322,WAS,34,31.3,14.7,2.4,3.1,0.255,0.494,0.077,
WNBA,2011,202632,Maya Moore,1611661324,MIN,34,28.0,13.2,4.6,2.6,0.213,0.549,0.123,
WNBA,2011,100729,Michelle Snow,1611661329,CHI,34,24.1,5.9,6.3,1.9,0.151,0.5,0.106,
WNBA,2011,202629,Miranda Ayim,1611661321,TUL,3,14.1,2.7,2.3,0.7,0.136,0.405,-0.006,
WNBA,2011,202257,Monica Wright,1611661324,MIN,29,13.6,5.1,1.6,1.1,0.202,0.462,0.086,
WNBA,2011,200673,Monique Currie,1611661322,WAS,4,19.1,11.8,4.3,1.0,0.292,0.559,0.139,
WNBA,2011,100556,Nakia Sanford,1611661317,PHO,33,14.4,4.2,4.2,0.4,0.134,0.564,0.073,
WNBA,2011,201490,Natasha Lacy,1611661320,LAS,29,13.6,5.0,2.2,1.7,0.217,0.468,0.104,
WNBA,2011,201500,Nicky Anosike,1611661322,WAS,34,27.2,7.0,7.2,1.4,0.16,0.444,0.096,
WNBA,2011,100919,Nicole Powell,1611661313,NYL,33,28.3,9.7,4.2,2.3,0.174,0.528,0.096,
WNBA,2011,201049,Noelle Quinn,1611661320,LAS,33,20.6,5.1,1.8,2.0,0.136,0.487,0.071,
WNBA,2011,201489,Olayinka Sanni,1611661317,PHO,14,5.2,1.6,0.7,0.0,0.171,0.624,-0.061,
WNBA,2011,100634,Penny Taylor,1611661317,PHO,29,29.8,16.7,4.9,4.7,0.215,0.642,0.166,
WNBA,2011,100888,Plenette Pierson,1611661313,NYL,33,28.6,12.9,5.2,1.4,0.219,0.527,0.113,
WNBA,2011,202654,Porsha Phillips,1611661319,SAN,31,8.3,1.8,1.9,0.3,0.125,0.408,0.047,
WNBA,2011,201895,Quanitra Hollingsworth,1611661313,NYL,31,16.9,4.6,4.4,0.3,0.142,0.57,0.078,
WNBA,2011,100944,Rebekkah Brunson,1611661324,MIN,34,27.6,10.2,8.9,1.2,0.175,0.549,0.135,
WNBA,2011,201904,Renee Montgomery,1611661323,CON,34,29.1,14.6,2.1,4.9,0.237,0.548,0.124,
WNBA,2011,101033,Roneeka Hodges,1611661319,SAN,28,9.8,3.9,1.3,0.5,0.155,0.598,0.122,
WNBA,2011,100656,Ruth Riley,1611661319,SAN,34,19.0,5.6,3.8,1.2,0.148,0.532,0.086,
WNBA,2011,101023,Sancho Lyttle,1611661330,ATL,22,26.2,10.0,6.3,2.1,0.192,0.491,0.125,
WNBA,2011,101021,Sandora Irvin,1611661330,ATL,30,8.3,1.8,2.5,0.5,0.134,0.398,0.055,
WNBA,2011,200684,Scholanda Dorrell,1611661319,SAN,32,16.2,4.8,1.5,0.4,0.167,0.439,0.034,
WNBA,2011,200671,Seimone Augustus,1611661324,MIN,34,29.3,16.2,3.5,2.2,0.236,0.562,0.143,
WNBA,2011,201898,Shalee Lehning,1611661330,ATL,18,12.1,2.1,1.3,2.3,0.109,0.581,0.072,
WNBA,2011,201497,Shannon Bobbitt,1611661325,IND,31,14.2,3.9,1.3,1.7,0.169,0.476,0.074,
WNBA,2011,201919,Shavonte Zellous,1611661325,IND,33,14.0,5.5,2.4,1.4,0.193,0.557,0.103,
WNBA,2011,201062,Shay Murphy,1611661329,CHI,10,20.5,9.8,4.8,1.1,0.233,0.509,0.12,
WNBA,2011,100072,Sheryl Swoopes,1611661321,TUL,33,26.6,8.2,4.1,2.3,0.165,0.494,0.097,
WNBA,2011,101032,Shyra Ely-Gash,1611661325,IND,33,10.7,3.1,2.2,0.3,0.184,0.423,0.042,
WNBA,2011,201086,Sidney Spencer,1611661317,PHO,24,7.4,2.3,0.8,0.5,0.135,0.531,0.069,
WNBA,2011,200674,Sophia Young-Malcolm,1611661319,SAN,33,31.6,13.2,6.4,2.3,0.23,0.465,0.115,
WNBA,2011,100720,Sue Bird,1611661328,SEA,34,33.0,14.7,2.9,4.9,0.217,0.569,0.15,
WNBA,2011,100721,Swin Cash,1611661328,SEA,34,33.2,13.3,6.9,2.4,0.224,0.513,0.116,
WNBA,2011,202641,Sydney Colson,1611661313,NYL,16,5.4,1.4,0.4,0.6,0.196,0.486,0.016,
WNBA,2011,201480,Sylvia Fowles,1611661329,CHI,34,34.6,20.0,10.2,0.6,0.241,0.637,0.2,
WNBA,2011,202655,Ta'Shia Phillips,1611661313,NYL,15,4.8,1.5,1.3,0.1,0.143,0.542,0.02,
WNBA,2011,100412,Taj McWilliams-Franklin,1611661324,MIN,34,28.4,8.3,6.0,2.4,0.156,0.488,0.097,
WNBA,2011,201477,Tamera Young,1611661329,CHI,33,24.0,7.9,3.8,1.3,0.186,0.475,0.061,
WNBA,2011,100646,Tamika Catchings,1611661325,IND,33,31.5,15.5,7.1,3.5,0.23,0.561,0.18,
WNBA,2011,100628,Tammy Sutton-Brown,1611661325,IND,34,19.0,5.5,3.1,0.6,0.146,0.554,0.089,
WNBA,2011,101020,Tan White,1611661323,CON,34,22.0,5.9,2.9,1.9,0.146,0.47,0.079,
WNBA,2011,100236,Tangela Smith,1611661325,IND,33,21.5,7.2,3.1,1.5,0.187,0.472,0.06,
WNBA,2011,101030,Tanisha Wright,1611661328,SEA,33,28.9,10.1,3.2,2.9,0.183,0.597,0.101,
WNBA,2011,101024,Temeka Johnson,1611661317,PHO,30,23.9,6.4,2.0,4.4,0.14,0.534,0.078,
WNBA,2011,100234,Ticha Penicheiro,1611661320,LAS,34,23.7,6.0,2.8,4.8,0.139,0.598,0.113,
WNBA,2011,201050,Tiffany Jackson,1611661321,TUL,34,33.9,12.4,8.4,2.0,0.195,0.529,0.118,
WNBA,2011,202250,Tina Charles,1611661323,CON,34,33.4,17.6,11.0,1.9,0.262,0.498,0.152,
WNBA,2011,100076,Tina Thompson,1611661320,LAS,34,25.0,9.9,4.6,1.1,0.221,0.497,0.08,
WNBA,2011,100284,Tully Bevilaqua,1611661319,SAN,34,14.5,2.9,1.4,1.6,0.107,0.55,0.082,
WNBA,2011,202643,Victoria Dunlap,1611661322,WAS,26,8.4,2.3,1.7,0.4,0.162,0.458,0.088,
WNBA,2012,100949,Alana Beard,1611661320,LAS,33,30.8,11.4,2.2,3.3,0.182,0.535,0.08,
WNBA,2012,202652,Alex Montgomery,1611661313,NYL,26,8.1,2.5,1.8,0.4,0.174,0.465,0.092,
WNBA,2012,202280,Alexis Gray-Lawson,1611661317,PHO,19,16.7,4.5,2.0,1.2,0.171,0.375,0.012,
WNBA,2012,201487,Alexis Hornbuckle,1611661317,PHO,34,25.5,6.5,4.2,2.0,0.165,0.404,0.042,
WNBA,2012,202255,Allison Hightower,1611661323,CON,34,24.3,6.8,2.3,2.5,0.168,0.424,0.055,
WNBA,2012,202252,Alysha Clark,1611661328,SEA,23,10.3,3.4,2.0,0.3,0.155,0.653,0.096,
WNBA,2012,202644,Amber Harris,1611661324,MIN,27,8.9,3.5,1.9,0.6,0.195,0.476,0.098,
WNBA,2012,201483,Amber Holt,1611661321,TUL,24,19.0,5.8,1.9,1.2,0.149,0.496,0.069,
WNBA,2012,202315,Andrea Riley,1611661317,PHO,11,9.0,2.3,0.8,1.4,0.218,0.309,0.002,
WNBA,2012,202623,Aneika Morello,1611661330,ATL,34,18.0,4.8,4.1,0.4,0.129,0.514,0.082,
WNBA,2012,201881,Angel McCoughtry,1611661330,ATL,24,29.9,21.4,5.0,2.9,0.328,0.548,0.169,
WNBA,2012,100445,Ann Wauters,1611661328,SEA,25,23.0,9.6,5.8,1.4,0.217,0.579,0.145,
WNBA,2012,203040,April Sykes,1611661320,LAS,30,8.6,3.1,1.1,0.6,0.178,0.491,0.06,
WNBA,2012,201048,Armintie Herrington,1611661330,ATL,34,26.6,8.4,3.7,2.5,0.152,0.544,0.092,
WNBA,2012,100942,Ashley Robinson,1611661322,WAS,33,16.2,3.1,3.3,0.9,0.138,0.409,0.042,
WNBA,2012,100723,Asjha Jones,1611661323,CON,20,27.9,12.2,7.1,2.0,0.238,0.494,0.111,
WNBA,2012,203069,Avery Warley-Talbert,1611661317,PHO,28,17.8,3.1,5.7,0.2,0.098,0.506,0.051,
WNBA,2012,100342,Becky Hammon,1611661319,SAN,33,30.2,14.7,2.5,5.3,0.229,0.598,0.129,
WNBA,2012,203046,Briana Butler,1611661317,PHO,11,23.5,7.0,3.6,1.1,0.148,0.485,0.069,
WNBA,2012,201896,Briann January,1611661325,IND,31,28.3,10.3,1.8,3.9,0.187,0.565,0.089,
WNBA,2012,201067,Camille Smith,1611661328,SEA,34,27.8,11.3,5.1,1.9,0.214,0.563,0.107,
WNBA,2012,201496,Candace Parker,1611661320,LAS,33,30.7,17.4,9.7,3.3,0.264,0.536,0.191,
WNBA,2012,200676,Candice Dupree,1611661317,PHO,13,26.5,13.2,4.8,1.3,0.227,0.527,0.118,
WNBA,2012,201499,Candice Wiggins,1611661324,MIN,34,21.8,6.8,2.1,2.0,0.159,0.544,0.063,
WNBA,2012,200665,Cappie Pondexter,1611661313,NYL,34,34.2,20.4,4.5,4.3,0.285,0.538,0.149,
WNBA,2012,202670,Carolyn Swords,1611661329,CHI,30,11.1,4.0,3.2,0.3,0.157,0.591,0.105,
WNBA,2012,101049,Cathrine Kraayeveld,1611661330,ATL,33,15.4,4.6,2.8,0.8,0.137,0.544,0.093,
WNBA,2012,201884,Chante Black,1611661321,TUL,29,12.6,3.2,2.7,0.3,0.128,0.547,0.079,
WNBA,2012,201501,Charde Houston,1611661317,PHO,27,25.7,12.0,3.4,1.6,0.228,0.493,0.077,
WNBA,2012,203033,Chay Shegog,1611661323,CON,3,2.9,1.0,0.7,0.0,0.217,0.387,-0.07,
WNBA,2012,100690,Coco Miller,1611661320,LAS,10,14.1,2.6,2.7,1.1,0.141,0.343,0.044,
WNBA,2012,201907,Courtney Paris,1611661321,TUL,27,9.4,3.2,3.1,0.4,0.159,0.519,0.094,
WNBA,2012,202664,Courtney Vandersloot,1611661329,CHI,34,26.7,8.9,2.1,4.6,0.207,0.476,0.073,
WNBA,2012,201518,Crystal Langhorne,1611661322,WAS,31,32.2,14.7,6.3,1.4,0.21,0.585,0.135,
WNBA,2012,202634,Danielle Adams,1611661319,SAN,34,20.2,11.8,4.7,1.0,0.256,0.547,0.115,
WNBA,2012,202263,Danielle McCray,1611661323,CON,28,13.9,4.8,2.0,1.2,0.185,0.475,0.064,
WNBA,2012,202658,Danielle Robinson,1611661319,SAN,34,28.9,9.9,2.5,4.3,0.16,0.569,0.105,
WNBA,2012,202999,Dawn Evans,1611661320,LAS,3,4.9,0.7,0.0,1.0,0.233,0.2,-0.04,
WNBA,2012,100396,DeLisha Milton-Jones,1611661320,LAS,34,27.2,10.0,4.4,1.8,0.18,0.516,0.077,
WNBA,2012,100533,DeMya Walker,1611661313,NYL,33,15.9,3.0,2.8,1.0,0.15,0.423,0.013,
WNBA,2012,201886,DeWanna Bonner,1611661317,PHO,32,35.0,20.6,7.2,2.2,0.279,0.487,0.148,
WNBA,2012,203016,Devereaux Peters,1611661324,MIN,30,14.1,5.3,3.8,1.1,0.173,0.601,0.114,
WNBA,2012,100940,Diana Taurasi,1611661317,PHO,8,20.7,14.0,1.6,2.3,0.269,0.614,0.146,
WNBA,2012,100384,Dominique Canty,1611661322,WAS,6,11.9,2.8,1.3,1.0,0.229,0.31,-0.06,
WNBA,2012,203013,Dymond Simon,1611661317,PHO,8,12.2,3.8,1.5,1.9,0.259,0.327,0.017,
WNBA,2012,100928,Ebony Hoffman,1611661320,LAS,20,10.4,2.5,2.1,0.5,0.148,0.434,0.052,
WNBA,2012,202259,Epiphanny Prince,1611661329,CHI,26,30.0,18.1,3.5,3.1,0.254,0.584,0.164,
WNBA,2012,100812,Erika de Souza,1611661330,ATL,15,29.9,11.6,8.2,1.6,0.184,0.54,0.133,
WNBA,2012,101039,Erin Phillips,1611661325,IND,29,21.4,6.1,2.8,2.2,0.147,0.515,0.09,
WNBA,2012,100835,Erin Thorn,1611661324,MIN,26,7.5,2.0,0.9,0.9,0.134,0.524,0.107,
WNBA,2012,201503,Erlana Larkins,1611661325,IND,34,15.5,4.1,4.4,1.1,0.135,0.569,0.132,
WNBA,2012,201502,Essence Carson,1611661313,NYL,34,27.3,11.6,3.4,1.7,0.226,0.47,0.094,
WNBA,2012,202318,Ewelina Kobryn,1611661328,SEA,33,13.3,4.8,2.4,0.5,0.213,0.5,0.082,
WNBA,2012,203017,Glory Johnson,1611661321,TUL,34,28.2,11.5,6.8,1.1,0.195,0.55,0.115,
WNBA,2012,201056,Ivory Latta,1611661321,TUL,34,28.3,14.3,2.2,3.3,0.233,0.55,0.107,
WNBA,2012,100796,Iziane Castro Marques,1611661322,WAS,11,12.0,3.1,1.1,0.7,0.208,0.303,-0.007,
WNBA,2012,202650,Jantel Lavender,1611661320,LAS,34,14.4,5.6,3.9,0.5,0.18,0.543,0.105,
WNBA,2012,202662,Jasmine Thomas,1611661322,WAS,34,22.4,8.2,2.4,2.8,0.22,0.462,0.075,
WNBA,2012,202251,Jayne Appel Marinelli,1611661319,SAN,33,18.9,3.5,6.5,1.2,0.1,0.593,0.111,
WNBA,2012,202656,Jeanette Pohlen-Mavunga,1611661325,IND,34,16.9,4.4,1.7,1.1,0.128,0.563,0.077,
WNBA,2012,202265,Jene Morris,1611661321,TUL,9,9.1,1.9,1.0,0.2,0.103,0.504,0.035,
WNBA,2012,202626,Jenna O'Hea,1611661320,LAS,8,18.0,4.8,2.5,2.0,0.103,0.677,0.097,
WNBA,2012,101080,Jennifer Lacy,1611661321,TUL,26,22.0,8.5,2.6,0.8,0.191,0.518,0.043,
WNBA,2012,201882,Jessica Adair,1611661324,MIN,19,8.8,2.4,2.1,0.3,0.177,0.439,0.025,
WNBA,2012,201047,Jessica Davenport,1611661325,IND,34,15.1,6.7,3.4,0.6,0.232,0.533,0.117,
WNBA,2012,101042,Jessica Moore,1611661323,CON,16,6.7,1.7,1.1,0.1,0.136,0.534,0.004,
WNBA,2012,100952,Jia Perkins,1611661319,SAN,33,23.0,10.6,2.8,1.9,0.225,0.482,0.111,
WNBA,2012,203030,Julie Wojta,1611661324,MIN,1,4.2,0.0,2.0,0.0,0.231,0.0,-0.333,
WNBA,2012,202253,Kalana Greene,1611661323,CON,34,17.8,4.2,1.9,1.7,0.12,0.506,0.077,
WNBA,2012,101025,Kara Braxton,1611661313,NYL,34,15.7,6.6,4.5,1.1,0.242,0.486,0.089,
WNBA,2012,100874,Kara Lawson,1611661323,CON,34,31.4,15.1,3.9,4.0,0.182,0.656,0.154,
WNBA,2012,202640,Karima Christmas-Kelly,1611661325,IND,30,11.2,3.2,2.1,0.5,0.154,0.439,0.085,
WNBA,2012,203047,Katelan Redmon,1611661313,NYL,7,6.0,1.0,1.1,0.3,0.157,0.235,-0.082,
WNBA,2012,100666,Katie Douglas,1611661325,IND,32,30.9,16.5,3.8,2.2,0.247,0.543,0.133,
WNBA,2012,100404,Katie Smith,1611661328,SEA,34,27.0,6.7,2.7,2.1,0.131,0.563,0.071,
WNBA,2012,202653,Kayla Pedersen,1611661321,TUL,27,23.2,4.2,4.4,1.6,0.137,0.345,0.035,
WNBA,2012,203020,Kelley Cain,1611661313,NYL,20,6.8,1.2,1.5,0.1,0.105,0.504,0.051,
WNBA,2012,100627,Kelly Miller,1611661313,NYL,11,7.5,1.0,0.7,0.5,0.176,0.221,-0.064,
WNBA,2012,202254,Kelsey Griffin,1611661323,CON,31,12.1,3.1,2.9,0.5,0.156,0.417,0.065,
WNBA,2012,201484,Ketia Swanier,1611661330,ATL,34,11.4,2.2,1.4,1.9,0.149,0.407,0.069,
WNBA,2012,201913,Kia Vaughn,1611661313,NYL,31,22.9,6.4,5.0,0.9,0.158,0.45,0.08,
WNBA,2012,201911,Kristi Toliver,1611661320,LAS,34,31.5,17.5,3.2,4.9,0.232,0.636,0.134,
WNBA,2012,202663,Krystal Thomas,1611661317,PHO,29,26.6,6.4,8.0,0.9,0.137,0.497,0.065,
WNBA,2012,100682,Lauren Jackson,1611661328,SEA,9,18.5,10.2,5.6,0.2,0.279,0.505,0.139,
WNBA,2012,101084,Laurie Koehn,1611661330,ATL,23,4.9,1.8,0.4,0.1,0.181,0.5,0.052,
WNBA,2012,100973,Le'coe Willingham,1611661329,CHI,33,18.5,3.5,2.9,0.9,0.142,0.413,0.019,
WNBA,2012,201507,Leilani Mitchell,1611661313,NYL,34,26.7,6.5,2.5,3.0,0.122,0.555,0.076,
WNBA,2012,100915,Lindsay Whalen,1611661324,MIN,33,27.0,11.5,4.2,5.4,0.197,0.566,0.142,
WNBA,2012,201918,Lindsay Wisdom-Hylton,1611661322,WAS,34,14.7,4.0,2.9,0.9,0.153,0.502,0.092,
WNBA,2012,201046,Lindsey Harding,1611661330,ATL,34,30.6,12.3,2.8,4.5,0.2,0.501,0.122,
WNBA,2012,203041,Lynetta Kizer,1611661317,PHO,22,13.6,5.7,3.0,0.3,0.202,0.486,0.083,
WNBA,2012,201889,Marissa Coleman,1611661320,LAS,34,16.1,3.1,2.6,1.1,0.114,0.425,0.062,
WNBA,2012,201492,Matee Ajavon,1611661322,WAS,33,21.6,7.9,1.8,2.0,0.238,0.423,0.036,
WNBA,2012,202632,Maya Moore,1611661324,MIN,34,29.7,16.4,6.0,3.6,0.225,0.592,0.162,
WNBA,2012,100729,Michelle Snow,1611661322,WAS,32,20.1,5.9,5.4,0.6,0.156,0.556,0.103,
WNBA,2012,200691,Mistie Bass,1611661323,CON,32,18.7,8.0,4.5,1.0,0.185,0.574,0.124,
WNBA,2012,202257,Monica Wright,1611661324,MIN,34,19.4,8.6,2.4,1.9,0.213,0.548,0.098,
WNBA,2012,200673,Monique Currie,1611661322,WAS,34,24.1,12.0,3.6,1.7,0.249,0.52,0.105,
WNBA,2012,100556,Nakia Sanford,1611661317,PHO,30,16.7,4.1,3.3,0.6,0.141,0.475,0.025,
WNBA,2012,203021,Natalie Novosel,1611661322,WAS,31,9.9,3.2,1.3,0.7,0.181,0.435,0.071,
WNBA,2012,201490,Natasha Lacy,1611661322,WAS,20,12.9,3.9,2.1,1.3,0.191,0.433,0.075,
WNBA,2012,201500,Nicky Anosike,1611661320,LAS,10,5.7,1.0,1.2,0.5,0.129,0.47,0.082,
WNBA,2012,100919,Nicole Powell,1611661313,NYL,34,27.1,7.0,4.3,1.4,0.13,0.539,0.086,
WNBA,2012,203014,Nneka Ogwumike,1611661320,LAS,33,27.9,14.0,7.5,1.2,0.198,0.583,0.149,
WNBA,2012,201049,Noelle Quinn,1611661322,WAS,30,22.2,6.5,2.9,1.8,0.147,0.501,0.094,
WNBA,2012,100888,Plenette Pierson,1611661313,NYL,26,24.6,12.0,5.4,2.3,0.246,0.523,0.12,
WNBA,2012,100944,Rebekkah Brunson,1611661324,MIN,31,27.0,11.4,8.9,1.2,0.186,0.546,0.145,
WNBA,2012,201904,Renee Montgomery,1611661323,CON,34,24.0,11.6,1.9,2.6,0.242,0.503,0.09,
WNBA,2012,203029,Riquna Williams,1611661321,TUL,33,20.3,10.5,2.4,2.1,0.271,0.458,0.093,
WNBA,2012,101033,Roneeka Hodges,1611661321,TUL,32,19.3,7.6,1.9,1.4,0.19,0.525,0.092,
WNBA,2012,100656,Ruth Riley,1611661329,CHI,33,14.4,2.7,2.4,1.0,0.121,0.435,0.048,
WNBA,2012,203019,Samantha Prahalis,1611661317,PHO,28,31.6,11.6,3.2,4.5,0.209,0.444,0.076,
WNBA,2012,101023,Sancho Lyttle,1611661330,ATL,34,31.6,14.0,7.6,2.5,0.239,0.465,0.137,
WNBA,2012,203067,Sasha Goodlett,1611661325,IND,26,7.6,3.1,1.6,0.2,0.199,0.483,0.108,
WNBA,2012,200684,Scholanda Dorrell,1611661321,TUL,26,14.8,4.2,1.2,0.5,0.167,0.436,0.016,
WNBA,2012,200671,Seimone Augustus,1611661324,MIN,29,28.5,16.6,3.6,2.5,0.237,0.576,0.148,
WNBA,2012,100937,Shameka Christon,1611661319,SAN,34,20.4,7.9,2.0,1.3,0.179,0.519,0.077,
WNBA,2012,201497,Shannon Bobbitt,1611661322,WAS,28,14.9,2.8,1.2,2.6,0.141,0.407,0.049,
WNBA,2012,201919,Shavonte Zellous,1611661325,IND,31,22.3,7.5,2.7,1.7,0.191,0.475,0.06,
WNBA,2012,201062,Shay Murphy,1611661329,CHI,29,18.6,8.5,2.9,0.9,0.21,0.551,0.124,
WNBA,2012,203015,Shekinna Stricklen,1611661328,SEA,34,23.1,8.0,4.3,1.2,0.184,0.495,0.103,
WNBA,2012,203018,Shenise Johnson,1611661319,SAN,34,17.1,5.6,3.9,1.4,0.181,0.468,0.095,
WNBA,2012,201909,Sonja Petrovic,1611661329,CHI,30,15.1,4.8,2.3,1.0,0.189,0.446,0.061,
WNBA,2012,200674,Sophia Young-Malcolm,1611661319,SAN,33,31.8,16.3,7.2,2.1,0.226,0.562,0.156,
WNBA,2012,100720,Sue Bird,1611661328,SEA,29,30.9,12.2,2.9,5.3,0.195,0.571,0.146,
WNBA,2012,100658,Svetlana Abrosimova,1611661328,SEA,19,17.3,4.6,2.9,1.6,0.206,0.401,0.058,
WNBA,2012,100721,Swin Cash,1611661329,CHI,34,30.0,10.6,5.8,2.3,0.208,0.465,0.086,
WNBA,2012,203039,Sydney Carter,1611661329,CHI,1,8.8,4.0,0.0,0.0,0.318,0.333,0.0,
WNBA,2012,201480,Sylvia Fowles,1611661329,CHI,25,31.1,16.2,10.4,0.8,0.201,0.667,0.218,
WNBA,2012,100412,Taj McWilliams-Franklin,1611661324,MIN,33,26.6,8.4,5.4,2.5,0.156,0.546,0.106,
WNBA,2012,201477,Tamera Young,1611661329,CHI,33,24.4,8.2,3.7,1.4,0.193,0.449,0.065,
WNBA,2012,100646,Tamika Catchings,1611661325,IND,34,30.5,17.4,7.6,3.1,0.256,0.552,0.194,
WNBA,2012,100628,Tammy Sutton-Brown,1611661325,IND,33,16.4,3.9,2.8,0.7,0.132,0.487,0.089,
WNBA,2012,101020,Tan White,1611661323,CON,31,16.0,5.0,1.6,1.1,0.158,0.517,0.071,
WNBA,2012,100236,Tangela Smith,1611661319,SAN,15,10.0,2.5,1.1,0.9,0.128,0.496,0.063,
WNBA,2012,101030,Tanisha Wright,1611661328,SEA,32,29.8,7.9,3.0,4.4,0.177,0.468,0.076,
WNBA,2012,101024,Temeka Johnson,1611661321,TUL,29,28.7,12.2,3.2,4.7,0.216,0.518,0.111,
WNBA,2012,100234,Ticha Penicheiro,1611661329,CHI,19,12.7,1.7,1.3,2.1,0.143,0.425,0.047,
WNBA,2012,203026,Tiffany Hayes,1611661330,ATL,34,23.1,8.6,3.1,2.1,0.184,0.519,0.088,
WNBA,2012,202250,Tina Charles,1611661323,CON,33,33.2,18.0,10.5,1.7,0.25,0.538,0.168,
WNBA,2012,100076,Tina Thompson,1611661328,SEA,29,19.0,8.9,3.4,0.5,0.222,0.575,0.116,
WNBA,2012,100284,Tully Bevilaqua,1611661319,SAN,28,5.6,0.2,0.3,0.4,0.06,0.233,0.01,
WNBA,2012,202643,Victoria Dunlap,1611661328,SEA,5,5.6,2.6,2.2,0.2,0.277,0.451,0.117,
WNBA,2012,200715,Yelena Leuchanka,1611661330,ATL,19,13.7,3.1,2.7,0.6,0.161,0.419,0.031,
WNBA,2012,200705,Zane Tamane,1611661317,PHO,2,7.3,0.0,1.5,0.0,0.093,0.0,-0.051,
WNBA,2012,203001,Ziomara Morrison,1611661319,SAN,30,5.5,2.0,1.2,0.1,0.179,0.519,0.052,
WNBA,2013,203407,A'dia Mathies,1611661320,LAS,30,9.2,2.3,0.7,0.8,0.154,0.43,0.02,
WNBA,2013,100949,Alana Beard,1611661320,LAS,32,22.0,6.2,2.3,1.4,0.151,0.498,0.059,
WNBA,2013,203410,Alex Bentley,1611661330,ATL,34,22.1,8.3,1.4,2.8,0.191,0.467,0.077,
WNBA,2013,202652,Alex Montgomery,1611661313,NYL,34,23.0,6.1,5.2,1.7,0.164,0.44,0.09,
WNBA,2013,201487,Alexis Hornbuckle,1611661317,PHO,30,12.4,3.0,1.7,1.3,0.17,0.433,0.019,
WNBA,2013,201516,Allie Quigley,1611661329,CHI,34,9.4,3.8,0.7,0.6,0.241,0.403,0.044,
WNBA,2013,202255,Allison Hightower,1611661323,CON,21,32.0,12.8,3.1,3.0,0.198,0.492,0.097,
WNBA,2013,202252,Alysha Clark,1611661328,SEA,33,15.3,4.0,2.5,0.4,0.142,0.56,0.071,
WNBA,2013,202644,Amber Harris,1611661324,MIN,30,8.8,2.4,1.5,0.7,0.158,0.437,0.055,
WNBA,2013,202623,Aneika Morello,1611661330,ATL,34,12.8,3.9,3.9,0.5,0.159,0.496,0.121,
WNBA,2013,203426,Angel Goodrich,1611661321,TUL,31,21.9,4.4,1.8,2.9,0.131,0.464,0.074,
WNBA,2013,201881,Angel McCoughtry,1611661330,ATL,33,31.4,21.5,5.3,4.4,0.332,0.507,0.163,
WNBA,2013,203428,Anne Marie Armstrong,1611661330,ATL,9,2.8,0.7,0.4,0.0,0.085,0.75,0.124,
WNBA,2013,201048,Armintie Herrington,1611661330,ATL,28,29.9,7.0,3.4,2.4,0.127,0.497,0.078,
WNBA,2013,100942,Ashley Robinson,1611661328,SEA,21,9.5,1.5,1.4,0.3,0.133,0.479,-0.017,
WNBA,2013,201914,Ashley Walker,1611661323,CON,7,7.8,1.9,2.3,0.3,0.167,0.373,0.058,
WNBA,2013,203069,Avery Warley-Talbert,1611661329,CHI,22,9.8,1.9,3.1,0.1,0.114,0.463,0.094,
WNBA,2013,100342,Becky Hammon,1611661319,SAN,1,12.5,2.0,1.0,1.0,0.194,0.333,-0.038,
WNBA,2013,203046,Briana Butler,1611661317,PHO,34,22.4,4.4,3.2,1.5,0.109,0.455,0.056,
WNBA,2013,201896,Briann January,1611661325,IND,32,29.6,9.8,2.4,3.7,0.209,0.452,0.067,
WNBA,2013,203398,Brittney Griner,1611661317,PHO,27,25.9,12.6,6.3,1.0,0.218,0.591,0.143,
WNBA,2013,201067,Camille Smith,1611661328,SEA,34,30.3,10.9,4.7,1.4,0.193,0.543,0.086,
WNBA,2013,201496,Candace Parker,1611661320,LAS,31,28.7,17.9,8.7,3.8,0.281,0.559,0.22,
WNBA,2013,200676,Candice Dupree,1611661317,PHO,32,33.0,15.2,6.4,1.9,0.212,0.56,0.136,
WNBA,2013,201499,Candice Wiggins,1611661321,TUL,32,27.4,10.1,2.9,2.0,0.193,0.51,0.065,
WNBA,2013,200665,Cappie Pondexter,1611661313,NYL,30,34.2,16.9,4.5,4.0,0.276,0.466,0.106,
WNBA,2013,202670,Carolyn Swords,1611661329,CHI,16,11.3,3.7,2.6,0.6,0.135,0.642,0.103,
WNBA,2013,101049,Cathrine Kraayeveld,1611661319,SAN,22,13.0,2.1,1.9,0.5,0.102,0.405,0.046,
WNBA,2013,201884,Chante Black,1611661319,SAN,1,10.3,2.0,2.0,0.0,0.143,0.5,0.0,
WNBA,2013,201501,Charde Houston,1611661317,PHO,34,17.2,5.9,2.3,1.3,0.202,0.466,0.031,
WNBA,2013,203563,Chelsea Hopkins,1611661319,SAN,4,14.6,1.5,2.0,2.5,0.173,0.16,0.006,
WNBA,2013,203415,Chelsea Poppens,1611661319,SAN,8,7.9,1.1,2.1,0.1,0.093,0.418,0.013,
WNBA,2013,203421,Chucky Jeffery,1611661313,NYL,2,2.9,1.0,0.5,0.0,0.214,0.347,0.15,
WNBA,2013,203070,Cierra Bravard,1611661328,SEA,6,4.5,0.5,0.8,0.0,0.098,0.5,-0.171,
WNBA,2013,203451,Courtney Clements,1611661330,ATL,26,9.4,2.2,0.9,0.3,0.195,0.278,-0.037,
WNBA,2013,201907,Courtney Paris,1611661321,TUL,23,12.0,3.8,4.1,0.5,0.161,0.473,0.119,
WNBA,2013,202664,Courtney Vandersloot,1611661329,CHI,33,29.8,8.8,3.2,5.6,0.17,0.482,0.102,
WNBA,2013,201518,Crystal Langhorne,1611661322,WAS,34,28.6,12.0,7.2,1.3,0.209,0.545,0.13,
WNBA,2013,202634,Danielle Adams,1611661319,SAN,34,26.4,14.4,4.7,1.2,0.258,0.525,0.102,
WNBA,2013,202658,Danielle Robinson,1611661319,SAN,25,32.5,11.2,3.1,6.7,0.19,0.489,0.117,
WNBA,2013,203413,Davellyn Whyte,1611661319,SAN,29,14.9,4.5,1.9,1.8,0.194,0.444,0.064,
WNBA,2013,100396,DeLisha Milton-Jones,1611661313,NYL,26,23.9,8.2,4.2,1.9,0.194,0.455,0.07,
WNBA,2013,201886,DeWanna Bonner,1611661317,PHO,34,32.9,14.5,5.8,2.4,0.2,0.55,0.134,
WNBA,2013,203016,Devereaux Peters,1611661324,MIN,34,18.6,4.1,4.6,1.1,0.134,0.438,0.09,
WNBA,2013,100940,Diana Taurasi,1611661317,PHO,32,32.3,20.3,4.2,6.2,0.279,0.611,0.16,
WNBA,2013,100928,Ebony Hoffman,1611661320,LAS,33,12.5,3.1,1.9,1.0,0.149,0.451,0.05,
WNBA,2013,203399,Elena Delle Donne,1611661329,CHI,30,31.4,18.1,5.6,1.8,0.239,0.568,0.169,
WNBA,2013,203416,Emma Meesseman,1611661322,WAS,34,14.7,4.4,3.1,1.2,0.158,0.474,0.109,
WNBA,2013,202259,Epiphanny Prince,1611661329,CHI,31,30.0,15.0,2.7,3.0,0.231,0.52,0.126,
WNBA,2013,100812,Erika de Souza,1611661330,ATL,34,29.9,12.9,9.9,1.3,0.182,0.577,0.179,
WNBA,2013,101039,Erin Phillips,1611661325,IND,18,21.3,5.9,1.1,1.6,0.144,0.509,0.067,
WNBA,2013,100835,Erin Thorn,1611661325,IND,6,11.2,1.2,0.5,0.7,0.117,0.272,-0.003,
WNBA,2013,201503,Erlana Larkins,1611661325,IND,34,30.1,7.9,7.8,1.9,0.124,0.589,0.136,
WNBA,2013,201502,Essence Carson,1611661313,NYL,4,29.5,14.3,5.5,1.8,0.222,0.617,0.175,
WNBA,2013,203025,Farhiya Abdi,1611661320,LAS,17,7.2,2.2,0.7,0.5,0.182,0.429,0.048,
WNBA,2013,203017,Glory Johnson,1611661321,TUL,29,30.2,15.0,8.9,1.1,0.243,0.521,0.141,
WNBA,2013,201056,Ivory Latta,1611661322,WAS,34,31.5,13.9,2.6,4.4,0.209,0.531,0.115,
WNBA,2013,100796,Iziane Castro Marques,1611661323,CON,28,15.7,6.0,1.7,1.0,0.217,0.448,0.053,
WNBA,2013,101019,Janel McCarville,1611661324,MIN,32,21.9,6.3,4.3,2.9,0.143,0.551,0.115,
WNBA,2013,202650,Jantel Lavender,1611661320,LAS,34,16.8,7.2,4.5,0.5,0.205,0.541,0.142,
WNBA,2013,203418,Jasmine Hassell,1611661325,IND,22,7.4,1.5,0.9,0.4,0.17,0.312,-0.035,
WNBA,2013,203427,Jasmine James,1611661317,PHO,16,11.8,3.1,1.4,1.8,0.194,0.396,0.074,
WNBA,2013,202662,Jasmine Thomas,1611661330,ATL,34,27.5,8.5,3.0,3.1,0.194,0.407,0.059,
WNBA,2013,202251,Jayne Appel Marinelli,1611661319,SAN,29,26.5,5.9,8.9,2.0,0.111,0.596,0.129,
WNBA,2013,202656,Jeanette Pohlen-Mavunga,1611661325,IND,13,14.7,3.2,1.9,0.3,0.121,0.504,0.06,
WNBA,2013,202626,Jenna O'Hea,1611661320,LAS,29,13.7,3.0,1.7,1.1,0.097,0.609,0.075,
WNBA,2013,101080,Jennifer Lacy,1611661321,TUL,32,14.1,3.9,1.3,0.7,0.168,0.424,0.009,
WNBA,2013,202638,Jessica Breland,1611661325,IND,30,14.6,5.3,4.0,0.6,0.21,0.468,0.137,
WNBA,2013,101042,Jessica Moore,1611661322,WAS,2,3.8,0.0,1.0,0.0,0.125,0.0,-0.211,
WNBA,2013,100952,Jia Perkins,1611661319,SAN,34,30.5,13.9,3.1,2.0,0.23,0.486,0.107,
WNBA,2013,203555,Joslyn Tinkle,1611661328,SEA,6,1.9,0.0,0.5,0.0,0.115,0.0,-0.064,
WNBA,2013,203030,Julie Wojta,1611661319,SAN,3,8.5,2.0,2.0,0.3,0.1,0.904,0.132,
WNBA,2013,202253,Kalana Greene,1611661323,CON,34,26.1,5.1,3.7,1.5,0.113,0.458,0.071,
WNBA,2013,203412,Kamiko Williams,1611661313,NYL,34,13.3,2.6,2.1,0.9,0.15,0.355,0.048,
WNBA,2013,101025,Kara Braxton,1611661313,NYL,34,21.8,8.7,6.6,1.2,0.223,0.504,0.105,
WNBA,2013,100874,Kara Lawson,1611661323,CON,9,30.1,13.8,3.7,4.2,0.211,0.568,0.124,
WNBA,2013,202640,Karima Christmas-Kelly,1611661325,IND,34,26.9,8.6,4.1,1.1,0.173,0.481,0.089,
WNBA,2013,100666,Katie Douglas,1611661325,IND,4,35.7,15.0,2.8,1.5,0.218,0.51,0.095,
WNBA,2013,100404,Katie Smith,1611661313,NYL,34,26.6,6.1,1.9,1.8,0.127,0.478,0.054,
WNBA,2013,203405,Kayla Alexander,1611661319,SAN,33,11.2,2.8,3.0,0.3,0.155,0.473,0.055,
WNBA,2013,202653,Kayla Pedersen,1611661323,CON,34,12.7,3.0,2.9,0.9,0.15,0.435,0.08,
WNBA,2013,203408,Kelly Faris,1611661323,CON,24,14.1,2.1,2.2,0.7,0.085,0.472,0.046,
WNBA,2013,203402,Kelsey Bone,1611661313,NYL,34,19.5,6.9,5.4,0.7,0.191,0.487,0.091,
WNBA,2013,202254,Kelsey Griffin,1611661323,CON,34,25.4,8.7,5.0,0.9,0.164,0.518,0.103,
WNBA,2013,201913,Kia Vaughn,1611661322,WAS,34,20.0,6.9,5.2,0.6,0.197,0.46,0.096,
WNBA,2013,201911,Kristi Toliver,1611661320,LAS,34,30.0,14.1,2.6,3.4,0.214,0.555,0.105,
WNBA,2013,202663,Krystal Thomas,1611661317,PHO,34,14.0,2.3,4.1,0.2,0.099,0.509,0.042,
WNBA,2013,203406,Layshia Clarendon,1611661325,IND,30,19.4,4.2,1.8,1.8,0.17,0.359,0.009,
WNBA,2013,100973,Le'coe Willingham,1611661330,ATL,34,22.2,4.1,4.2,0.8,0.103,0.499,0.053,
WNBA,2013,201507,Leilani Mitchell,1611661313,NYL,34,18.6,5.0,2.1,1.9,0.123,0.573,0.105,
WNBA,2013,100915,Lindsay Whalen,1611661324,MIN,34,29.6,14.9,4.4,5.8,0.24,0.54,0.147,
WNBA,2013,201046,Lindsey Harding,1611661320,LAS,33,30.6,10.9,2.7,5.2,0.191,0.507,0.096,
WNBA,2013,203409,Lindsey Moore,1611661324,MIN,23,5.7,1.0,0.6,1.0,0.151,0.336,0.066,
WNBA,2013,202633,Liz Cambage,1611661321,TUL,20,25.0,16.3,8.3,1.1,0.279,0.643,0.224,
WNBA,2013,203041,Lynetta Kizer,1611661317,PHO,27,9.9,2.6,2.1,0.2,0.153,0.472,0.027,
WNBA,2013,201889,Marissa Coleman,1611661320,LAS,34,17.5,4.6,2.9,1.0,0.133,0.525,0.079,
WNBA,2013,201492,Matee Ajavon,1611661322,WAS,34,22.7,8.9,1.7,2.9,0.225,0.483,0.067,
WNBA,2013,202632,Maya Moore,1611661324,MIN,34,31.4,18.5,6.2,3.0,0.233,0.624,0.171,
WNBA,2013,202314,Michelle Campbell,1611661329,CHI,31,7.7,1.7,1.5,0.2,0.137,0.421,0.007,
WNBA,2013,100729,Michelle Snow,1611661322,WAS,34,16.8,5.1,4.8,0.6,0.156,0.515,0.101,
WNBA,2013,200691,Mistie Bass,1611661323,CON,33,18.0,7.0,4.4,1.0,0.182,0.571,0.128,
WNBA,2013,202257,Monica Wright,1611661324,MIN,33,22.5,9.0,2.9,2.3,0.209,0.505,0.087,
WNBA,2013,200673,Monique Currie,1611661322,WAS,34,25.9,10.5,5.0,1.5,0.211,0.506,0.095,
WNBA,2013,203414,Nadirah McKenith,1611661322,WAS,32,8.8,2.8,1.1,1.0,0.171,0.484,0.112,
WNBA,2013,100556,Nakia Sanford,1611661328,SEA,15,10.2,1.7,2.0,0.5,0.135,0.367,-0.017,
WNBA,2013,201490,Natasha Lacy,1611661323,CON,3,16.5,2.3,5.0,2.0,0.181,0.181,0.068,
WNBA,2013,100919,Nicole Powell,1611661321,TUL,32,22.4,6.4,3.7,1.3,0.133,0.537,0.091,
WNBA,2013,203014,Nneka Ogwumike,1611661320,LAS,34,25.8,14.6,7.6,1.3,0.23,0.623,0.177,
WNBA,2013,201049,Noelle Quinn,1611661328,SEA,34,25.6,5.4,4.9,1.6,0.14,0.431,0.099,
WNBA,2013,100634,Penny Taylor,1611661317,PHO,10,16.1,8.4,2.1,1.7,0.201,0.647,0.188,
WNBA,2013,100888,Plenette Pierson,1611661313,NYL,32,27.6,11.6,5.8,2.5,0.244,0.448,0.097,
WNBA,2013,201895,Quanitra Hollingsworth,1611661322,WAS,7,6.0,1.7,1.4,0.3,0.13,0.558,0.129,
WNBA,2013,202647,Rachel Jarry,1611661324,MIN,27,6.8,1.7,0.7,0.4,0.123,0.563,0.034,
WNBA,2013,100944,Rebekkah Brunson,1611661324,MIN,33,29.2,10.6,8.9,1.5,0.173,0.524,0.13,
WNBA,2013,201904,Renee Montgomery,1611661323,CON,23,27.2,10.1,1.8,3.1,0.206,0.487,0.07,
WNBA,2013,203029,Riquna Williams,1611661321,TUL,27,22.7,15.6,2.4,1.8,0.312,0.53,0.129,
WNBA,2013,101033,Roneeka Hodges,1611661321,TUL,33,17.2,5.0,1.2,1.0,0.132,0.534,0.075,
WNBA,2013,100656,Ruth Riley,1611661330,ATL,16,7.6,1.1,0.8,0.2,0.109,0.416,-0.04,
WNBA,2013,203019,Samantha Prahalis,1611661313,NYL,11,9.9,1.6,0.9,1.5,0.153,0.348,0.003,
WNBA,2013,101023,Sancho Lyttle,1611661330,ATL,6,30.0,14.3,8.5,2.5,0.201,0.561,0.167,
WNBA,2013,203067,Sasha Goodlett,1611661325,IND,25,7.5,1.8,1.6,0.2,0.156,0.392,0.042,
WNBA,2013,200671,Seimone Augustus,1611661324,MIN,31,29.8,16.3,3.2,2.5,0.233,0.57,0.13,
WNBA,2013,100937,Shameka Christon,1611661319,SAN,33,22.4,7.5,1.7,0.7,0.181,0.435,0.035,
WNBA,2013,201498,Sharnee Zoll-Norman,1611661329,CHI,19,9.7,0.9,0.7,1.7,0.111,0.27,0.02,
WNBA,2013,201919,Shavonte Zellous,1611661325,IND,29,31.3,14.7,3.4,1.7,0.232,0.526,0.097,
WNBA,2013,201062,Shay Murphy,1611661329,CHI,34,11.1,3.1,1.9,0.3,0.172,0.374,0.046,
WNBA,2013,203015,Shekinna Stricklen,1611661328,SEA,34,23.5,10.0,2.8,0.8,0.218,0.507,0.086,
WNBA,2013,203018,Shenise Johnson,1611661319,SAN,33,27.3,11.0,3.9,2.4,0.227,0.461,0.093,
WNBA,2013,203400,Skylar Diggins,1611661321,TUL,32,26.4,8.5,1.9,3.8,0.207,0.438,0.059,
WNBA,2013,203411,Sugar Rodgers,1611661324,MIN,28,7.6,1.9,1.4,0.5,0.153,0.412,0.058,
WNBA,2013,100721,Swin Cash,1611661329,CHI,34,28.3,9.3,5.6,2.2,0.175,0.5,0.095,
WNBA,2013,203039,Sydney Carter,1611661323,CON,15,17.3,4.1,1.5,1.8,0.157,0.451,0.047,
WNBA,2013,201480,Sylvia Fowles,1611661329,CHI,32,31.3,16.3,11.5,0.4,0.215,0.623,0.193,
WNBA,2013,201477,Tamera Young,1611661329,CHI,33,18.1,5.6,3.8,0.6,0.168,0.447,0.075,
WNBA,2013,100646,Tamika Catchings,1611661325,IND,30,31.4,17.7,7.1,2.4,0.278,0.508,0.196,
WNBA,2013,101020,Tan White,1611661323,CON,22,25.0,9.2,2.8,2.0,0.251,0.38,0.034,
WNBA,2013,101030,Tanisha Wright,1611661328,SEA,34,30.9,11.9,3.7,4.1,0.216,0.528,0.111,
WNBA,2013,203401,Tayler Hill,1611661322,WAS,34,17.4,6.5,1.7,1.5,0.189,0.494,0.087,
WNBA,2013,101024,Temeka Johnson,1611661328,SEA,32,27.4,10.2,2.6,4.0,0.205,0.535,0.098,
WNBA,2013,203403,Tianna Hawkins,1611661328,SEA,33,9.7,3.4,1.6,0.2,0.171,0.579,0.058,
WNBA,2013,203437,Tierra Ruffin-Pratt,1611661322,WAS,34,14.8,4.4,2.8,0.8,0.16,0.445,0.08,
WNBA,2013,203026,Tiffany Hayes,1611661330,ATL,23,22.3,11.3,3.7,1.7,0.236,0.535,0.124,
WNBA,2013,201050,Tiffany Jackson,1611661321,TUL,19,20.7,4.4,4.5,0.7,0.139,0.435,0.058,
WNBA,2013,202250,Tina Charles,1611661323,CON,29,32.8,18.0,10.1,1.4,0.304,0.438,0.141,
WNBA,2013,100076,Tina Thompson,1611661328,SEA,34,28.7,14.1,5.8,1.1,0.233,0.555,0.136,
WNBA,2013,203404,Toni Young,1611661313,NYL,31,11.1,4.1,1.9,0.5,0.199,0.493,0.054,
WNBA,2014,203876,Aaryn Ellenberg,1611661329,CHI,2,0.5,0.0,0.0,0.0,0.0,0.0,0.0,
WNBA,2014,100949,Alana Beard,1611661320,LAS,33,27.7,8.5,2.6,2.5,0.165,0.506,0.066,
WNBA,2014,203410,Alex Bentley,1611661323,CON,34,25.6,12.2,1.7,3.7,0.242,0.491,0.102,
WNBA,2014,202652,Alex Montgomery,1611661313,NYL,34,21.9,5.3,3.9,1.0,0.129,0.503,0.06,
WNBA,2014,201516,Allie Quigley,1611661329,CHI,34,24.8,11.2,2.2,1.9,0.217,0.544,0.097,
WNBA,2014,202255,Allison Hightower,1611661323,CON,14,23.9,7.7,2.2,1.4,0.162,0.475,0.075,
WNBA,2014,202252,Alysha Clark,1611661328,SEA,34,16.5,4.2,2.1,0.6,0.138,0.525,0.051,
WNBA,2014,203826,Alyssa Thomas,1611661323,CON,34,27.3,10.0,5.1,1.5,0.185,0.499,0.104,
WNBA,2014,202269,Amanda Thompson,1611661330,ATL,21,8.3,1.7,2.1,0.5,0.129,0.436,0.068,
WNBA,2014,202623,Aneika Morello,1611661330,ATL,34,12.8,4.5,3.4,0.3,0.149,0.606,0.096,
WNBA,2014,201869,Anete Jekabsone-Zogota,1611661317,PHO,32,10.7,2.7,0.5,0.9,0.168,0.429,0.017,
WNBA,2014,203426,Angel Goodrich,1611661321,TUL,29,6.3,1.0,0.4,0.8,0.113,0.516,0.042,
WNBA,2014,201881,Angel McCoughtry,1611661330,ATL,31,31.3,18.5,5.2,3.6,0.292,0.51,0.13,
WNBA,2014,202270,Angel Robinson,1611661328,SEA,25,7.1,2.2,1.4,0.3,0.161,0.608,0.064,
WNBA,2014,203813,Anna Cruz,1611661313,NYL,34,27.1,7.7,3.5,3.6,0.158,0.517,0.104,
WNBA,2014,201048,Armintie Herrington,1611661320,LAS,34,23.2,3.9,2.8,1.9,0.097,0.484,0.063,
WNBA,2014,203859,Asia Taylor,1611661324,MIN,22,7.9,2.7,1.4,0.5,0.168,0.593,0.044,
WNBA,2014,203838,Astou Ndour-Fall,1611661319,SAN,8,4.4,2.1,1.1,0.0,0.244,0.447,0.062,
WNBA,2014,203069,Avery Warley-Talbert,1611661313,NYL,28,15.8,4.2,3.8,0.1,0.137,0.546,0.052,
WNBA,2014,100342,Becky Hammon,1611661319,SAN,32,24.5,8.3,1.4,4.2,0.167,0.566,0.098,
WNBA,2014,203829,Bria Hartley,1611661322,WAS,34,27.1,9.7,2.1,3.1,0.211,0.482,0.07,
WNBA,2014,203046,Briana Butler,1611661323,CON,6,5.9,0.3,0.8,0.0,0.09,0.167,-0.02,
WNBA,2014,201896,Briann January,1611661325,IND,31,29.1,10.3,1.6,3.7,0.193,0.508,0.084,
WNBA,2014,203398,Brittney Griner,1611661317,PHO,34,30.9,15.6,8.0,1.6,0.22,0.617,0.174,
WNBA,2014,201067,Camille Smith,1611661328,SEA,33,30.8,12.9,4.3,1.6,0.225,0.553,0.096,
WNBA,2014,201496,Candace Parker,1611661320,LAS,30,33.2,19.4,7.1,4.3,0.275,0.55,0.186,
WNBA,2014,200676,Candice Dupree,1611661317,PHO,34,31.4,14.5,7.6,2.4,0.211,0.571,0.16,
WNBA,2014,201499,Candice Wiggins,1611661320,LAS,17,14.0,1.6,1.2,0.9,0.108,0.279,-0.012,
WNBA,2014,200665,Cappie Pondexter,1611661313,NYL,34,31.0,13.2,3.4,3.9,0.239,0.473,0.097,
WNBA,2014,203820,Celine Dumerc,1611661330,ATL,28,18.8,3.3,2.0,4.0,0.132,0.42,0.063,
WNBA,2014,201501,Charde Houston,1611661313,NYL,17,8.4,3.3,1.0,0.6,0.229,0.494,0.043,
WNBA,2014,203823,Chiney Ogwumike,1611661323,CON,31,29.7,15.5,8.5,0.6,0.222,0.569,0.147,
WNBA,2014,203421,Chucky Jeffery,1611661313,NYL,15,4.8,1.0,1.0,0.2,0.138,0.4,0.098,
WNBA,2014,203451,Courtney Clements,1611661329,CHI,33,11.4,2.7,1.7,0.7,0.136,0.422,0.056,
WNBA,2014,201907,Courtney Paris,1611661321,TUL,34,27.8,9.2,10.2,1.1,0.142,0.573,0.135,
WNBA,2014,202664,Courtney Vandersloot,1611661329,CHI,17,26.5,7.2,2.3,6.0,0.172,0.482,0.085,
WNBA,2014,201518,Crystal Langhorne,1611661328,SEA,34,28.9,12.9,7.4,1.0,0.211,0.598,0.147,
WNBA,2014,203024,Damiris Dantas,1611661324,MIN,30,21.8,6.0,5.1,1.2,0.128,0.562,0.094,
WNBA,2014,202634,Danielle Adams,1611661319,SAN,34,20.6,10.9,4.1,0.9,0.258,0.507,0.096,
WNBA,2014,202263,Danielle McCray,1611661323,CON,18,11.5,1.9,1.4,0.8,0.176,0.282,-0.022,
WNBA,2014,202658,Danielle Robinson,1611661319,SAN,33,33.1,12.9,3.5,5.3,0.203,0.525,0.11,
WNBA,2014,202680,Darxia Morris,1611661320,LAS,4,7.8,1.5,0.8,0.8,0.214,0.231,-0.054,
WNBA,2014,203413,Davellyn Whyte,1611661319,SAN,2,4.9,0.0,0.0,0.5,0.167,0.0,-0.25,
WNBA,2014,100396,DeLisha Milton-Jones,1611661330,ATL,21,16.3,5.6,2.3,1.0,0.2,0.447,0.053,
WNBA,2014,201886,DeWanna Bonner,1611661317,PHO,34,29.4,10.4,4.1,2.3,0.173,0.55,0.111,
WNBA,2014,203016,Devereaux Peters,1611661324,MIN,28,18.0,4.4,3.7,1.7,0.145,0.468,0.079,
WNBA,2014,100940,Diana Taurasi,1611661317,PHO,33,31.0,16.2,3.8,5.6,0.242,0.604,0.141,
WNBA,2014,100928,Ebony Hoffman,1611661323,CON,8,8.5,1.5,1.8,0.5,0.159,0.333,0.012,
WNBA,2014,203399,Elena Delle Donne,1611661329,CHI,16,25.5,17.9,4.0,1.1,0.281,0.568,0.169,
WNBA,2014,203416,Emma Meesseman,1611661322,WAS,34,27.4,10.1,6.4,2.5,0.18,0.56,0.152,
WNBA,2014,202259,Epiphanny Prince,1611661329,CHI,26,32.3,15.0,3.0,3.8,0.228,0.518,0.121,
WNBA,2014,100812,Erika de Souza,1611661330,ATL,33,29.9,13.8,8.7,1.2,0.196,0.574,0.155,
WNBA,2014,101039,Erin Phillips,1611661317,PHO,33,18.9,5.8,1.6,2.2,0.147,0.59,0.086,
WNBA,2014,201503,Erlana Larkins,1611661325,IND,33,31.6,9.7,9.2,2.5,0.144,0.637,0.165,
WNBA,2014,201502,Essence Carson,1611661313,NYL,26,14.0,3.3,1.7,0.9,0.162,0.417,0.05,
WNBA,2014,202318,Ewelina Kobryn,1611661317,PHO,20,6.9,1.6,1.1,0.2,0.158,0.361,-0.005,
WNBA,2014,203025,Farhiya Abdi,1611661320,LAS,17,8.4,2.5,0.5,0.3,0.155,0.463,0.023,
WNBA,2014,203844,Gennifer Brandon,1611661329,CHI,16,7.6,1.8,2.6,0.2,0.17,0.362,0.083,
WNBA,2014,203017,Glory Johnson,1611661321,TUL,33,32.7,14.7,9.2,1.4,0.225,0.521,0.123,
WNBA,2014,203874,Heather Butler,1611661319,SAN,11,3.5,0.5,0.3,0.3,0.188,0.279,-0.087,
WNBA,2014,203840,Inga Orekhova,1611661330,ATL,2,6.9,0.0,0.5,0.0,0.132,0.0,-0.16,
WNBA,2014,201056,Ivory Latta,1611661322,WAS,34,31.7,12.8,2.4,3.3,0.194,0.554,0.102,
WNBA,2014,203857,Jamierra Faulkner,1611661329,CHI,34,20.4,7.9,2.0,3.5,0.243,0.449,0.081,
WNBA,2014,101019,Janel McCarville,1611661324,MIN,34,27.0,7.9,4.8,3.1,0.158,0.514,0.098,
WNBA,2014,202650,Jantel Lavender,1611661320,LAS,34,28.3,11.9,6.3,1.5,0.2,0.56,0.12,
WNBA,2014,203418,Jasmine Hassell,1611661325,IND,2,10.3,3.0,0.0,0.5,0.152,0.6,0.029,
WNBA,2014,202662,Jasmine Thomas,1611661330,ATL,34,17.5,4.8,2.1,1.6,0.173,0.395,0.045,
WNBA,2014,202251,Jayne Appel Marinelli,1611661319,SAN,34,24.8,4.9,7.9,2.1,0.11,0.561,0.106,
WNBA,2014,201903,Jelena Milovanovic,1611661322,WAS,16,11.3,4.4,1.5,0.6,0.227,0.49,0.072,
WNBA,2014,202626,Jenna O'Hea,1611661328,SEA,29,13.4,4.8,1.3,1.0,0.173,0.577,0.068,
WNBA,2014,101080,Jennifer Lacy,1611661321,TUL,34,10.5,3.5,1.5,0.3,0.181,0.477,0.003,
WNBA,2014,202638,Jessica Breland,1611661329,CHI,32,26.5,9.7,6.8,1.9,0.203,0.491,0.116,
WNBA,2014,100952,Jia Perkins,1611661319,SAN,23,22.6,12.5,2.3,1.7,0.242,0.555,0.133,
WNBA,2014,203835,Jordan Hooper,1611661321,TUL,34,19.1,5.8,2.4,0.6,0.149,0.489,0.053,
WNBA,2014,202253,Kalana Greene,1611661322,WAS,20,3.9,0.8,0.6,0.1,0.098,0.447,0.084,
WNBA,2014,101025,Kara Braxton,1611661313,NYL,4,7.8,2.5,1.0,0.8,0.197,0.563,0.107,
WNBA,2014,100874,Kara Lawson,1611661322,WAS,28,21.8,7.0,2.9,2.5,0.166,0.501,0.105,
WNBA,2014,202640,Karima Christmas-Kelly,1611661325,IND,34,21.6,6.9,3.6,0.9,0.165,0.487,0.082,
WNBA,2014,100666,Katie Douglas,1611661323,CON,32,32.5,13.2,3.3,2.2,0.202,0.502,0.086,
WNBA,2014,203405,Kayla Alexander,1611661319,SAN,33,9.0,2.8,2.0,0.2,0.163,0.513,0.057,
WNBA,2014,203825,Kayla McBride,1611661319,SAN,34,26.0,13.0,2.3,1.7,0.239,0.527,0.097,
WNBA,2014,202653,Kayla Pedersen,1611661323,CON,31,10.0,1.5,2.3,0.3,0.095,0.431,0.055,
WNBA,2014,203020,Kelley Cain,1611661323,CON,9,5.0,1.2,1.3,0.1,0.183,0.31,-0.024,
WNBA,2014,203408,Kelly Faris,1611661323,CON,25,7.7,1.1,1.2,0.4,0.096,0.374,0.031,
WNBA,2014,203402,Kelsey Bone,1611661323,CON,34,23.3,9.3,5.3,1.4,0.215,0.477,0.086,
WNBA,2014,202254,Kelsey Griffin,1611661323,CON,31,19.2,4.4,5.1,0.8,0.139,0.391,0.089,
WNBA,2014,201913,Kia Vaughn,1611661322,WAS,33,24.1,9.0,6.3,1.2,0.21,0.473,0.115,
WNBA,2014,201911,Kristi Toliver,1611661320,LAS,27,28.5,11.8,2.1,4.1,0.19,0.565,0.099,
WNBA,2014,202663,Krystal Thomas,1611661325,IND,21,8.4,2.0,2.2,0.4,0.127,0.536,0.086,
WNBA,2014,203406,Layshia Clarendon,1611661325,IND,29,13.7,4.2,1.4,1.2,0.177,0.456,0.062,
WNBA,2014,100915,Lindsay Whalen,1611661324,MIN,34,30.6,14.1,4.2,5.6,0.217,0.541,0.14,
WNBA,2014,201046,Lindsey Harding,1611661320,LAS,31,22.7,5.7,1.8,3.2,0.172,0.39,0.053,
WNBA,2014,203409,Lindsey Moore,1611661324,MIN,12,8.5,1.1,0.8,1.2,0.089,0.368,0.042,
WNBA,2014,203041,Lynetta Kizer,1611661325,IND,31,9.1,3.8,2.4,0.1,0.245,0.45,0.053,
WNBA,2014,203843,Maggie Lucas,1611661325,IND,30,10.4,3.7,0.9,0.7,0.174,0.491,0.061,
WNBA,2014,201889,Marissa Coleman,1611661325,IND,34,24.0,8.9,3.3,1.1,0.189,0.511,0.087,
WNBA,2014,203832,Markeisha Gatling,1611661329,CHI,29,11.0,3.7,2.4,0.0,0.14,0.669,0.061,
WNBA,2014,201492,Matee Ajavon,1611661330,ATL,24,9.2,2.2,0.8,0.7,0.167,0.389,-0.009,
WNBA,2014,202632,Maya Moore,1611661324,MIN,34,34.7,23.9,8.1,3.4,0.296,0.586,0.193,
WNBA,2014,200691,Mistie Bass,1611661317,PHO,34,14.6,4.4,3.2,0.5,0.141,0.548,0.09,
WNBA,2014,202257,Monica Wright,1611661324,MIN,24,18.4,5.8,2.2,2.1,0.178,0.491,0.067,
WNBA,2014,200673,Monique Currie,1611661322,WAS,34,23.6,9.9,4.6,1.5,0.213,0.519,0.108,
WNBA,2014,203814,Nadia Colhado,1611661330,ATL,16,7.9,2.8,1.8,0.1,0.178,0.488,0.069,
WNBA,2014,203414,Nadirah McKenith,1611661324,MIN,6,4.0,0.7,0.7,0.2,0.105,0.41,0.072,
WNBA,2014,203827,Natasha Howard,1611661325,IND,34,16.9,7.0,3.1,0.6,0.233,0.471,0.057,
WNBA,2014,201490,Natasha Lacy,1611661313,NYL,11,7.5,1.5,0.8,0.9,0.112,0.485,0.179,
WNBA,2014,100919,Nicole Powell,1611661328,SEA,26,13.0,2.2,1.8,0.3,0.119,0.384,0.024,
WNBA,2014,203423,Nikki Greene,1611661320,LAS,11,3.4,0.5,1.0,0.0,0.158,0.239,-0.074,
WNBA,2014,203014,Nneka Ogwumike,1611661320,LAS,33,27.6,15.8,7.1,1.5,0.258,0.582,0.162,
WNBA,2014,201049,Noelle Quinn,1611661328,SEA,32,15.1,3.8,2.5,1.3,0.148,0.462,0.101,
WNBA,2014,203824,Odyssey Sims,1611661321,TUL,34,34.6,16.7,2.8,4.2,0.232,0.51,0.105,
WNBA,2014,100634,Penny Taylor,1611661317,PHO,33,23.6,10.5,3.1,3.1,0.203,0.61,0.139,
WNBA,2014,100888,Plenette Pierson,1611661313,NYL,33,17.4,7.2,3.1,1.2,0.203,0.552,0.099,
WNBA,2014,100944,Rebekkah Brunson,1611661324,MIN,11,27.5,7.2,8.2,1.5,0.147,0.438,0.096,
WNBA,2014,201904,Renee Montgomery,1611661323,CON,33,16.2,6.7,0.8,2.4,0.214,0.49,0.087,
WNBA,2014,203029,Riquna Williams,1611661321,TUL,11,16.2,6.9,1.8,1.2,0.228,0.503,0.097,
WNBA,2014,101033,Roneeka Hodges,1611661321,TUL,34,21.3,5.3,1.8,1.4,0.13,0.455,0.036,
WNBA,2014,203019,Samantha Prahalis,1611661320,LAS,2,10.6,2.0,1.5,0.0,0.114,0.5,0.0,
WNBA,2014,101023,Sancho Lyttle,1611661330,ATL,34,31.3,12.2,9.0,2.4,0.189,0.487,0.146,
WNBA,2014,201058,Sandrine Gruda,1611661320,LAS,34,12.0,3.8,3.0,0.6,0.205,0.435,0.061,
WNBA,2014,203067,Sasha Goodlett,1611661329,CHI,34,12.9,3.4,2.4,0.3,0.133,0.496,0.052,
WNBA,2014,200671,Seimone Augustus,1611661324,MIN,24,31.2,16.5,3.6,2.4,0.238,0.556,0.127,
WNBA,2014,100937,Shameka Christon,1611661319,SAN,31,10.9,3.6,1.3,0.2,0.157,0.497,0.051,
WNBA,2014,203881,Shanece McKinney,1611661313,NYL,24,6.8,1.8,1.4,0.3,0.152,0.453,0.051,
WNBA,2014,201919,Shavonte Zellous,1611661325,IND,34,27.4,11.0,2.8,2.1,0.208,0.508,0.08,
WNBA,2014,201062,Shay Murphy,1611661317,PHO,27,12.1,3.9,1.7,1.1,0.151,0.517,0.105,
WNBA,2014,203015,Shekinna Stricklen,1611661328,SEA,33,17.5,7.2,2.1,0.7,0.194,0.563,0.078,
WNBA,2014,203018,Shenise Johnson,1611661319,SAN,30,17.9,6.0,3.3,1.4,0.182,0.488,0.102,
WNBA,2014,203830,Shoni Schimmel,1611661330,ATL,34,21.3,8.3,2.2,3.6,0.213,0.488,0.095,
WNBA,2014,203400,Skylar Diggins,1611661321,TUL,34,35.2,20.1,2.5,5.0,0.265,0.529,0.124,
WNBA,2014,200674,Sophia Young-Malcolm,1611661319,SAN,34,24.2,8.2,4.6,1.5,0.168,0.502,0.096,
WNBA,2014,203828,Stefanie Dolson,1611661322,WAS,34,18.4,6.0,4.4,1.2,0.179,0.528,0.108,
WNBA,2014,100720,Sue Bird,1611661328,SEA,33,29.2,10.6,2.2,4.0,0.218,0.484,0.096,
WNBA,2014,203411,Sugar Rodgers,1611661313,NYL,34,16.6,6.0,2.1,1.3,0.204,0.452,0.076,
WNBA,2014,100721,Swin Cash,1611661313,NYL,32,12.3,2.9,1.9,1.0,0.181,0.372,0.028,
WNBA,2014,203039,Sydney Carter,1611661325,IND,23,12.1,3.2,0.9,1.3,0.202,0.39,0.018,
WNBA,2014,201480,Sylvia Fowles,1611661329,CHI,20,29.8,13.4,10.2,0.6,0.216,0.603,0.179,
WNBA,2014,201477,Tamera Young,1611661329,CHI,34,27.6,6.7,5.1,1.2,0.133,0.456,0.067,
WNBA,2014,100646,Tamika Catchings,1611661325,IND,16,26.8,16.1,6.4,1.9,0.294,0.543,0.196,
WNBA,2014,101020,Tan White,1611661324,MIN,34,17.8,4.9,1.8,1.1,0.148,0.491,0.05,
WNBA,2014,101030,Tanisha Wright,1611661328,SEA,29,25.5,8.0,2.3,3.6,0.188,0.505,0.076,
WNBA,2014,203401,Tayler Hill,1611661322,WAS,5,7.8,1.0,0.2,0.4,0.163,0.18,-0.036,
WNBA,2014,101024,Temeka Johnson,1611661328,SEA,34,17.0,5.8,2.1,3.2,0.22,0.453,0.106,
WNBA,2014,203849,Theresa Plaisance,1611661321,TUL,19,4.7,0.6,0.8,0.3,0.117,0.276,-0.022,
WNBA,2014,203403,Tianna Hawkins,1611661322,WAS,34,10.6,4.2,3.0,0.5,0.203,0.534,0.092,
WNBA,2014,203437,Tierra Ruffin-Pratt,1611661322,WAS,34,16.2,4.5,2.9,1.3,0.164,0.444,0.081,
WNBA,2014,203839,Tiffany Bias,1611661317,PHO,17,4.0,1.1,0.2,0.4,0.206,0.436,-0.029,
WNBA,2014,203026,Tiffany Hayes,1611661330,ATL,34,28.4,12.9,3.0,2.5,0.18,0.587,0.112,
WNBA,2014,201050,Tiffany Jackson,1611661321,TUL,7,10.1,2.1,1.9,0.1,0.135,0.447,0.047,
WNBA,2014,202250,Tina Charles,1611661313,NYL,34,32.9,17.4,9.4,2.2,0.266,0.509,0.17,
WNBA,2014,203404,Toni Young,1611661313,NYL,8,4.8,1.1,0.8,0.1,0.136,0.369,0.03,
WNBA,2014,203834,Tricia Liston,1611661324,MIN,25,7.2,2.2,1.1,0.3,0.127,0.567,0.078,
WNBA,2014,203037,Vicki Baugh,1611661321,TUL,33,8.1,2.5,2.9,0.2,0.131,0.624,0.097,
WNBA,2014,203432,Waltiea Rolle,1611661328,SEA,6,11.1,2.7,3.2,0.3,0.094,0.735,0.152,
WNBA,2015,202249,Abby Bishop,1611661328,SEA,26,19.6,5.2,3.5,1.0,0.159,0.48,0.059,
WNBA,2015,100949,Alana Beard,1611661320,LAS,14,26.1,7.8,3.1,2.7,0.168,0.522,0.093,
WNBA,2015,203410,Alex Bentley,1611661323,CON,25,30.0,14.7,2.0,2.0,0.24,0.496,0.102,
WNBA,2015,204336,Alex Harden,1611661317,PHO,32,12.2,2.1,1.4,0.9,0.145,0.348,0.025,
WNBA,2015,202652,Alex Montgomery,1611661319,SAN,13,18.0,5.3,4.5,0.8,0.182,0.424,0.082,
WNBA,2015,201516,Allie Quigley,1611661329,CHI,32,22.5,11.1,1.8,1.7,0.237,0.513,0.089,
WNBA,2015,204326,Ally Malott,1611661322,WAS,24,9.0,3.3,1.0,0.3,0.175,0.561,0.09,
WNBA,2015,202252,Alysha Clark,1611661328,SEA,33,23.1,6.9,3.7,1.2,0.134,0.646,0.094,
WNBA,2015,203826,Alyssa Thomas,1611661323,CON,24,26.0,8.8,5.3,1.4,0.188,0.491,0.08,
WNBA,2015,204320,Amanda Zahui B,1611661321,TUL,31,9.7,3.4,2.4,0.3,0.193,0.449,0.057,
WNBA,2015,204302,Ana Dabovic,1611661320,LAS,24,22.1,8.8,1.6,1.9,0.2,0.556,0.07,
WNBA,2015,204348,Andrea Hoover,1611661320,LAS,12,14.3,3.8,1.3,0.3,0.157,0.449,0.015,
WNBA,2015,202623,Aneika Morello,1611661330,ATL,29,17.9,5.2,4.7,0.4,0.156,0.521,0.072,
WNBA,2015,203426,Angel Goodrich,1611661328,SEA,23,15.8,3.0,1.7,3.0,0.134,0.435,0.087,
WNBA,2015,201881,Angel McCoughtry,1611661330,ATL,34,30.0,20.1,5.3,2.8,0.319,0.514,0.144,
WNBA,2015,203813,Anna Cruz,1611661324,MIN,22,29.1,8.0,3.6,3.0,0.155,0.532,0.086,
WNBA,2015,201048,Armintie Herrington,1611661322,WAS,25,10.4,1.7,1.8,1.1,0.11,0.423,0.073,
WNBA,2015,100723,Asjha Jones,1611661324,MIN,31,17.5,5.5,2.8,1.6,0.2,0.429,0.058,
WNBA,2015,203069,Avery Warley-Talbert,1611661313,NYL,26,6.9,1.5,2.7,0.2,0.152,0.423,0.082,
WNBA,2015,204335,Betnijah Laney-Hamilton,1611661329,CHI,32,12.9,2.9,2.1,0.6,0.135,0.431,0.056,
WNBA,2015,203829,Bria Hartley,1611661322,WAS,25,12.3,4.2,1.2,1.6,0.218,0.414,0.088,
WNBA,2015,203046,Briana Butler,1611661325,IND,3,7.5,0.7,0.7,0.0,0.107,0.2,-0.007,
WNBA,2015,201896,Briann January,1611661325,IND,29,27.0,8.1,1.8,3.4,0.16,0.548,0.078,
WNBA,2015,204331,Brianna Kiesel,1611661321,TUL,34,18.1,5.1,0.8,1.9,0.179,0.423,0.034,
WNBA,2015,204327,Brittany Boyd-Jones,1611661313,NYL,30,14.3,6.6,2.7,2.3,0.245,0.507,0.137,
WNBA,2015,204337,Brittany Hrynko,1611661321,TUL,7,2.6,0.3,0.0,0.1,0.195,0.143,-0.298,
WNBA,2015,203398,Brittney Griner,1611661317,PHO,26,30.7,15.1,8.1,1.3,0.229,0.621,0.182,
WNBA,2015,201067,Camille Smith,1611661323,CON,34,27.0,8.2,3.6,1.6,0.166,0.508,0.067,
WNBA,2015,201496,Candace Parker,1611661320,LAS,16,34.4,19.4,10.1,6.3,0.273,0.569,0.22,
WNBA,2015,200676,Candice Dupree,1611661317,PHO,33,31.2,14.1,5.1,1.7,0.219,0.554,0.139,
WNBA,2015,201499,Candice Wiggins,1611661313,NYL,32,12.9,2.8,1.9,0.8,0.136,0.462,0.047,
WNBA,2015,200665,Cappie Pondexter,1611661329,CHI,29,30.2,15.0,3.8,2.1,0.229,0.522,0.107,
WNBA,2015,1627635,Carla Cortijo,1611661330,ATL,2,15.9,7.0,0.5,1.0,0.15,0.651,0.141,
WNBA,2015,202670,Carolyn Swords,1611661313,NYL,34,15.0,5.1,4.0,0.6,0.163,0.563,0.089,
WNBA,2015,204297,Cayla George,1611661317,PHO,34,12.7,5.0,3.1,0.7,0.199,0.51,0.113,
WNBA,2015,203833,Chelsea Gray,1611661323,CON,34,16.0,6.9,2.3,2.7,0.232,0.523,0.134,
WNBA,2015,204323,Cheyenne Parker-Tyus,1611661329,CHI,30,9.3,2.2,2.5,0.2,0.149,0.405,0.045,
WNBA,2015,204332,Cierra Burdick,1611661330,ATL,11,18.9,4.4,3.2,1.2,0.119,0.51,0.095,
WNBA,2015,204309,Clarissa Dos Santos,1611661329,CHI,31,17.6,5.3,4.6,0.7,0.16,0.503,0.075,
WNBA,2015,203451,Courtney Clements,1611661320,LAS,1,5.3,0.0,1.0,0.0,0.182,0.0,-0.182,
WNBA,2015,201907,Courtney Paris,1611661321,TUL,34,25.0,6.6,9.3,1.3,0.14,0.486,0.118,
WNBA,2015,202664,Courtney Vandersloot,1611661329,CHI,34,29.8,11.4,3.4,5.8,0.181,0.56,0.126,
WNBA,2015,204325,Crystal Bradford,1611661320,LAS,15,9.4,2.7,1.3,0.5,0.196,0.359,0.021,
WNBA,2015,201518,Crystal Langhorne,1611661328,SEA,34,25.7,11.1,5.7,0.9,0.217,0.582,0.135,
WNBA,2015,203024,Damiris Dantas,1611661330,ATL,32,20.7,6.9,4.3,0.9,0.159,0.535,0.091,
WNBA,2015,202634,Danielle Adams,1611661319,SAN,30,16.1,7.4,3.3,0.5,0.228,0.521,0.106,
WNBA,2015,202658,Danielle Robinson,1611661319,SAN,30,30.1,9.2,2.5,5.0,0.192,0.457,0.087,
WNBA,2015,100396,DeLisha Milton-Jones,1611661330,ATL,18,9.0,2.1,1.8,0.4,0.167,0.373,0.009,
WNBA,2015,201886,DeWanna Bonner,1611661317,PHO,33,33.3,15.8,5.7,3.3,0.244,0.514,0.145,
WNBA,2015,204324,Dearica Hamby,1611661319,SAN,31,17.4,6.1,4.1,0.7,0.224,0.415,0.064,
WNBA,2015,203016,Devereaux Peters,1611661324,MIN,33,14.6,3.2,3.4,0.8,0.125,0.497,0.097,
WNBA,2015,203399,Elena Delle Donne,1611661329,CHI,31,33.3,23.4,8.4,1.4,0.276,0.591,0.208,
WNBA,2015,204322,Elizabeth Williams,1611661323,CON,21,11.7,3.3,3.2,0.4,0.135,0.547,0.15,
WNBA,2015,203416,Emma Meesseman,1611661322,WAS,34,27.2,11.6,6.3,1.7,0.193,0.586,0.15,
WNBA,2015,202259,Epiphanny Prince,1611661313,NYL,24,28.6,15.0,2.9,3.4,0.232,0.561,0.169,
WNBA,2015,204365,Erica Wheeler,1611661313,NYL,20,11.4,4.5,1.0,1.4,0.214,0.5,0.069,
WNBA,2015,100812,Erika de Souza,1611661329,CHI,34,24.1,7.1,6.5,0.9,0.149,0.48,0.086,
WNBA,2015,101039,Erin Phillips,1611661320,LAS,12,30.9,6.8,3.0,3.1,0.15,0.406,0.046,
WNBA,2015,201503,Erlana Larkins,1611661325,IND,21,16.8,3.5,4.2,1.3,0.116,0.489,0.108,
WNBA,2015,201502,Essence Carson,1611661313,NYL,33,19.5,6.1,2.3,1.3,0.18,0.45,0.065,
WNBA,2015,203025,Farhiya Abdi,1611661320,LAS,17,13.9,4.1,1.8,0.5,0.191,0.42,0.027,
WNBA,2015,203840,Inga Orekhova,1611661323,CON,4,2.6,0.0,0.3,0.0,0.192,0.0,-0.15,
WNBA,2015,201056,Ivory Latta,1611661322,WAS,34,27.3,13.4,1.8,2.6,0.225,0.575,0.112,
WNBA,2015,203043,Jacki Gemelos,1611661329,CHI,17,5.0,1.1,0.5,0.4,0.128,0.455,0.074,
WNBA,2015,203857,Jamierra Faulkner,1611661329,CHI,33,9.6,4.1,1.0,1.7,0.245,0.467,0.077,
WNBA,2015,202650,Jantel Lavender,1611661320,LAS,34,33.8,14.5,8.3,1.8,0.213,0.565,0.148,
WNBA,2015,203870,Jasmine Lister,1611661320,LAS,7,9.2,2.9,1.3,0.6,0.151,0.667,0.095,
WNBA,2015,202662,Jasmine Thomas,1611661323,CON,34,26.7,8.2,3.7,3.9,0.208,0.419,0.082,
WNBA,2015,202251,Jayne Appel Marinelli,1611661319,SAN,29,23.2,3.4,6.4,1.4,0.106,0.427,0.089,
WNBA,2015,202656,Jeanette Pohlen-Mavunga,1611661325,IND,26,9.9,2.4,0.8,0.6,0.11,0.567,0.071,
WNBA,2015,202626,Jenna O'Hea,1611661328,SEA,34,20.9,5.9,1.9,2.4,0.147,0.54,0.084,
WNBA,2015,203845,Jennifer Hamson,1611661320,LAS,25,6.5,1.6,1.5,0.2,0.133,0.479,0.065,
WNBA,2015,101080,Jennifer Lacy,1611661323,CON,27,18.3,6.6,2.5,0.4,0.168,0.556,0.068,
WNBA,2015,204362,Jennifer O'Neill,1611661324,MIN,13,7.8,2.2,1.1,0.8,0.166,0.547,0.081,
WNBA,2015,202638,Jessica Breland,1611661329,CHI,33,21.4,6.7,5.9,1.3,0.155,0.496,0.103,
WNBA,2015,204319,Jewell Loyd,1611661328,SEA,34,25.9,10.7,3.5,1.9,0.226,0.513,0.098,
WNBA,2015,100952,Jia Perkins,1611661319,SAN,26,27.3,13.3,3.0,1.7,0.255,0.472,0.102,
WNBA,2015,203835,Jordan Hooper,1611661321,TUL,34,17.1,4.7,2.1,0.3,0.129,0.499,0.056,
WNBA,2015,202253,Kalana Greene,1611661324,MIN,13,18.6,4.0,2.7,0.8,0.121,0.418,0.062,
WNBA,2015,204321,Kaleena Mosqueda-Lewis,1611661328,SEA,27,12.3,5.8,0.9,0.6,0.253,0.47,0.063,
WNBA,2015,100874,Kara Lawson,1611661322,WAS,22,25.0,9.6,3.0,3.6,0.185,0.525,0.128,
WNBA,2015,202640,Karima Christmas-Kelly,1611661321,TUL,32,28.7,10.6,5.0,1.7,0.17,0.539,0.106,
WNBA,2015,203405,Kayla Alexander,1611661319,SAN,29,12.3,3.3,3.3,0.2,0.165,0.462,0.073,
WNBA,2015,203825,Kayla McBride,1611661319,SAN,27,28.0,13.8,3.1,1.6,0.254,0.501,0.1,
WNBA,2015,202653,Kayla Pedersen,1611661323,CON,33,15.5,2.9,2.6,1.2,0.104,0.484,0.085,
WNBA,2015,203866,Kayla Thornton,1611661322,WAS,10,8.8,2.2,2.1,0.1,0.175,0.371,0.028,
WNBA,2015,203408,Kelly Faris,1611661323,CON,32,14.5,2.9,1.7,1.0,0.109,0.49,0.05,
WNBA,2015,203402,Kelsey Bone,1611661323,CON,33,29.1,15.4,6.3,2.0,0.267,0.526,0.134,
WNBA,2015,201913,Kia Vaughn,1611661322,WAS,20,17.8,5.7,4.2,1.0,0.187,0.489,0.097,
WNBA,2015,204329,Kiah Stokes,1611661313,NYL,34,25.4,5.8,6.4,0.8,0.109,0.576,0.127,
WNBA,2015,201911,Kristi Toliver,1611661320,LAS,28,30.9,12.4,2.3,3.7,0.201,0.583,0.102,
WNBA,2015,201506,LaToya Sanders,1611661322,WAS,23,18.1,5.0,5.7,0.9,0.157,0.457,0.142,
WNBA,2015,203406,Layshia Clarendon,1611661325,IND,29,20.8,6.7,2.7,2.0,0.174,0.513,0.08,
WNBA,2015,201507,Leilani Mitchell,1611661317,PHO,34,23.0,6.7,2.1,2.7,0.165,0.505,0.082,
WNBA,2015,100915,Lindsay Whalen,1611661324,MIN,29,30.1,10.9,2.9,4.3,0.184,0.533,0.1,
WNBA,2015,203041,Lynetta Kizer,1611661325,IND,33,17.9,8.3,3.5,0.4,0.221,0.542,0.091,
WNBA,2015,203843,Maggie Lucas,1611661325,IND,30,15.0,5.7,0.8,0.9,0.174,0.527,0.061,
WNBA,2015,204299,Marianna Tolo,1611661320,LAS,28,19.0,4.9,3.0,1.0,0.145,0.516,0.056,
WNBA,2015,201889,Marissa Coleman,1611661325,IND,34,24.8,10.4,3.5,1.6,0.225,0.485,0.09,
WNBA,2015,203832,Markeisha Gatling,1611661328,SEA,25,13.7,5.3,3.7,0.3,0.191,0.565,0.108,
WNBA,2015,204300,Marta Xargay,1611661317,PHO,20,17.5,3.9,1.8,2.4,0.169,0.484,0.03,
WNBA,2015,201492,Matee Ajavon,1611661330,ATL,33,17.6,5.9,2.5,2.4,0.183,0.5,0.094,
WNBA,2015,202632,Maya Moore,1611661324,MIN,33,33.4,20.6,6.7,3.5,0.293,0.535,0.159,
WNBA,2015,100729,Michelle Snow,1611661320,LAS,2,13.1,3.0,1.5,0.0,0.218,0.381,-0.051,
WNBA,2015,200691,Mistie Bass,1611661317,PHO,33,13.9,4.1,3.0,0.7,0.148,0.53,0.11,
WNBA,2015,202257,Monica Wright,1611661328,SEA,7,11.4,2.1,0.9,1.1,0.167,0.325,0.0,
WNBA,2015,200673,Monique Currie,1611661317,PHO,34,21.3,8.4,3.2,1.5,0.211,0.514,0.085,
WNBA,2015,203814,Nadia Colhado,1611661330,ATL,6,5.3,1.0,0.3,0.2,0.101,0.5,0.006,
WNBA,2015,203831,Natalie Achonwa,1611661325,IND,28,17.3,8.0,3.5,0.6,0.199,0.594,0.112,
WNBA,2015,204333,Natasha Cloud,1611661322,WAS,34,19.3,3.6,2.8,3.4,0.142,0.416,0.081,
WNBA,2015,203827,Natasha Howard,1611661325,IND,30,11.4,4.2,2.6,0.4,0.218,0.437,0.057,
WNBA,2015,203423,Nikki Greene,1611661323,CON,12,8.4,1.2,2.0,0.2,0.085,0.535,0.024,
WNBA,2015,203014,Nneka Ogwumike,1611661320,LAS,23,34.1,16.5,7.3,2.1,0.224,0.587,0.144,
WNBA,2015,201049,Noelle Quinn,1611661317,PHO,34,18.6,4.1,2.6,1.9,0.122,0.502,0.093,
WNBA,2015,203824,Odyssey Sims,1611661321,TUL,23,31.4,16.0,3.4,3.8,0.267,0.494,0.109,
WNBA,2015,100888,Plenette Pierson,1611661321,TUL,30,28.1,12.8,4.1,1.9,0.229,0.502,0.095,
WNBA,2015,201895,Quanitra Hollingsworth,1611661328,SEA,27,12.3,3.2,3.6,0.3,0.162,0.53,0.062,
WNBA,2015,204317,Ramu Tokashiki,1611661328,SEA,30,20.6,8.2,3.3,0.8,0.216,0.47,0.083,
WNBA,2015,204296,Rebecca Allen,1611661313,NYL,2,17.0,3.0,4.5,0.0,0.165,0.3,0.085,
WNBA,2015,100944,Rebekkah Brunson,1611661324,MIN,34,27.8,7.8,8.1,1.8,0.152,0.512,0.122,
WNBA,2015,201904,Renee Montgomery,1611661324,MIN,36,17.9,6.4,1.5,2.8,0.21,0.479,0.084,
WNBA,2015,204334,Reshanda Gray,1611661330,ATL,27,10.7,4.0,2.1,0.2,0.168,0.551,0.051,
WNBA,2015,203029,Riquna Williams,1611661321,TUL,29,28.0,15.6,3.4,2.6,0.263,0.514,0.126,
WNBA,2015,101033,Roneeka Hodges,1611661330,ATL,23,19.5,6.4,2.0,1.3,0.153,0.516,0.066,
WNBA,2015,204328,Samantha Logic,1611661319,SAN,27,12.7,1.8,1.4,1.1,0.136,0.307,0.027,
WNBA,2015,101023,Sancho Lyttle,1611661330,ATL,24,30.0,10.3,8.3,2.2,0.164,0.512,0.152,
WNBA,2015,203067,Sasha Goodlett,1611661329,CHI,16,13.1,2.1,1.9,0.3,0.091,0.585,0.041,
WNBA,2015,200671,Seimone Augustus,1611661324,MIN,16,30.1,13.8,2.9,2.4,0.241,0.482,0.108,
WNBA,2015,204352,Shae Kelley,1611661324,MIN,8,2.3,0.1,0.4,0.1,0.122,0.129,0.0,
WNBA,2015,100937,Shameka Christon,1611661317,PHO,12,6.3,2.8,0.4,0.6,0.201,0.555,0.063,
WNBA,2015,201919,Shavonte Zellous,1611661325,IND,23,22.2,8.4,2.4,1.9,0.195,0.489,0.079,
WNBA,2015,203015,Shekinna Stricklen,1611661323,CON,34,17.6,7.7,1.9,0.6,0.198,0.54,0.093,
WNBA,2015,203018,Shenise Johnson,1611661325,IND,31,26.2,10.9,4.9,2.4,0.192,0.574,0.142,
WNBA,2015,203830,Shoni Schimmel,1611661330,ATL,32,19.8,7.6,2.5,3.2,0.207,0.512,0.103,
WNBA,2015,203400,Skylar Diggins,1611661321,TUL,9,32.2,17.8,2.7,5.0,0.235,0.542,0.147,
WNBA,2015,200674,Sophia Young-Malcolm,1611661319,SAN,34,27.4,11.5,5.0,1.4,0.218,0.511,0.108,
WNBA,2015,203828,Stefanie Dolson,1611661322,WAS,34,24.7,10.6,5.6,1.6,0.218,0.552,0.129,
WNBA,2015,100720,Sue Bird,1611661328,SEA,27,28.6,10.3,2.3,5.4,0.225,0.462,0.103,
WNBA,2015,203411,Sugar Rodgers,1611661313,NYL,33,18.7,8.1,2.2,1.5,0.213,0.485,0.088,
WNBA,2015,100721,Swin Cash,1611661313,NYL,34,17.4,4.5,2.4,1.4,0.153,0.466,0.058,
WNBA,2015,203039,Sydney Carter,1611661330,ATL,26,11.3,2.0,0.9,1.2,0.136,0.316,0.027,
WNBA,2015,202641,Sydney Colson,1611661319,SAN,34,15.9,3.5,1.1,2.8,0.135,0.486,0.072,
WNBA,2015,201480,Sylvia Fowles,1611661324,MIN,18,28.9,15.3,8.3,0.8,0.24,0.563,0.161,
WNBA,2015,201477,Tamera Young,1611661329,CHI,19,17.1,4.5,2.9,1.3,0.147,0.469,0.064,
WNBA,2015,100646,Tamika Catchings,1611661325,IND,30,26.6,13.1,7.1,2.2,0.248,0.503,0.173,
WNBA,2015,101030,Tanisha Wright,1611661313,NYL,34,23.7,7.4,2.4,3.5,0.177,0.514,0.09,
WNBA,2015,203401,Tayler Hill,1611661322,WAS,32,17.0,7.5,1.3,0.9,0.235,0.472,0.086,
WNBA,2015,101024,Temeka Johnson,1611661320,LAS,34,21.2,5.1,2.4,3.6,0.168,0.424,0.066,
WNBA,2015,204298,Tess Madgen,1611661317,PHO,8,7.4,1.3,0.8,0.3,0.1,0.563,0.048,
WNBA,2015,203849,Theresa Plaisance,1611661321,TUL,25,8.2,1.9,1.9,0.2,0.131,0.383,0.046,
WNBA,2015,203437,Tierra Ruffin-Pratt,1611661322,WAS,32,23.9,7.4,3.0,2.2,0.182,0.474,0.067,
WNBA,2015,203839,Tiffany Bias,1611661317,PHO,15,6.3,1.9,0.1,0.7,0.186,0.442,0.021,
WNBA,2015,203026,Tiffany Hayes,1611661330,ATL,28,29.9,12.9,3.0,2.2,0.203,0.519,0.079,
WNBA,2015,201050,Tiffany Jackson,1611661321,TUL,12,14.6,4.1,4.3,0.7,0.146,0.584,0.152,
WNBA,2015,202250,Tina Charles,1611661313,NYL,34,31.0,17.1,8.5,2.4,0.29,0.493,0.166,
WNBA,2015,203834,Tricia Liston,1611661324,MIN,31,12.0,3.4,1.0,0.8,0.112,0.615,0.081,
WNBA,2015,204468,Valeriane Ayayi,1611661319,SAN,16,9.2,2.3,1.8,0.4,0.178,0.362,0.04,
WNBA,2015,203037,Vicki Baugh,1611661321,TUL,34,15.7,5.4,4.1,0.6,0.17,0.529,0.098,
WNBA,2015,203887,Victoria Macaulay,1611661329,CHI,4,6.2,1.0,1.0,0.0,0.161,0.286,-0.065,
WNBA,2016,202249,Abby Bishop,1611661328,SEA,13,5.2,0.9,0.5,0.6,0.09,0.47,0.008,
WNBA,2016,1627679,Adut Bulgak,1611661313,NYL,7,3.3,2.0,1.3,0.0,0.23,0.549,0.175,
WNBA,2016,1627672,Aerial Powers,1611661321,DAL,32,19.2,10.4,2.7,1.1,0.24,0.542,0.095,
WNBA,2016,100949,Alana Beard,1611661320,LAS,34,29.3,7.1,3.3,2.1,0.125,0.519,0.065,
WNBA,2016,203410,Alex Bentley,1611661323,CON,34,28.8,12.9,1.9,2.5,0.223,0.467,0.064,
WNBA,2016,204336,Alex Harden,1611661317,PHO,28,7.5,1.4,0.8,0.5,0.102,0.489,0.055,
WNBA,2016,202652,Alex Montgomery,1611661319,SAN,25,14.3,3.6,2.1,1.6,0.156,0.431,0.063,
WNBA,2016,201516,Allie Quigley,1611661329,CHI,34,17.8,9.5,0.9,1.6,0.223,0.554,0.096,
WNBA,2016,204326,Ally Malott,1611661322,WAS,23,7.8,2.1,1.1,0.4,0.156,0.455,0.05,
WNBA,2016,202252,Alysha Clark,1611661328,SEA,33,27.6,9.0,3.7,1.9,0.146,0.609,0.079,
WNBA,2016,203826,Alyssa Thomas,1611661323,CON,31,27.2,11.1,6.0,2.3,0.204,0.528,0.108,
WNBA,2016,204320,Amanda Zahui B,1611661313,NYL,33,11.3,5.0,3.2,0.4,0.209,0.536,0.084,
WNBA,2016,1627691,Ameryst Alston,1611661313,NYL,1,0.2,0.0,0.0,0.0,0.0,0.0,0.0,
WNBA,2016,204302,Ana Dabovic,1611661320,LAS,22,10.7,3.0,0.8,1.3,0.166,0.487,0.041,
WNBA,2016,202623,Aneika Morello,1611661323,CON,10,5.0,1.2,1.4,0.2,0.159,0.395,0.015,
WNBA,2016,201881,Angel McCoughtry,1611661330,ATL,33,30.0,19.5,5.7,2.8,0.305,0.527,0.149,
WNBA,2016,100445,Ann Wauters,1611661320,LAS,21,4.6,1.4,1.1,0.4,0.156,0.588,0.121,
WNBA,2016,203813,Anna Cruz,1611661324,MIN,6,10.0,2.8,1.0,2.0,0.113,0.623,0.125,
WNBA,2016,203859,Asia Taylor,1611661323,CON,4,4.3,3.0,1.0,0.8,0.191,0.743,0.163,
WNBA,2016,203838,Astou Ndour-Fall,1611661319,SAN,30,14.9,6.0,3.2,0.4,0.197,0.502,0.108,
WNBA,2016,203069,Avery Warley-Talbert,1611661319,SAN,3,5.1,0.0,1.0,0.3,0.103,0.0,-0.069,
WNBA,2016,1627689,Bashaara Graves,1611661324,MIN,12,3.4,0.3,0.3,0.2,0.102,0.286,-0.025,
WNBA,2016,204335,Betnijah Laney-Hamilton,1611661329,CHI,8,5.3,1.0,0.6,0.1,0.147,0.291,-0.028,
WNBA,2016,204355,Blake Dietrick,1611661319,SAN,3,4.5,1.3,1.0,0.0,0.125,0.694,0.113,
WNBA,2016,1627668,Breanna Stewart,1611661328,SEA,34,34.7,18.3,9.3,3.4,0.242,0.576,0.175,
WNBA,2016,1627688,Brene Moseley,1611661325,IND,8,9.6,1.9,0.4,1.1,0.214,0.298,-0.059,
WNBA,2016,203829,Bria Hartley,1611661322,WAS,24,16.9,6.5,2.0,2.3,0.205,0.514,0.078,
WNBA,2016,1627678,Bria Holmes,1611661330,ATL,33,21.3,7.5,2.6,1.2,0.166,0.523,0.092,
WNBA,2016,201896,Briann January,1611661325,IND,29,28.1,9.7,1.8,4.7,0.17,0.547,0.087,
WNBA,2016,204331,Brianna Kiesel,1611661321,DAL,14,7.4,0.9,0.4,1.3,0.135,0.242,-0.015,
WNBA,2016,204327,Brittany Boyd-Jones,1611661313,NYL,33,19.7,6.5,2.5,3.6,0.201,0.441,0.083,
WNBA,2016,203398,Brittney Griner,1611661317,PHO,34,29.2,14.5,6.5,1.0,0.213,0.621,0.133,
WNBA,2016,201067,Camille Smith,1611661323,CON,33,24.7,7.8,3.0,2.0,0.176,0.467,0.05,
WNBA,2016,201496,Candace Parker,1611661320,LAS,34,30.8,15.3,7.4,4.9,0.263,0.53,0.158,
WNBA,2016,200676,Candice Dupree,1611661317,PHO,32,29.1,11.3,5.3,1.9,0.169,0.577,0.118,
WNBA,2016,200665,Cappie Pondexter,1611661329,CHI,33,27.5,12.9,2.8,2.7,0.224,0.505,0.097,
WNBA,2016,1627635,Carla Cortijo,1611661330,ATL,27,10.9,4.7,1.6,1.6,0.238,0.454,0.087,
WNBA,2016,202670,Carolyn Swords,1611661313,NYL,34,17.5,5.2,4.6,0.7,0.132,0.593,0.088,
WNBA,2016,203833,Chelsea Gray,1611661320,LAS,33,16.4,5.9,1.8,2.2,0.185,0.545,0.098,
WNBA,2016,204323,Cheyenne Parker-Tyus,1611661329,CHI,25,12.6,4.0,3.2,0.2,0.151,0.52,0.065,
WNBA,2016,203823,Chiney Ogwumike,1611661323,CON,33,24.3,12.6,6.7,0.7,0.203,0.63,0.145,
WNBA,2016,204332,Cierra Burdick,1611661330,ATL,8,3.7,0.4,0.5,0.0,0.145,0.169,-0.149,
WNBA,2016,204309,Clarissa Dos Santos,1611661329,CHI,20,9.3,2.9,2.2,0.5,0.175,0.42,0.04,
WNBA,2016,201907,Courtney Paris,1611661321,DAL,34,24.3,7.7,8.0,1.1,0.137,0.555,0.112,
WNBA,2016,202664,Courtney Vandersloot,1611661329,CHI,30,24.3,9.5,2.7,4.7,0.183,0.544,0.116,
WNBA,2016,1627675,Courtney Williams,1611661323,CON,25,14.0,6.2,3.0,1.2,0.227,0.445,0.092,
WNBA,2016,201518,Crystal Langhorne,1611661328,SEA,33,25.6,9.5,5.5,1.4,0.158,0.667,0.122,
WNBA,2016,201886,DeWanna Bonner,1611661317,PHO,34,31.3,14.5,5.4,2.4,0.209,0.563,0.13,
WNBA,2016,204324,Dearica Hamby,1611661319,SAN,25,25.3,9.0,5.1,1.0,0.193,0.49,0.08,
WNBA,2016,203016,Devereaux Peters,1611661325,IND,30,14.7,5.2,3.0,0.7,0.16,0.557,0.104,
WNBA,2016,100940,Diana Taurasi,1611661317,PHO,33,29.8,17.8,3.0,3.9,0.273,0.563,0.112,
WNBA,2016,203399,Elena Delle Donne,1611661329,CHI,28,33.2,21.5,7.0,1.9,0.25,0.598,0.163,
WNBA,2016,204322,Elizabeth Williams,1611661330,ATL,34,34.7,11.9,8.1,1.2,0.168,0.491,0.099,
WNBA,2016,203416,Emma Meesseman,1611661322,WAS,34,29.3,15.2,5.6,2.3,0.216,0.6,0.157,
WNBA,2016,202259,Epiphanny Prince,1611661313,NYL,6,13.9,5.2,1.5,0.7,0.156,0.552,0.083,
WNBA,2016,204365,Erica Wheeler,1611661325,IND,34,23.9,8.4,2.1,2.8,0.196,0.484,0.059,
WNBA,2016,100812,Erika de Souza,1611661329,CHI,31,16.6,5.8,5.2,0.6,0.157,0.549,0.106,
WNBA,2016,101039,Erin Phillips,1611661321,DAL,32,14.6,4.7,1.2,1.2,0.132,0.595,0.072,
WNBA,2016,201503,Erlana Larkins,1611661325,IND,33,26.7,8.3,7.4,2.1,0.129,0.695,0.138,
WNBA,2016,201502,Essence Carson,1611661320,LAS,34,23.3,8.1,2.0,1.5,0.171,0.549,0.081,
WNBA,2016,1627648,Evgeniia Belyakova,1611661320,LAS,20,11.9,2.2,0.8,0.8,0.133,0.36,0.01,
WNBA,2016,1627645,Frida Eldebrink,1611661319,SAN,8,5.5,0.4,0.4,0.9,0.12,0.169,-0.006,
WNBA,2016,203017,Glory Johnson,1611661321,DAL,18,27.9,11.3,8.9,1.3,0.186,0.52,0.144,
WNBA,2016,203863,Haley Peters,1611661319,SAN,34,17.5,5.8,2.3,0.8,0.191,0.424,0.039,
WNBA,2016,1627677,Imani McGee-Stafford,1611661329,CHI,31,19.0,6.7,5.6,0.6,0.153,0.578,0.1,
WNBA,2016,204330,Isabelle Harrison,1611661317,PHO,26,7.5,3.1,1.8,0.0,0.2,0.563,0.072,
WNBA,2016,201056,Ivory Latta,1611661322,WAS,22,20.8,8.3,1.7,1.9,0.207,0.491,0.06,
WNBA,2016,1627684,Jamie Weisner,1611661322,WAS,7,3.6,1.7,0.4,0.3,0.241,0.607,0.061,
WNBA,2016,203857,Jamierra Faulkner,1611661329,CHI,34,19.3,7.8,1.5,4.6,0.221,0.506,0.101,
WNBA,2016,101019,Janel McCarville,1611661324,MIN,33,12.6,3.3,2.5,1.6,0.139,0.483,0.1,
WNBA,2016,202650,Jantel Lavender,1611661320,LAS,34,19.4,9.6,3.6,1.3,0.231,0.552,0.131,
WNBA,2016,202662,Jasmine Thomas,1611661323,CON,34,32.1,11.7,4.1,5.1,0.191,0.494,0.103,
WNBA,2016,202251,Jayne Appel Marinelli,1611661319,SAN,34,23.1,4.1,5.4,2.1,0.114,0.491,0.077,
WNBA,2016,1627681,Jazmon Gwathmey,1611661319,SAN,22,16.0,3.3,1.7,0.7,0.121,0.436,0.035,
WNBA,2016,202656,Jeanette Pohlen-Mavunga,1611661325,IND,12,4.1,1.3,0.1,0.4,0.111,0.699,0.056,
WNBA,2016,1627644,Jelena Dubljevic,1611661320,LAS,15,5.3,1.5,0.9,0.5,0.157,0.472,0.049,
WNBA,2016,202626,Jenna O'Hea,1611661328,SEA,22,11.5,3.0,1.3,0.9,0.155,0.476,0.061,
WNBA,2016,202638,Jessica Breland,1611661329,CHI,34,17.2,6.0,4.4,0.7,0.168,0.531,0.091,
WNBA,2016,204319,Jewell Loyd,1611661328,SEA,34,31.6,16.5,3.4,3.4,0.254,0.543,0.117,
WNBA,2016,100952,Jia Perkins,1611661324,MIN,34,20.7,6.4,2.6,1.3,0.165,0.441,0.078,
WNBA,2016,1627673,Jonquel Jones,1611661323,CON,34,14.1,6.8,3.7,0.6,0.183,0.609,0.142,
WNBA,2016,203835,Jordan Hooper,1611661321,DAL,32,9.1,3.7,1.2,0.2,0.184,0.515,0.05,
WNBA,2016,1627674,Kahleah Copper,1611661322,WAS,30,16.2,6.2,3.1,0.8,0.197,0.509,0.077,
WNBA,2016,204321,Kaleena Mosqueda-Lewis,1611661328,SEA,32,12.4,5.2,0.8,0.8,0.207,0.525,0.045,
WNBA,2016,202640,Karima Christmas-Kelly,1611661321,DAL,34,31.6,12.4,5.9,2.1,0.176,0.541,0.099,
WNBA,2016,203405,Kayla Alexander,1611661319,SAN,25,19.6,8.0,4.5,0.5,0.177,0.596,0.12,
WNBA,2016,203825,Kayla McBride,1611661319,SAN,17,30.8,17.1,4.0,1.9,0.294,0.473,0.106,
WNBA,2016,203034,Keisha Hampton,1611661324,MIN,27,6.7,2.6,0.4,0.4,0.182,0.521,0.044,
WNBA,2016,203408,Kelly Faris,1611661323,CON,31,10.2,2.0,1.2,0.7,0.116,0.512,0.035,
WNBA,2016,203402,Kelsey Bone,1611661317,PHO,34,15.5,6.1,3.7,0.9,0.232,0.457,0.064,
WNBA,2016,201913,Kia Vaughn,1611661322,WAS,34,19.8,6.3,4.3,0.6,0.159,0.524,0.105,
WNBA,2016,204329,Kiah Stokes,1611661313,NYL,27,24.1,6.9,7.4,0.7,0.116,0.654,0.128,
WNBA,2016,201911,Kristi Toliver,1611661320,LAS,33,32.1,13.2,2.6,3.7,0.177,0.593,0.102,
WNBA,2016,202663,Krystal Thomas,1611661328,SEA,19,9.3,1.4,2.3,0.1,0.078,0.611,0.029,
WNBA,2016,201506,LaToya Sanders,1611661322,WAS,4,17.4,7.3,3.0,0.3,0.167,0.611,0.108,
WNBA,2016,203406,Layshia Clarendon,1611661330,ATL,34,28.2,10.4,4.3,3.5,0.178,0.559,0.103,
WNBA,2016,201507,Leilani Mitchell,1611661322,WAS,10,16.1,5.9,1.7,1.9,0.164,0.585,0.076,
WNBA,2016,100915,Lindsay Whalen,1611661324,MIN,32,24.6,9.8,2.6,3.8,0.178,0.578,0.124,
WNBA,2016,201046,Lindsey Harding,1611661317,PHO,26,17.0,3.8,1.9,2.4,0.144,0.427,0.073,
WNBA,2016,203041,Lynetta Kizer,1611661325,IND,33,17.2,9.6,3.2,0.6,0.239,0.585,0.125,
WNBA,2016,203843,Maggie Lucas,1611661325,IND,4,13.8,7.8,2.0,0.8,0.21,0.644,0.107,
WNBA,2016,201889,Marissa Coleman,1611661325,IND,32,24.4,8.3,3.3,2.0,0.192,0.471,0.066,
WNBA,2016,203832,Markeisha Gatling,1611661330,ATL,27,8.6,2.5,1.7,0.3,0.151,0.54,0.029,
WNBA,2016,204300,Marta Xargay,1611661317,PHO,15,19.8,5.7,1.7,2.7,0.164,0.515,0.035,
WNBA,2016,201492,Matee Ajavon,1611661330,ATL,32,10.6,3.3,1.6,1.2,0.209,0.387,0.027,
WNBA,2016,202632,Maya Moore,1611661324,MIN,34,29.7,19.3,5.1,4.2,0.279,0.574,0.174,
WNBA,2016,203848,Meighan Simmons,1611661330,ATL,25,5.9,3.1,0.4,0.3,0.281,0.409,0.014,
WNBA,2016,200691,Mistie Bass,1611661317,PHO,33,13.1,2.9,1.9,0.8,0.114,0.522,0.061,
WNBA,2016,202257,Monica Wright,1611661328,SEA,16,6.1,1.3,0.5,0.7,0.186,0.355,-0.011,
WNBA,2016,200673,Monique Currie,1611661319,SAN,34,25.5,10.7,4.4,2.1,0.226,0.497,0.097,
WNBA,2016,1627670,Morgan Tuck,1611661323,CON,26,16.7,7.0,2.8,1.1,0.203,0.503,0.101,
WNBA,2016,1627669,Moriah Jefferson,1611661319,SAN,34,30.4,13.9,2.1,4.2,0.234,0.499,0.11,
WNBA,2016,203831,Natalie Achonwa,1611661325,IND,24,8.1,3.6,2.0,0.3,0.191,0.575,0.124,
WNBA,2016,204333,Natasha Cloud,1611661322,WAS,31,24.3,5.7,3.0,3.8,0.141,0.478,0.082,
WNBA,2016,203827,Natasha Howard,1611661324,MIN,34,14.6,6.7,3.6,0.8,0.193,0.605,0.115,
WNBA,2016,1627699,Nirra Fields,1611661317,PHO,4,4.3,0.8,0.0,0.0,0.238,0.19,-0.157,
WNBA,2016,203014,Nneka Ogwumike,1611661320,LAS,33,31.6,19.7,9.1,3.1,0.225,0.737,0.215,
WNBA,2016,201049,Noelle Quinn,1611661328,SEA,33,12.3,1.7,1.4,1.5,0.128,0.33,0.04,
WNBA,2016,203824,Odyssey Sims,1611661321,DAL,34,31.6,14.0,2.5,3.9,0.23,0.479,0.077,
WNBA,2016,100634,Penny Taylor,1611661317,PHO,25,25.7,12.5,3.8,3.6,0.195,0.645,0.159,
WNBA,2016,100888,Plenette Pierson,1611661321,DAL,27,26.6,11.9,4.6,2.0,0.228,0.484,0.072,
WNBA,2016,1627671,Rachel Banham,1611661323,CON,15,10.9,3.7,0.7,0.9,0.143,0.547,0.068,
WNBA,2016,1627680,Rachel Hollivay,1611661330,ATL,32,8.9,1.2,2.1,0.1,0.097,0.374,0.005,
WNBA,2016,204317,Ramu Tokashiki,1611661328,SEA,31,13.0,5.3,2.5,0.3,0.187,0.546,0.058,
WNBA,2016,204296,Rebecca Allen,1611661313,NYL,21,13.3,5.7,1.7,0.5,0.178,0.574,0.076,
WNBA,2016,100944,Rebekkah Brunson,1611661324,MIN,33,24.6,7.4,7.3,1.8,0.138,0.545,0.128,
WNBA,2016,201904,Renee Montgomery,1611661324,MIN,34,19.3,7.5,0.9,2.8,0.199,0.514,0.085,
WNBA,2016,204334,Reshanda Gray,1611661330,ATL,28,9.6,3.4,2.5,0.1,0.16,0.54,0.044,
WNBA,2016,1627685,Ruth Hamblin,1611661321,DAL,20,6.5,1.1,1.5,0.2,0.123,0.299,0.036,
WNBA,2016,101023,Sancho Lyttle,1611661330,ATL,19,30.0,7.6,7.8,1.8,0.138,0.453,0.122,
WNBA,2016,201058,Sandrine Gruda,1611661320,LAS,7,5.3,1.0,0.6,0.3,0.123,0.371,0.005,
WNBA,2016,200671,Seimone Augustus,1611661324,MIN,29,26.4,11.2,2.9,2.4,0.215,0.509,0.095,
WNBA,2016,201919,Shavonte Zellous,1611661313,NYL,33,23.3,8.8,2.5,2.2,0.183,0.519,0.089,
WNBA,2016,203015,Shekinna Stricklen,1611661323,CON,28,10.9,4.0,1.4,0.5,0.153,0.508,0.086,
WNBA,2016,203018,Shenise Johnson,1611661325,IND,29,22.4,9.8,3.5,2.1,0.213,0.532,0.12,
WNBA,2016,203830,Shoni Schimmel,1611661313,NYL,17,4.5,2.1,0.5,0.6,0.143,0.788,0.148,
WNBA,2016,203400,Skylar Diggins,1611661321,DAL,27,28.3,13.1,1.9,3.4,0.235,0.507,0.083,
WNBA,2016,201909,Sonja Petrovic,1611661317,PHO,31,14.8,5.1,2.2,0.6,0.17,0.554,0.064,
WNBA,2016,203828,Stefanie Dolson,1611661322,WAS,34,22.5,9.3,4.7,1.1,0.193,0.559,0.105,
WNBA,2016,100720,Sue Bird,1611661328,SEA,34,31.6,12.8,2.9,5.8,0.198,0.573,0.122,
WNBA,2016,203411,Sugar Rodgers,1611661313,NYL,33,30.5,14.5,3.7,2.4,0.206,0.56,0.103,
WNBA,2016,100721,Swin Cash,1611661313,NYL,31,19.5,5.3,3.4,1.4,0.163,0.438,0.063,
WNBA,2016,202641,Sydney Colson,1611661319,SAN,34,16.9,5.1,1.6,2.6,0.164,0.528,0.095,
WNBA,2016,201480,Sylvia Fowles,1611661324,MIN,34,28.5,13.9,8.5,1.2,0.199,0.634,0.171,
WNBA,2016,201477,Tamera Young,1611661329,CHI,32,25.8,8.5,4.5,1.4,0.164,0.494,0.072,
WNBA,2016,100646,Tamika Catchings,1611661325,IND,34,24.8,12.7,4.8,1.9,0.227,0.554,0.151,
WNBA,2016,101030,Tanisha Wright,1611661313,NYL,29,23.0,6.7,2.3,3.6,0.185,0.449,0.056,
WNBA,2016,203401,Tayler Hill,1611661322,WAS,32,29.3,15.4,2.6,2.9,0.254,0.512,0.108,
WNBA,2016,203849,Theresa Plaisance,1611661321,DAL,27,11.8,4.0,2.5,0.3,0.166,0.479,0.038,
WNBA,2016,203403,Tianna Hawkins,1611661322,WAS,24,10.5,4.7,2.5,0.4,0.203,0.6,0.073,
WNBA,2016,203437,Tierra Ruffin-Pratt,1611661322,WAS,32,24.4,7.3,4.5,2.6,0.17,0.486,0.083,
WNBA,2016,203839,Tiffany Bias,1611661321,DAL,10,6.4,2.9,0.5,0.6,0.255,0.513,0.048,
WNBA,2016,203026,Tiffany Hayes,1611661330,ATL,33,30.8,15.0,3.4,2.4,0.204,0.571,0.109,
WNBA,2016,1627676,Tiffany Mitchell,1611661325,IND,34,20.0,8.6,1.7,1.4,0.221,0.51,0.059,
WNBA,2016,202250,Tina Charles,1611661313,NYL,32,33.7,21.5,9.9,3.8,0.305,0.499,0.192,
WNBA,2016,203037,Vicki Baugh,1611661319,SAN,11,13.4,4.0,3.7,0.3,0.154,0.595,0.068,
WNBA,2016,1627682,Whitney Knight,1611661319,SAN,10,3.8,0.6,0.5,0.2,0.193,0.2,-0.035,
WNBA,2016,1627639,Zoi Dimitrakou,1611661322,WAS,2,5.5,1.5,0.5,0.5,0.133,0.5,-0.034,
WNBA,2017,1627679,Adut Bulgak,1611661329,CHI,5,12.3,4.4,4.0,0.0,0.18,0.455,0.072,
WNBA,2017,1627672,Aerial Powers,1611661321,DAL,12,20.3,10.8,4.2,1.5,0.257,0.47,0.088,
WNBA,2017,100949,Alana Beard,1611661320,LAS,34,30.9,6.9,3.3,2.2,0.112,0.551,0.073,
WNBA,2017,203410,Alex Bentley,1611661323,CON,31,23.7,8.4,1.5,2.9,0.175,0.458,0.068,
WNBA,2017,202652,Alex Montgomery,1611661319,SAN,34,23.5,6.0,5.7,2.1,0.153,0.445,0.084,
WNBA,2017,1628283,Alexis Jones,1611661324,MIN,29,7.3,2.6,0.8,0.8,0.217,0.456,0.056,
WNBA,2017,1628284,Alexis Peterson,1611661328,SEA,17,7.1,2.1,1.2,0.8,0.212,0.375,0.035,
WNBA,2017,1628297,Alexis Prince,1611661317,PHO,18,7.2,1.9,1.0,0.4,0.15,0.418,0.077,
WNBA,2017,201516,Allie Quigley,1611661329,CHI,31,32.3,16.4,3.3,3.6,0.207,0.632,0.114,
WNBA,2017,1628277,Allisha Gray,1611661321,DAL,34,27.2,13.0,3.9,1.3,0.22,0.488,0.086,
WNBA,2017,202255,Allison Hightower,1611661322,WAS,11,13.2,4.7,1.3,1.1,0.199,0.423,0.074,
WNBA,2017,202252,Alysha Clark,1611661328,SEA,33,28.3,8.2,4.2,1.6,0.128,0.606,0.081,
WNBA,2017,203826,Alyssa Thomas,1611661323,CON,33,29.8,14.8,6.8,4.5,0.239,0.536,0.131,
WNBA,2017,204320,Amanda Zahui B,1611661313,NYL,29,5.3,2.2,1.1,0.3,0.228,0.448,0.039,
WNBA,2017,202644,Amber Harris,1611661329,CHI,27,5.9,1.6,1.6,0.2,0.157,0.417,0.065,
WNBA,2017,1627691,Ameryst Alston,1611661313,NYL,2,1.8,1.0,1.0,0.5,0.333,0.5,0.111,
WNBA,2017,202623,Aneika Morello,1611661330,ATL,6,5.1,2.0,1.0,0.3,0.141,0.857,0.116,
WNBA,2017,202657,Angel Robinson,1611661317,PHO,15,15.8,3.9,3.9,0.5,0.119,0.616,0.07,
WNBA,2017,203859,Asia Taylor,1611661322,WAS,24,6.7,1.9,1.8,0.4,0.163,0.437,0.072,
WNBA,2017,1627689,Bashaara Graves,1611661329,CHI,10,9.2,2.6,2.3,0.5,0.142,0.518,0.083,
WNBA,2017,1628292,Breanna Lewis,1611661321,DAL,13,4.0,0.5,0.7,0.2,0.154,0.254,-0.131,
WNBA,2017,1627668,Breanna Stewart,1611661328,SEA,33,32.9,19.9,8.7,2.7,0.269,0.588,0.162,
WNBA,2017,203829,Bria Hartley,1611661313,NYL,34,21.4,7.8,2.1,2.1,0.184,0.519,0.077,
WNBA,2017,1627678,Bria Holmes,1611661330,ATL,32,22.3,7.8,2.9,1.8,0.186,0.444,0.07,
WNBA,2017,201896,Briann January,1611661325,IND,25,26.3,9.5,1.5,3.9,0.2,0.504,0.066,
WNBA,2017,204331,Brianna Kiesel,1611661330,ATL,9,8.3,1.6,0.4,1.1,0.122,0.361,0.024,
WNBA,2017,1628280,Brionna Jones,1611661323,CON,23,6.4,2.9,1.7,0.1,0.163,0.653,0.116,
WNBA,2017,204327,Brittany Boyd-Jones,1611661313,NYL,2,15.8,13.0,4.0,2.5,0.28,0.655,0.422,
WNBA,2017,203398,Brittney Griner,1611661317,PHO,26,31.5,21.9,7.6,1.9,0.28,0.642,0.214,
WNBA,2017,1628279,Brittney Sykes,1611661330,ATL,34,25.6,13.9,4.1,1.9,0.261,0.497,0.096,
WNBA,2017,201067,Camille Smith,1611661317,PHO,34,25.4,7.1,3.8,1.4,0.164,0.47,0.049,
WNBA,2017,201496,Candace Parker,1611661320,LAS,33,30.7,16.9,8.4,4.3,0.26,0.567,0.186,
WNBA,2017,200676,Candice Dupree,1611661325,IND,33,31.8,15.0,5.8,1.6,0.226,0.531,0.127,
WNBA,2017,200665,Cappie Pondexter,1611661329,CHI,29,27.2,9.6,2.9,4.3,0.211,0.434,0.062,
WNBA,2017,202670,Carolyn Swords,1611661328,SEA,30,8.7,2.6,1.5,0.3,0.155,0.595,0.032,
WNBA,2017,204297,Cayla George,1611661317,PHO,32,11.9,3.3,2.7,0.5,0.145,0.452,0.059,
WNBA,2017,1628508,Cecilia Zandalasini,1611661324,MIN,3,6.2,0.7,0.3,0.0,0.15,0.25,-0.11,
WNBA,2017,203833,Chelsea Gray,1611661320,LAS,34,33.3,14.8,3.3,4.4,0.192,0.618,0.127,
WNBA,2017,203563,Chelsea Hopkins,1611661330,ATL,3,2.9,0.0,0.0,0.0,0.056,0.0,-0.041,
WNBA,2017,204323,Cheyenne Parker-Tyus,1611661329,CHI,23,12.4,3.8,3.4,0.6,0.151,0.513,0.076,
WNBA,2017,204332,Cierra Burdick,1611661319,SAN,10,8.6,3.1,1.2,0.9,0.16,0.705,0.081,
WNBA,2017,201907,Courtney Paris,1611661321,DAL,20,13.7,4.2,3.7,0.7,0.138,0.56,0.068,
WNBA,2017,202664,Courtney Vandersloot,1611661329,CHI,27,30.3,11.5,3.7,8.1,0.183,0.594,0.13,
WNBA,2017,1627675,Courtney Williams,1611661323,CON,34,26.0,12.3,4.2,2.1,0.218,0.511,0.108,
WNBA,2017,201518,Crystal Langhorne,1611661328,SEA,34,28.4,12.4,6.1,1.5,0.175,0.671,0.133,
WNBA,2017,203024,Damiris Dantas,1611661330,ATL,34,18.1,7.7,3.6,0.7,0.207,0.471,0.077,
WNBA,2017,202634,Danielle Adams,1611661323,CON,19,4.4,2.6,0.6,0.2,0.254,0.519,0.02,
WNBA,2017,202658,Danielle Robinson,1611661317,PHO,32,23.5,6.9,2.9,3.4,0.17,0.501,0.096,
WNBA,2017,202680,Darxia Morris,1611661330,ATL,5,4.2,1.0,0.6,0.2,0.222,0.417,-0.041,
WNBA,2017,204324,Dearica Hamby,1611661319,SAN,34,20.2,7.8,4.2,1.0,0.195,0.502,0.088,
WNBA,2017,100940,Diana Taurasi,1611661317,PHO,31,28.5,17.9,3.0,2.7,0.27,0.579,0.125,
WNBA,2017,203399,Elena Delle Donne,1611661322,WAS,25,30.3,19.7,6.8,1.6,0.246,0.636,0.189,
WNBA,2017,204322,Elizabeth Williams,1611661330,ATL,34,31.6,10.4,7.2,1.4,0.156,0.513,0.107,
WNBA,2017,1628242,Emma Cannon,1611661317,PHO,34,12.9,4.4,3.6,0.3,0.169,0.526,0.066,
WNBA,2017,203416,Emma Meesseman,1611661322,WAS,23,28.4,14.1,5.7,2.8,0.233,0.54,0.131,
WNBA,2017,202259,Epiphanny Prince,1611661313,NYL,28,26.8,12.0,3.6,2.9,0.206,0.518,0.123,
WNBA,2017,1628286,Erica McCall,1611661325,IND,30,10.7,3.3,2.3,0.2,0.181,0.443,0.059,
WNBA,2017,204365,Erica Wheeler,1611661325,IND,34,26.4,11.8,2.2,4.1,0.249,0.486,0.092,
WNBA,2017,100812,Erika de Souza,1611661319,SAN,27,12.5,3.6,2.6,0.7,0.159,0.497,0.076,
WNBA,2017,201503,Erlana Larkins,1611661325,IND,34,18.8,4.9,4.2,1.1,0.125,0.633,0.091,
WNBA,2017,201502,Essence Carson,1611661320,LAS,24,19.4,4.8,1.7,1.2,0.132,0.498,0.056,
WNBA,2017,1628262,Evelyn Akhator,1611661321,DAL,15,4.1,0.9,0.6,0.0,0.17,0.349,-0.019,
WNBA,2017,1628289,Feyonda Fitzgerald,1611661323,CON,2,3.9,0.0,1.5,1.0,0.182,0.0,0.016,
WNBA,2017,203017,Glory Johnson,1611661321,DAL,33,31.0,14.9,9.1,1.6,0.218,0.537,0.13,
WNBA,2017,203863,Haley Peters,1611661322,WAS,4,10.6,2.3,0.8,0.3,0.134,0.5,-0.023,
WNBA,2017,202645,Ify Ibekwe,1611661320,LAS,6,3.9,1.0,0.8,0.0,0.241,0.258,-0.167,
WNBA,2017,1627677,Imani McGee-Stafford,1611661330,ATL,32,13.5,4.1,3.9,0.4,0.153,0.488,0.096,
WNBA,2017,204330,Isabelle Harrison,1611661319,SAN,34,26.6,11.4,6.4,1.4,0.215,0.527,0.102,
WNBA,2017,201056,Ivory Latta,1611661322,WAS,34,17.0,8.0,0.8,1.7,0.226,0.492,0.076,
WNBA,2017,202650,Jantel Lavender,1611661320,LAS,32,17.4,7.3,3.0,0.9,0.217,0.524,0.096,
WNBA,2017,202662,Jasmine Thomas,1611661323,CON,32,28.2,14.2,2.3,4.3,0.239,0.517,0.112,
WNBA,2017,1627681,Jazmon Gwathmey,1611661325,IND,28,17.1,6.2,2.0,0.8,0.22,0.448,0.022,
WNBA,2017,202656,Jeanette Pohlen-Mavunga,1611661325,IND,29,12.9,3.4,1.0,0.7,0.125,0.55,0.06,
WNBA,2017,1628287,Jennie Simms,1611661325,IND,14,7.4,1.6,1.1,0.6,0.146,0.38,0.066,
WNBA,2017,203845,Jennifer Hamson,1611661325,IND,12,7.2,2.2,2.1,0.2,0.13,0.617,0.113,
WNBA,2017,202638,Jessica Breland,1611661329,CHI,34,24.5,9.5,6.3,1.6,0.196,0.517,0.106,
WNBA,2017,204319,Jewell Loyd,1611661328,SEA,34,31.1,17.7,3.2,3.4,0.275,0.547,0.117,
WNBA,2017,100952,Jia Perkins,1611661324,MIN,34,16.3,4.2,2.0,1.4,0.148,0.445,0.072,
WNBA,2017,1627673,Jonquel Jones,1611661323,CON,34,28.5,15.4,11.9,1.5,0.204,0.634,0.185,
WNBA,2017,203835,Jordan Hooper,1611661329,CHI,28,10.7,3.8,1.3,0.3,0.157,0.521,0.06,
WNBA,2017,1628273,Kaela Davis,1611661321,DAL,33,15.5,6.1,1.4,1.0,0.202,0.491,0.041,
WNBA,2017,1627674,Kahleah Copper,1611661329,CHI,34,14.3,6.7,1.9,0.4,0.209,0.542,0.075,
WNBA,2017,204321,Kaleena Mosqueda-Lewis,1611661328,SEA,18,11.1,4.6,1.2,0.5,0.194,0.57,0.062,
WNBA,2017,202640,Karima Christmas-Kelly,1611661321,DAL,34,29.7,10.4,4.2,2.2,0.16,0.536,0.073,
WNBA,2017,203405,Kayla Alexander,1611661319,SAN,34,15.4,6.2,3.1,0.5,0.172,0.607,0.101,
WNBA,2017,203825,Kayla McBride,1611661319,SAN,30,33.2,15.4,4.1,2.6,0.218,0.528,0.113,
WNBA,2017,202653,Kayla Pedersen,1611661323,CON,26,10.2,1.5,2.3,0.6,0.085,0.447,0.042,
WNBA,2017,203866,Kayla Thornton,1611661321,DAL,34,17.2,6.8,3.3,0.9,0.169,0.539,0.084,
WNBA,2017,203034,Keisha Hampton,1611661329,CHI,19,7.8,3.6,0.6,0.3,0.183,0.569,0.075,
WNBA,2017,1628276,Kelsey Plum,1611661319,SAN,31,22.9,8.5,1.9,3.4,0.219,0.479,0.057,
WNBA,2017,201913,Kia Vaughn,1611661313,NYL,28,19.6,5.8,4.9,0.7,0.136,0.545,0.097,
WNBA,2017,204329,Kiah Stokes,1611661313,NYL,34,19.6,4.8,6.3,0.9,0.116,0.596,0.108,
WNBA,2017,201911,Kristi Toliver,1611661322,WAS,34,29.1,11.9,2.0,3.4,0.189,0.553,0.084,
WNBA,2017,202663,Krystal Thomas,1611661322,WAS,34,26.1,7.0,9.6,1.0,0.13,0.565,0.117,
WNBA,2017,1628298,Lanay Montgomery,1611661328,SEA,7,4.1,0.9,0.7,0.0,0.134,0.429,0.041,
WNBA,2017,203406,Layshia Clarendon,1611661330,ATL,34,30.0,10.7,3.8,6.6,0.208,0.454,0.1,
WNBA,2017,201507,Leilani Mitchell,1611661317,PHO,34,21.3,8.0,2.4,3.6,0.182,0.55,0.124,
WNBA,2017,1628263,Lindsay Allen,1611661313,NYL,28,13.4,1.9,1.5,2.2,0.094,0.399,0.081,
WNBA,2017,100915,Lindsay Whalen,1611661324,MIN,22,23.6,8.0,2.5,4.1,0.181,0.524,0.088,
WNBA,2017,203041,Lynetta Kizer,1611661323,CON,20,11.9,6.0,2.9,0.3,0.217,0.526,0.118,
WNBA,2017,1628358,Maimouna Diarra,1611661320,LAS,10,2.0,0.3,1.1,0.1,0.184,0.255,0.065,
WNBA,2017,1628300,Makayla Epps,1611661329,CHI,17,3.8,0.6,0.2,0.4,0.176,0.25,-0.062,
WNBA,2017,201889,Marissa Coleman,1611661325,IND,34,18.7,4.9,2.0,1.0,0.162,0.457,0.042,
WNBA,2017,201492,Matee Ajavon,1611661330,ATL,31,8.1,2.4,1.2,1.0,0.197,0.403,0.042,
WNBA,2017,202632,Maya Moore,1611661324,MIN,34,31.3,17.3,5.0,3.5,0.239,0.561,0.142,
WNBA,2017,203848,Meighan Simmons,1611661330,ATL,11,3.8,1.7,0.4,0.0,0.275,0.351,-0.041,
WNBA,2017,200673,Monique Currie,1611661317,PHO,36,21.8,10.8,3.7,2.1,0.228,0.552,0.127,
WNBA,2017,1627670,Morgan Tuck,1611661323,CON,22,16.6,5.4,2.2,0.9,0.181,0.433,0.045,
WNBA,2017,1627669,Moriah Jefferson,1611661319,SAN,21,24.5,9.1,1.8,4.4,0.182,0.572,0.12,
WNBA,2017,203814,Nadia Colhado,1611661325,IND,5,2.6,0.4,0.4,0.0,0.077,1.0,-0.07,
WNBA,2017,203831,Natalie Achonwa,1611661325,IND,34,18.3,7.1,3.7,0.7,0.171,0.597,0.105,
WNBA,2017,204333,Natasha Cloud,1611661322,WAS,24,18.6,4.4,2.5,2.9,0.148,0.408,0.072,
WNBA,2017,203827,Natasha Howard,1611661324,MIN,34,11.7,4.3,2.4,0.7,0.176,0.528,0.103,
WNBA,2017,1628248,Nayo Raincock-Ekunwe,1611661313,NYL,32,9.2,3.7,1.8,0.3,0.174,0.563,0.06,
WNBA,2017,1628269,Nia Coffey,1611661319,SAN,27,7.8,1.8,1.9,0.2,0.174,0.349,0.004,
WNBA,2017,203014,Nneka Ogwumike,1611661320,LAS,34,31.0,18.8,7.7,2.1,0.236,0.636,0.192,
WNBA,2017,201049,Noelle Quinn,1611661328,SEA,32,15.7,2.7,1.6,2.8,0.09,0.597,0.09,
WNBA,2017,203824,Odyssey Sims,1611661320,LAS,31,24.5,9.6,1.9,3.5,0.192,0.527,0.111,
WNBA,2017,100888,Plenette Pierson,1611661324,MIN,34,13.7,5.2,2.2,1.5,0.194,0.51,0.101,
WNBA,2017,1627671,Rachel Banham,1611661323,CON,30,9.4,3.3,1.1,0.7,0.18,0.446,0.048,
WNBA,2017,1627680,Rachel Hollivay,1611661330,ATL,7,4.7,1.3,1.3,0.0,0.1,0.654,0.082,
WNBA,2017,204317,Ramu Tokashiki,1611661328,SEA,33,12.4,3.2,1.6,0.6,0.145,0.496,0.023,
WNBA,2017,204296,Rebecca Allen,1611661313,NYL,33,9.2,2.8,2.0,0.5,0.164,0.449,0.08,
WNBA,2017,100944,Rebekkah Brunson,1611661324,MIN,30,26.9,10.2,6.7,1.5,0.18,0.54,0.104,
WNBA,2017,201904,Renee Montgomery,1611661324,MIN,34,21.8,8.0,1.6,3.4,0.171,0.56,0.095,
WNBA,2017,203029,Riquna Williams,1611661320,LAS,23,17.7,6.4,1.4,0.7,0.203,0.464,0.036,
WNBA,2017,1628244,Sami Whitcomb,1611661328,SEA,33,12.2,4.5,1.7,1.0,0.189,0.517,0.072,
WNBA,2017,101023,Sancho Lyttle,1611661330,ATL,29,28.5,6.4,7.1,1.6,0.125,0.468,0.098,
WNBA,2017,201058,Sandrine Gruda,1611661320,LAS,7,4.2,1.1,0.6,0.0,0.276,0.364,-0.097,
WNBA,2017,1628267,Saniya Chong,1611661321,DAL,33,11.0,2.7,0.9,1.0,0.136,0.496,0.073,
WNBA,2017,200671,Seimone Augustus,1611661324,MIN,32,27.7,10.9,2.9,4.0,0.176,0.558,0.122,
WNBA,2017,201530,Sequoia Holmes,1611661319,SAN,27,11.3,3.3,0.9,0.9,0.162,0.433,0.05,
WNBA,2017,1628278,Shatori Walker-Kimbrough,1611661322,WAS,27,12.5,4.4,1.1,0.4,0.167,0.513,0.063,
WNBA,2017,201919,Shavonte Zellous,1611661313,NYL,34,29.1,11.7,4.0,2.8,0.19,0.547,0.092,
WNBA,2017,201062,Shay Murphy,1611661319,SAN,26,9.8,2.5,1.5,0.7,0.133,0.483,0.062,
WNBA,2017,203015,Shekinna Stricklen,1611661323,CON,34,27.2,8.6,3.1,1.1,0.126,0.592,0.081,
WNBA,2017,203018,Shenise Johnson,1611661325,IND,14,24.9,11.3,3.4,2.5,0.213,0.546,0.119,
WNBA,2017,203400,Skylar Diggins,1611661321,DAL,34,34.2,18.5,3.5,5.8,0.226,0.57,0.136,
WNBA,2017,1628265,Sophie Brunner,1611661319,SAN,4,3.8,0.0,1.0,0.0,0.065,0.0,-0.027,
WNBA,2017,203828,Stefanie Dolson,1611661329,CHI,33,29.3,14.5,5.8,2.6,0.208,0.636,0.118,
WNBA,2017,203855,Stephanie Talbot,1611661317,PHO,34,17.9,4.4,2.7,1.6,0.128,0.517,0.07,
WNBA,2017,100720,Sue Bird,1611661328,SEA,30,30.0,10.6,2.0,6.6,0.18,0.551,0.112,
WNBA,2017,203411,Sugar Rodgers,1611661313,NYL,33,25.6,10.5,3.8,2.3,0.221,0.459,0.086,
WNBA,2017,202641,Sydney Colson,1611661319,SAN,28,11.6,2.9,0.5,2.0,0.173,0.402,0.041,
WNBA,2017,1628282,Sydney Wiese,1611661320,LAS,28,8.1,2.3,0.8,0.3,0.131,0.504,0.059,
WNBA,2017,201480,Sylvia Fowles,1611661324,MIN,34,30.8,18.9,10.4,1.5,0.23,0.691,0.207,
WNBA,2017,201477,Tamera Young,1611661330,ATL,35,24.7,8.4,3.3,1.9,0.2,0.432,0.057,
WNBA,2017,203401,Tayler Hill,1611661322,WAS,18,25.6,13.3,1.9,2.6,0.246,0.531,0.101,
WNBA,2017,1627701,Temi Fagbenle,1611661324,MIN,21,4.2,1.2,1.0,0.0,0.148,0.569,0.081,
WNBA,2017,203849,Theresa Plaisance,1611661321,DAL,34,20.3,7.7,4.3,0.9,0.179,0.487,0.075,
WNBA,2017,203403,Tianna Hawkins,1611661322,WAS,33,16.6,6.9,4.2,0.3,0.182,0.556,0.107,
WNBA,2017,203437,Tierra Ruffin-Pratt,1611661322,WAS,34,24.3,7.3,5.3,2.3,0.185,0.417,0.069,
WNBA,2017,203026,Tiffany Hayes,1611661330,ATL,33,30.1,16.3,3.8,2.4,0.228,0.582,0.126,
WNBA,2017,201050,Tiffany Jackson,1611661320,LAS,26,5.8,1.1,1.2,0.1,0.124,0.491,0.031,
WNBA,2017,1627676,Tiffany Mitchell,1611661325,IND,27,24.9,10.3,3.2,1.4,0.215,0.49,0.084,
WNBA,2017,202250,Tina Charles,1611661313,NYL,34,32.2,19.7,9.4,2.6,0.297,0.508,0.174,
WNBA,2017,203389,Yvonne Turner,1611661317,PHO,34,12.8,5.1,1.0,1.1,0.211,0.49,0.068,
WNBA,2018,1628932,A'ja Wilson,1611661319,LVA,33,30.6,20.7,8.0,2.2,0.289,0.534,0.154,
WNBA,2018,1628327,Adaora Elonu,1611661330,ATL,1,1.1,0.0,0.0,0.0,0.0,0.0,0.0,
WNBA,2018,1627672,Aerial Powers,1611661322,WAS,24,14.4,6.2,2.8,0.9,0.223,0.52,0.096,
WNBA,2018,1628268,Alaina Coates,1611661329,CHI,32,11.4,3.4,3.2,0.4,0.124,0.595,0.075,
WNBA,2018,100949,Alana Beard,1611661320,LAS,30,25.5,4.0,3.3,1.7,0.096,0.435,0.05,
WNBA,2018,203410,Alex Bentley,1611661330,ATL,35,21.3,9.4,1.5,3.3,0.229,0.468,0.076,
WNBA,2018,202652,Alex Montgomery,1611661329,CHI,19,6.4,0.8,0.9,0.5,0.093,0.361,0.022,
WNBA,2018,1628283,Alexis Jones,1611661324,MIN,26,8.8,3.3,0.9,0.7,0.208,0.455,0.039,
WNBA,2018,1628297,Alexis Prince,1611661330,ATL,2,3.0,3.5,1.0,0.0,0.357,0.7,0.22,
WNBA,2018,201516,Allie Quigley,1611661329,CHI,32,29.7,15.4,2.4,2.5,0.219,0.586,0.095,
WNBA,2018,1628277,Allisha Gray,1611661321,DAL,34,26.7,9.2,3.4,2.4,0.154,0.538,0.079,
WNBA,2018,202252,Alysha Clark,1611661328,SEA,31,26.2,7.4,3.5,1.9,0.12,0.599,0.069,
WNBA,2018,203826,Alyssa Thomas,1611661323,CON,24,30.6,10.3,8.1,4.2,0.171,0.491,0.111,
WNBA,2018,204320,Amanda Zahui B,1611661313,NYL,29,15.9,7.7,3.0,0.7,0.224,0.569,0.072,
WNBA,2018,202644,Amber Harris,1611661329,CHI,1,2.2,0.0,0.0,0.0,0.0,0.0,-0.25,
WNBA,2018,201881,Angel McCoughtry,1611661330,ATL,29,27.5,16.5,6.0,3.0,0.283,0.512,0.143,
WNBA,2018,202657,Angel Robinson,1611661317,PHO,24,9.9,2.3,3.0,0.5,0.127,0.541,0.081,
WNBA,2018,1628878,Ariel Atkins,1611661322,WAS,29,22.5,11.3,2.4,2.1,0.228,0.544,0.087,
WNBA,2018,203859,Asia Taylor,1611661325,IND,14,8.3,1.9,1.8,0.4,0.157,0.394,0.034,
WNBA,2018,203838,Astou Ndour-Fall,1611661329,CHI,22,11.6,4.6,2.5,0.3,0.17,0.565,0.079,
WNBA,2018,1628922,Azura Stevens,1611661321,DAL,34,20.6,8.9,4.6,1.3,0.195,0.526,0.101,
WNBA,2018,204335,Betnijah Laney-Hamilton,1611661323,CON,29,9.3,2.7,1.7,0.7,0.139,0.514,0.083,
WNBA,2018,204355,Blake Dietrick,1611661330,ATL,26,7.2,1.4,0.5,0.4,0.107,0.491,0.02,
WNBA,2018,1628292,Breanna Lewis,1611661321,DAL,6,4.3,1.2,1.2,0.0,0.191,0.335,-0.039,
WNBA,2018,1627668,Breanna Stewart,1611661328,SEA,34,31.6,21.8,8.4,2.5,0.261,0.633,0.192,
WNBA,2018,203829,Bria Hartley,1611661313,NYL,34,23.7,8.5,2.9,3.6,0.198,0.49,0.078,
WNBA,2018,201896,Briann January,1611661317,PHO,33,27.1,7.0,2.1,3.3,0.121,0.581,0.06,
WNBA,2018,1628280,Brionna Jones,1611661323,CON,27,9.0,3.1,2.0,0.2,0.156,0.535,0.063,
WNBA,2018,204327,Brittany Boyd-Jones,1611661313,NYL,30,20.4,6.4,3.9,5.3,0.192,0.497,0.12,
WNBA,2018,203398,Brittney Griner,1611661317,PHO,34,32.6,20.5,7.7,2.1,0.265,0.602,0.158,
WNBA,2018,1628279,Brittney Sykes,1611661330,ATL,29,20.7,9.7,3.5,2.3,0.219,0.503,0.112,
WNBA,2018,201067,Camille Smith,1611661317,PHO,33,16.3,3.0,1.8,1.2,0.116,0.431,0.025,
WNBA,2018,201496,Candace Parker,1611661320,LAS,31,30.6,17.9,8.2,4.7,0.272,0.573,0.183,
WNBA,2018,200676,Candice Dupree,1611661325,IND,32,31.4,14.2,6.4,1.7,0.219,0.52,0.121,
WNBA,2018,200665,Cappie Pondexter,1611661325,IND,30,18.2,7.3,1.8,1.8,0.226,0.453,0.069,
WNBA,2018,202670,Carolyn Swords,1611661319,LVA,26,14.4,3.9,4.7,0.9,0.117,0.593,0.09,
WNBA,2018,204297,Cayla George,1611661321,DAL,23,10.7,3.6,2.8,0.7,0.162,0.515,0.085,
WNBA,2018,1628508,Cecilia Zandalasini,1611661324,MIN,29,16.5,5.7,1.9,1.1,0.173,0.519,0.054,
WNBA,2018,203833,Chelsea Gray,1611661320,LAS,34,32.7,14.9,3.4,5.1,0.213,0.572,0.13,
WNBA,2018,203563,Chelsea Hopkins,1611661329,CHI,4,14.5,1.8,3.3,2.0,0.101,0.543,0.082,
WNBA,2018,204323,Cheyenne Parker-Tyus,1611661329,CHI,34,19.7,10.0,5.8,0.7,0.214,0.587,0.118,
WNBA,2018,203823,Chiney Ogwumike,1611661323,CON,31,25.5,14.4,7.3,1.0,0.21,0.65,0.15,
WNBA,2018,201907,Courtney Paris,1611661328,SEA,34,10.6,2.1,3.9,0.6,0.097,0.541,0.101,
WNBA,2018,202664,Courtney Vandersloot,1611661329,CHI,30,31.8,12.5,3.7,8.6,0.184,0.606,0.129,
WNBA,2018,1627675,Courtney Williams,1611661323,CON,30,27.1,12.6,5.9,3.0,0.228,0.491,0.117,
WNBA,2018,201518,Crystal Langhorne,1611661328,SEA,26,13.9,4.6,3.0,0.3,0.164,0.536,0.092,
WNBA,2018,203024,Damiris Dantas,1611661330,ATL,19,13.4,5.4,2.4,0.8,0.18,0.486,0.088,
WNBA,2018,202658,Danielle Robinson,1611661324,MIN,28,18.6,6.5,1.8,3.3,0.186,0.517,0.101,
WNBA,2018,201886,DeWanna Bonner,1611661317,PHO,34,32.9,17.3,7.2,3.2,0.227,0.566,0.151,
WNBA,2018,204324,Dearica Hamby,1611661319,LVA,33,14.4,7.4,3.6,1.2,0.207,0.601,0.134,
WNBA,2018,203016,Devereaux Peters,1611661317,PHO,5,7.6,1.6,1.6,0.4,0.159,0.333,0.015,
WNBA,2018,1628890,Diamond DeShields,1611661329,CHI,34,28.5,14.4,4.9,2.2,0.231,0.54,0.1,
WNBA,2018,100940,Diana Taurasi,1611661317,PHO,33,30.0,20.7,3.5,5.3,0.275,0.638,0.163,
WNBA,2018,203399,Elena Delle Donne,1611661322,WAS,29,32.2,20.7,7.2,2.3,0.253,0.592,0.175,
WNBA,2018,204322,Elizabeth Williams,1611661330,ATL,33,26.8,9.1,5.8,1.4,0.15,0.563,0.096,
WNBA,2018,1628866,Endy Miyem,1611661324,MIN,20,5.1,1.4,0.6,0.3,0.179,0.361,0.013,
WNBA,2018,202259,Epiphanny Prince,1611661313,NYL,16,19.1,8.4,1.6,1.7,0.22,0.509,0.069,
WNBA,2018,1628286,Erica McCall,1611661325,IND,34,12.3,2.9,2.7,0.4,0.124,0.418,0.052,
WNBA,2018,204365,Erica Wheeler,1611661325,IND,34,21.7,7.8,2.9,4.1,0.213,0.432,0.089,
WNBA,2018,201503,Erlana Larkins,1611661324,MIN,13,12.9,2.1,2.7,1.3,0.097,0.477,0.078,
WNBA,2018,201502,Essence Carson,1611661320,LAS,34,23.1,7.5,2.6,0.9,0.15,0.535,0.077,
WNBA,2018,1628931,Gabby Williams,1611661329,CHI,34,23.0,7.3,4.3,1.6,0.162,0.482,0.082,
WNBA,2018,203017,Glory Johnson,1611661321,DAL,29,22.5,8.0,6.0,1.3,0.171,0.507,0.099,
WNBA,2018,1628868,Hind Ben Abdelkader,1611661325,IND,14,10.2,2.1,1.0,0.8,0.177,0.312,-0.003,
WNBA,2018,1627677,Imani McGee-Stafford,1611661330,ATL,29,10.5,2.9,3.4,0.6,0.154,0.459,0.095,
WNBA,2018,1628933,Imani Wright,1611661317,PHO,1,1.0,0.0,0.0,0.0,0.5,0.0,-0.25,
WNBA,2018,1628913,Jaime Nared,1611661319,LVA,31,9.1,2.5,1.5,0.5,0.156,0.428,0.065,
WNBA,2018,203857,Jamierra Faulkner,1611661329,CHI,17,21.2,7.6,1.4,3.9,0.214,0.446,0.057,
WNBA,2018,202650,Jantel Lavender,1611661320,LAS,30,17.0,5.2,3.7,0.7,0.171,0.468,0.077,
WNBA,2018,202662,Jasmine Thomas,1611661323,CON,34,28.1,12.9,3.3,4.8,0.228,0.498,0.101,
WNBA,2018,1627681,Jazmon Gwathmey,1611661325,IND,10,11.6,2.4,1.7,0.9,0.192,0.276,-0.01,
WNBA,2018,202638,Jessica Breland,1611661330,ATL,34,26.4,8.3,7.9,2.0,0.174,0.454,0.118,
WNBA,2018,204319,Jewell Loyd,1611661328,SEA,34,29.7,15.5,4.6,3.7,0.233,0.55,0.118,
WNBA,2018,1628917,JiSu Park,1611661319,LVA,32,13.0,2.8,3.3,0.9,0.13,0.415,0.064,
WNBA,2018,1627673,Jonquel Jones,1611661323,CON,34,20.5,11.8,5.5,1.7,0.215,0.656,0.15,
WNBA,2018,1628886,Jordin Canada,1611661328,SEA,33,16.5,5.7,1.5,3.3,0.212,0.446,0.085,
WNBA,2018,1628273,Kaela Davis,1611661321,DAL,27,16.8,5.0,2.0,1.4,0.184,0.419,0.021,
WNBA,2018,1627674,Kahleah Copper,1611661329,CHI,33,15.9,7.1,2.2,0.6,0.206,0.514,0.073,
WNBA,2018,204321,Kaleena Mosqueda-Lewis,1611661328,SEA,33,13.4,5.1,1.5,0.8,0.174,0.545,0.062,
WNBA,2018,202640,Karima Christmas-Kelly,1611661321,DAL,6,27.8,9.3,5.5,1.5,0.13,0.65,0.108,
WNBA,2018,1628317,Karlie Samuelson,1611661320,LAS,20,4.2,1.0,0.5,0.3,0.108,0.528,0.044,
WNBA,2018,203405,Kayla Alexander,1611661325,IND,30,8.6,2.7,2.2,0.2,0.142,0.584,0.085,
WNBA,2018,203825,Kayla McBride,1611661319,LVA,31,32.3,18.2,3.9,3.5,0.233,0.566,0.123,
WNBA,2018,203866,Kayla Thornton,1611661321,DAL,34,28.6,9.2,4.0,1.8,0.137,0.567,0.077,
WNBA,2018,203402,Kelsey Bone,1611661319,LVA,32,10.8,2.8,2.2,1.2,0.143,0.506,0.044,
WNBA,2018,1628909,Kelsey Mitchell,1611661325,IND,34,24.4,12.7,1.8,2.7,0.269,0.477,0.063,
WNBA,2018,1628276,Kelsey Plum,1611661319,LVA,31,25.5,9.5,2.4,4.0,0.151,0.601,0.093,
WNBA,2018,1628915,Kia Nurse,1611661313,NYL,34,22.8,9.1,2.4,1.6,0.178,0.535,0.081,
WNBA,2018,201913,Kia Vaughn,1611661313,NYL,29,18.3,5.7,4.0,0.7,0.151,0.549,0.087,
WNBA,2018,204329,Kiah Stokes,1611661313,NYL,30,14.2,3.1,4.5,0.4,0.106,0.55,0.093,
WNBA,2018,201911,Kristi Toliver,1611661322,WAS,33,32.9,13.9,2.3,4.4,0.186,0.594,0.103,
WNBA,2018,202663,Krystal Thomas,1611661322,WAS,24,9.9,1.8,2.5,0.2,0.122,0.459,0.011,
WNBA,2018,201506,LaToya Sanders,1611661322,WAS,28,24.5,10.2,6.4,1.6,0.164,0.654,0.139,
WNBA,2018,203406,Layshia Clarendon,1611661323,CON,33,16.6,4.8,1.8,2.2,0.153,0.481,0.073,
WNBA,2018,201507,Leilani Mitchell,1611661317,PHO,31,14.9,4.4,1.4,2.3,0.163,0.492,0.076,
WNBA,2018,1628285,Leticia Romero,1611661321,DAL,21,6.9,1.1,0.8,1.1,0.112,0.531,0.024,
WNBA,2018,1628882,Lexie Brown,1611661323,CON,22,5.6,1.7,0.8,0.5,0.188,0.393,0.044,
WNBA,2018,1628263,Lindsay Allen,1611661319,LVA,24,14.9,3.1,1.3,2.9,0.114,0.443,0.09,
WNBA,2018,100915,Lindsay Whalen,1611661324,MIN,32,19.3,5.7,2.6,3.1,0.169,0.461,0.086,
WNBA,2018,1628897,Linnae Harper,1611661329,CHI,24,6.1,2.0,0.8,1.0,0.173,0.467,0.075,
WNBA,2018,202633,Liz Cambage,1611661321,DAL,32,29.5,23.0,9.7,2.3,0.287,0.643,0.21,
WNBA,2018,203041,Lynetta Kizer,1611661324,MIN,14,5.6,1.6,1.5,0.6,0.2,0.294,0.004,
WNBA,2018,203843,Maggie Lucas,1611661321,DAL,8,7.0,0.4,0.4,0.0,0.164,0.094,-0.068,
WNBA,2018,1628926,Maria Kliundikova,1611661320,LAS,25,8.1,3.6,2.2,0.4,0.197,0.574,0.102,
WNBA,2018,1628895,Marie Gülich,1611661317,PHO,23,5.0,1.5,1.0,0.1,0.167,0.523,0.03,
WNBA,2018,201889,Marissa Coleman,1611661313,NYL,21,18.3,4.7,2.4,1.0,0.151,0.417,0.053,
WNBA,2018,202632,Maya Moore,1611661324,MIN,34,31.8,18.0,5.1,2.6,0.257,0.528,0.131,
WNBA,2018,1628920,Mercedes Russell,1611661328,SEA,24,5.6,1.7,1.4,0.2,0.151,0.498,0.073,
WNBA,2018,1628881,Monique Billings,1611661330,ATL,32,11.0,3.3,2.8,0.4,0.141,0.495,0.089,
WNBA,2018,200673,Monique Currie,1611661322,WAS,32,15.9,6.6,3.0,0.8,0.208,0.522,0.073,
WNBA,2018,1627670,Morgan Tuck,1611661323,CON,34,13.6,5.9,2.3,0.5,0.186,0.561,0.093,
WNBA,2018,1627669,Moriah Jefferson,1611661319,LVA,16,15.7,5.4,1.3,2.1,0.183,0.447,0.065,
WNBA,2018,1628899,Myisha Hines-Allen,1611661322,WAS,24,10.5,3.8,2.9,0.4,0.169,0.492,0.097,
WNBA,2018,203831,Natalie Achonwa,1611661325,IND,34,26.0,10.3,6.9,1.4,0.171,0.58,0.117,
WNBA,2018,204333,Natasha Cloud,1611661322,WAS,27,26.5,8.6,3.2,4.6,0.163,0.535,0.093,
WNBA,2018,203827,Natasha Howard,1611661328,SEA,34,25.6,13.2,6.4,1.0,0.217,0.615,0.121,
WNBA,2018,1628269,Nia Coffey,1611661319,LVA,28,13.8,5.3,2.4,0.6,0.214,0.443,0.031,
WNBA,2018,203014,Nneka Ogwumike,1611661320,LAS,27,30.8,15.5,6.8,2.0,0.221,0.58,0.148,
WNBA,2018,201049,Noelle Quinn,1611661328,SEA,20,9.0,1.5,0.9,0.7,0.132,0.349,0.026,
WNBA,2018,203824,Odyssey Sims,1611661320,LAS,34,25.5,8.2,2.5,2.8,0.186,0.462,0.065,
WNBA,2018,1627671,Rachel Banham,1611661323,CON,33,12.9,5.2,0.9,1.5,0.165,0.578,0.083,
WNBA,2018,1628905,Raigyne Louis,1611661319,LVA,2,10.7,3.0,2.0,0.5,0.189,0.475,0.026,
WNBA,2018,204296,Rebecca Allen,1611661313,NYL,28,10.4,3.8,1.7,0.3,0.197,0.478,0.066,
WNBA,2018,100944,Rebekkah Brunson,1611661324,MIN,25,27.7,7.2,6.8,2.4,0.139,0.498,0.095,
WNBA,2018,201904,Renee Montgomery,1611661330,ATL,34,27.5,10.3,1.7,3.7,0.16,0.576,0.096,
WNBA,2018,203029,Riquna Williams,1611661320,LAS,33,16.6,7.1,1.4,0.7,0.181,0.551,0.072,
WNBA,2018,1628244,Sami Whitcomb,1611661328,SEA,31,8.6,2.9,0.9,0.5,0.167,0.513,0.068,
WNBA,2018,101023,Sancho Lyttle,1611661317,PHO,18,23.3,7.9,5.3,1.4,0.154,0.579,0.113,
WNBA,2018,1628267,Saniya Chong,1611661321,DAL,5,8.5,0.8,0.6,1.0,0.073,0.273,0.046,
WNBA,2018,200671,Seimone Augustus,1611661324,MIN,33,26.2,10.8,1.8,2.6,0.199,0.512,0.089,
WNBA,2018,201530,Sequoia Holmes,1611661319,LVA,3,6.6,1.3,0.7,0.7,0.102,0.581,0.143,
WNBA,2018,1628278,Shatori Walker-Kimbrough,1611661322,WAS,19,8.8,3.5,0.8,0.4,0.195,0.547,0.082,
WNBA,2018,201919,Shavonte Zellous,1611661313,NYL,22,24.1,8.2,3.1,3.0,0.168,0.512,0.081,
WNBA,2018,203015,Shekinna Stricklen,1611661323,CON,34,18.8,6.6,2.3,0.5,0.134,0.605,0.071,
WNBA,2018,203830,Shoni Schimmel,1611661319,LVA,2,6.4,0.0,1.0,0.5,0.194,0.0,-0.133,
WNBA,2018,203400,Skylar Diggins,1611661321,DAL,32,34.1,17.9,3.3,6.2,0.23,0.531,0.124,
WNBA,2018,203828,Stefanie Dolson,1611661329,CHI,27,27.6,9.7,4.6,3.0,0.166,0.539,0.083,
WNBA,2018,1628906,Stephanie Mavunga,1611661325,IND,25,7.8,2.2,2.2,0.2,0.132,0.534,0.07,
WNBA,2018,203855,Stephanie Talbot,1611661317,PHO,31,14.6,3.7,1.9,1.3,0.117,0.611,0.061,
WNBA,2018,100720,Sue Bird,1611661328,SEA,31,26.6,10.1,1.7,7.1,0.169,0.604,0.124,
WNBA,2018,203411,Sugar Rodgers,1611661313,NYL,31,19.6,6.3,3.2,2.0,0.165,0.502,0.075,
WNBA,2018,202641,Sydney Colson,1611661324,MIN,2,8.3,3.5,1.0,2.0,0.293,0.444,0.034,
WNBA,2018,1628282,Sydney Wiese,1611661320,LAS,11,3.3,0.0,0.3,0.2,0.059,0.0,-0.033,
WNBA,2018,201480,Sylvia Fowles,1611661324,MIN,34,32.0,17.7,11.9,2.2,0.229,0.658,0.194,
WNBA,2018,201477,Tamera Young,1611661319,LVA,33,26.7,9.9,5.1,2.8,0.199,0.459,0.082,
WNBA,2018,101030,Tanisha Wright,1611661324,MIN,33,17.8,4.3,1.6,2.0,0.138,0.487,0.042,
WNBA,2018,203401,Tayler Hill,1611661321,DAL,20,11.7,3.7,0.8,1.0,0.186,0.41,0.036,
WNBA,2018,1628911,Teana Muldrow,1611661321,DAL,4,2.1,0.0,0.3,0.0,0.05,0.0,-0.029,
WNBA,2018,1627701,Temi Fagbenle,1611661324,MIN,30,9.4,3.1,2.0,0.6,0.165,0.539,0.076,
WNBA,2018,203849,Theresa Plaisance,1611661321,DAL,7,11.6,5.3,3.7,0.7,0.215,0.502,0.07,
WNBA,2018,203403,Tianna Hawkins,1611661322,WAS,32,16.6,6.3,3.5,0.8,0.182,0.528,0.072,
WNBA,2018,203437,Tierra Ruffin-Pratt,1611661322,WAS,33,18.1,5.5,2.0,1.5,0.161,0.473,0.062,
WNBA,2018,203026,Tiffany Hayes,1611661330,ATL,31,28.9,17.2,3.6,2.7,0.246,0.562,0.134,
WNBA,2018,1627676,Tiffany Mitchell,1611661325,IND,34,25.6,9.1,3.1,2.3,0.189,0.465,0.077,
WNBA,2018,202250,Tina Charles,1611661313,NYL,33,33.0,19.7,7.0,2.7,0.285,0.534,0.133,
WNBA,2018,1628927,Victoria Vivians,1611661325,IND,34,27.1,8.9,3.1,1.2,0.146,0.554,0.074,
WNBA,2018,203389,Yvonne Turner,1611661317,PHO,32,13.3,4.1,1.8,1.3,0.156,0.49,0.079,
WNBA,2019,1628932,A'ja Wilson,1611661319,LVA,26,28.4,16.5,6.4,1.8,0.254,0.547,0.137,
WNBA,2019,1627672,Aerial Powers,1611661322,WAS,30,19.8,11.4,3.2,1.5,0.235,0.587,0.115,
WNBA,2019,1628268,Alaina Coates,1611661330,ATL,23,7.3,2.6,2.6,0.1,0.149,0.553,0.105,
WNBA,2019,100949,Alana Beard,1611661320,LAS,16,14.7,3.3,1.5,1.4,0.111,0.491,0.072,
WNBA,2019,1629501,Alanna Smith,1611661317,PHO,18,7.5,1.1,1.9,0.2,0.167,0.227,0.0,
WNBA,2019,203410,Alex Bentley,1611661330,ATL,29,21.9,9.0,1.9,3.0,0.255,0.384,0.054,
WNBA,2019,1628283,Alexis Jones,1611661320,LAS,20,12.2,4.0,1.1,1.8,0.174,0.516,0.059,
WNBA,2019,201516,Allie Quigley,1611661329,CHI,34,28.6,13.8,3.0,2.5,0.181,0.632,0.109,
WNBA,2019,1628277,Allisha Gray,1611661321,DAL,34,30.5,10.6,4.1,2.3,0.15,0.593,0.106,
WNBA,2019,202252,Alysha Clark,1611661328,SEA,31,28.4,9.6,4.7,2.5,0.148,0.602,0.116,
WNBA,2019,203826,Alyssa Thomas,1611661323,CON,34,30.2,11.6,7.8,3.1,0.184,0.513,0.123,
WNBA,2019,204320,Amanda Zahui B,1611661313,NYL,24,23.2,8.6,6.3,0.9,0.166,0.56,0.103,
WNBA,2019,201881,Angel McCoughtry,1611661330,ATL,1,0.1,0.0,0.0,0.0,0.0,0.0,0.0,
WNBA,2019,1629500,Anriel Howard,1611661328,SEA,3,6.5,1.7,1.0,0.0,0.146,0.5,-0.035,
WNBA,2019,1629573,Arica Carter,1611661317,PHO,6,4.0,0.3,0.0,0.2,0.123,0.2,-0.141,
WNBA,2019,1628878,Ariel Atkins,1611661322,WAS,33,24.3,10.3,2.8,1.9,0.198,0.532,0.09,
WNBA,2019,1629481,Arike Ogunbowale,1611661321,DAL,33,32.1,19.1,2.4,3.2,0.288,0.501,0.107,
WNBA,2019,201914,Ashley Walker,1611661320,LAS,3,7.5,0.7,1.0,1.0,0.183,0.091,-0.099,
WNBA,2019,1629476,Asia (AD) Durr,1611661313,NYL,18,26.7,9.7,1.6,1.7,0.162,0.541,0.069,
WNBA,2019,203859,Asia Taylor,1611661317,PHO,12,8.0,2.2,1.8,0.7,0.176,0.412,0.071,
WNBA,2019,203838,Astou Ndour-Fall,1611661329,CHI,21,17.5,6.8,4.2,0.7,0.155,0.568,0.102,
WNBA,2019,203069,Avery Warley-Talbert,1611661313,NYL,3,11.8,1.0,2.3,0.0,0.132,0.255,-0.071,
WNBA,2019,1628922,Azura Stevens,1611661321,DAL,9,16.0,4.8,3.6,0.6,0.187,0.389,0.076,
WNBA,2019,204335,Betnijah Laney-Hamilton,1611661325,IND,34,25.8,5.6,4.2,1.7,0.138,0.424,0.066,
WNBA,2019,204355,Blake Dietrick,1611661328,SEA,17,6.2,0.4,0.6,0.9,0.093,0.237,0.002,
WNBA,2019,203829,Bria Hartley,1611661313,NYL,24,22.7,9.8,3.2,3.2,0.228,0.492,0.089,
WNBA,2019,1627678,Bria Holmes,1611661323,CON,34,15.6,6.3,1.4,0.9,0.196,0.487,0.068,
WNBA,2019,201896,Briann January,1611661317,PHO,32,26.6,6.5,1.3,3.3,0.137,0.52,0.056,
WNBA,2019,1629488,Brianna Turner,1611661317,PHO,29,15.9,4.0,4.1,0.5,0.117,0.571,0.089,
WNBA,2019,1629524,Bridget Carleton,1611661324,MIN,8,4.9,0.4,0.5,0.1,0.093,0.188,-0.023,
WNBA,2019,1628280,Brionna Jones,1611661323,CON,27,8.4,3.5,2.2,0.3,0.193,0.517,0.071,
WNBA,2019,204327,Brittany Boyd-Jones,1611661313,NYL,33,19.7,5.3,3.7,4.6,0.177,0.449,0.1,
WNBA,2019,203398,Brittney Griner,1611661317,PHO,31,32.8,20.7,7.2,2.4,0.274,0.601,0.174,
WNBA,2019,1628279,Brittney Sykes,1611661330,ATL,34,25.9,10.2,4.4,2.5,0.224,0.445,0.086,
WNBA,2019,1628907,Brooke McCarty-Williams,1611661321,DAL,34,13.1,2.4,1.3,1.9,0.119,0.425,0.057,
WNBA,2019,201067,Camille Smith,1611661317,PHO,29,14.7,3.9,2.4,0.8,0.141,0.53,0.07,
WNBA,2019,201496,Candace Parker,1611661320,LAS,22,26.0,11.2,6.4,3.5,0.23,0.514,0.134,
WNBA,2019,200676,Candice Dupree,1611661325,IND,34,30.7,11.6,5.0,2.5,0.189,0.502,0.119,
WNBA,2019,202670,Carolyn Swords,1611661319,LVA,29,8.9,2.6,2.2,0.3,0.152,0.476,0.075,
WNBA,2019,203833,Chelsea Gray,1611661320,LAS,34,32.6,14.5,3.8,5.9,0.229,0.509,0.125,
WNBA,2019,204323,Cheyenne Parker-Tyus,1611661329,CHI,34,19.7,8.8,5.8,0.9,0.196,0.544,0.127,
WNBA,2019,203823,Chiney Ogwumike,1611661320,LAS,32,21.8,9.6,5.8,0.8,0.195,0.541,0.11,
WNBA,2019,1629505,Chloe Jackson,1611661329,CHI,8,4.0,0.6,0.8,0.5,0.209,0.215,-0.006,
WNBA,2019,201907,Courtney Paris,1611661328,SEA,30,6.3,0.5,1.7,0.4,0.062,0.415,0.07,
WNBA,2019,202664,Courtney Vandersloot,1611661329,CHI,33,30.0,11.2,4.3,9.1,0.185,0.552,0.145,
WNBA,2019,1627675,Courtney Williams,1611661323,CON,34,29.1,13.2,5.6,3.8,0.222,0.486,0.137,
WNBA,2019,201518,Crystal Langhorne,1611661328,SEA,34,17.0,5.6,3.1,1.0,0.175,0.502,0.086,
WNBA,2019,203024,Damiris Dantas,1611661324,MIN,26,25.6,9.2,4.5,3.2,0.172,0.55,0.102,
WNBA,2019,202658,Danielle Robinson,1611661324,MIN,34,27.0,10.1,3.5,3.7,0.195,0.497,0.105,
WNBA,2019,201886,DeWanna Bonner,1611661317,PHO,34,32.9,17.2,7.6,2.7,0.257,0.507,0.158,
WNBA,2019,204324,Dearica Hamby,1611661319,LVA,34,24.8,11.0,7.6,1.9,0.194,0.558,0.144,
WNBA,2019,1628890,Diamond DeShields,1611661329,CHI,34,30.2,16.2,5.5,2.4,0.251,0.508,0.104,
WNBA,2019,100940,Diana Taurasi,1611661317,PHO,6,21.4,4.3,3.2,5.3,0.204,0.277,0.034,
WNBA,2019,203399,Elena Delle Donne,1611661322,WAS,31,29.1,19.5,8.3,2.2,0.25,0.633,0.211,
WNBA,2019,204322,Elizabeth Williams,1611661330,ATL,32,28.4,9.3,6.5,1.2,0.156,0.521,0.105,
WNBA,2019,203416,Emma Meesseman,1611661322,WAS,23,23.6,13.1,4.2,3.2,0.209,0.628,0.166,
WNBA,2019,202259,Epiphanny Prince,1611661319,LVA,3,9.4,4.3,0.7,1.0,0.133,0.65,0.077,
WNBA,2019,1628286,Erica McCall,1611661325,IND,15,6.9,0.9,1.8,0.4,0.111,0.274,0.03,
WNBA,2019,204365,Erica Wheeler,1611661325,IND,34,25.0,10.1,3.0,5.0,0.217,0.54,0.121,
WNBA,2019,201502,Essence Carson,1611661317,PHO,23,18.5,5.8,2.2,1.5,0.173,0.461,0.08,
WNBA,2019,1628931,Gabby Williams,1611661329,CHI,33,16.0,5.6,2.2,2.1,0.198,0.468,0.088,
WNBA,2019,203017,Glory Johnson,1611661321,DAL,28,24.1,7.3,5.1,1.4,0.169,0.456,0.107,
WNBA,2019,203863,Haley Peters,1611661330,ATL,4,6.6,0.5,0.5,0.3,0.179,0.127,-0.114,
WNBA,2019,1629566,Han Xu,1611661313,NYL,18,7.9,3.0,0.8,0.1,0.177,0.459,0.064,
WNBA,2019,1627677,Imani McGee-Stafford,1611661321,DAL,29,11.9,3.9,3.8,0.6,0.18,0.486,0.096,
WNBA,2019,204330,Isabelle Harrison,1611661321,DAL,31,25.6,8.6,5.8,1.4,0.178,0.495,0.103,
WNBA,2019,1629498,Jackie Young,1611661319,LVA,34,22.5,6.6,3.3,4.5,0.177,0.42,0.089,
WNBA,2019,1628913,Jaime Nared,1611661319,LVA,1,1.4,0.0,0.0,0.0,0.0,0.0,-0.333,
WNBA,2019,203857,Jamierra Faulkner,1611661329,CHI,13,5.6,1.3,0.3,0.8,0.153,0.395,0.019,
WNBA,2019,202650,Jantel Lavender,1611661329,CHI,23,26.9,10.0,6.9,1.1,0.17,0.527,0.104,
WNBA,2019,202662,Jasmine Thomas,1611661323,CON,34,29.7,11.1,2.9,5.1,0.201,0.491,0.094,
WNBA,2019,202638,Jessica Breland,1611661330,ATL,33,23.2,7.5,7.3,1.7,0.184,0.425,0.131,
WNBA,2019,1629491,Jessica Shepard,1611661324,MIN,6,18.7,4.8,5.7,3.5,0.178,0.446,0.126,
WNBA,2019,204319,Jewell Loyd,1611661328,SEA,27,25.4,12.3,2.7,2.0,0.241,0.504,0.11,
WNBA,2019,1628917,JiSu Park,1611661319,LVA,25,6.5,0.8,1.1,0.4,0.124,0.244,-0.013,
WNBA,2019,1627687,Jillian Alleyne,1611661324,MIN,5,2.9,0.8,1.0,0.2,0.158,0.333,0.149,
WNBA,2019,1627673,Jonquel Jones,1611661323,CON,34,28.8,14.6,9.7,1.5,0.219,0.56,0.157,
WNBA,2019,1628886,Jordin Canada,1611661328,SEA,30,28.8,9.8,2.4,5.2,0.204,0.454,0.097,
WNBA,2019,1628273,Kaela Davis,1611661321,DAL,33,19.2,6.0,2.2,2.1,0.217,0.401,0.024,
WNBA,2019,1627674,Kahleah Copper,1611661329,CHI,34,14.8,6.7,1.9,0.9,0.225,0.483,0.065,
WNBA,2019,1629480,Kalani Brown,1611661320,LAS,28,13.5,5.1,3.5,0.6,0.181,0.54,0.104,
WNBA,2019,204321,Kaleena Mosqueda-Lewis,1611661328,SEA,31,14.0,5.5,1.2,0.5,0.203,0.508,0.042,
WNBA,2019,202640,Karima Christmas-Kelly,1611661324,MIN,6,12.0,2.7,0.8,1.0,0.144,0.396,0.018,
WNBA,2019,1628317,Karlie Samuelson,1611661321,DAL,7,12.0,1.3,0.6,0.7,0.074,0.321,0.008,
WNBA,2019,1629478,Katie Lou Samuelson,1611661329,CHI,20,7.6,2.4,0.9,0.4,0.132,0.513,0.051,
WNBA,2019,203405,Kayla Alexander,1611661329,CHI,3,6.6,3.0,2.3,0.3,0.149,0.781,0.141,
WNBA,2019,203825,Kayla McBride,1611661319,LVA,34,29.1,13.3,4.2,2.6,0.19,0.566,0.118,
WNBA,2019,203866,Kayla Thornton,1611661321,DAL,27,30.4,10.4,5.3,1.8,0.192,0.445,0.079,
WNBA,2019,1628909,Kelsey Mitchell,1611661325,IND,34,25.0,13.6,1.6,2.6,0.26,0.506,0.086,
WNBA,2019,1628276,Kelsey Plum,1611661319,LVA,34,25.5,8.6,2.8,3.0,0.175,0.472,0.064,
WNBA,2019,1629495,Kenisha Bell,1611661324,MIN,3,3.6,0.0,0.3,0.3,0.095,0.0,-0.105,
WNBA,2019,1629568,Kennedy Burke,1611661325,IND,31,13.7,4.4,1.5,0.7,0.158,0.495,0.061,
WNBA,2019,1628915,Kia Nurse,1611661313,NYL,34,29.4,13.7,2.5,2.3,0.203,0.554,0.091,
WNBA,2019,1629470,Kim Mestdagh,1611661322,WAS,15,4.7,1.5,0.3,0.4,0.143,0.583,0.046,
WNBA,2019,201911,Kristi Toliver,1611661322,WAS,23,29.5,13.0,2.9,6.0,0.197,0.595,0.13,
WNBA,2019,1629485,Kristine Anigwe,1611661321,DAL,27,9.3,2.4,2.4,0.2,0.167,0.402,0.036,
WNBA,2019,201506,LaToya Sanders,1611661322,WAS,34,23.6,6.1,5.5,1.9,0.123,0.55,0.107,
WNBA,2019,203406,Layshia Clarendon,1611661323,CON,9,15.3,6.2,2.4,2.1,0.175,0.536,0.148,
WNBA,2019,201507,Leilani Mitchell,1611661317,PHO,32,30.4,12.8,3.0,4.0,0.185,0.603,0.113,
WNBA,2019,1628882,Lexie Brown,1611661324,MIN,33,18.3,7.6,1.4,1.4,0.187,0.554,0.088,
WNBA,2019,202633,Liz Cambage,1611661319,LVA,32,25.2,15.9,8.2,2.1,0.274,0.558,0.169,
WNBA,2019,1629569,Maite Cazorla,1611661330,ATL,31,15.4,3.0,0.7,1.6,0.117,0.444,0.049,
WNBA,2019,1628926,Maria Kliundikova,1611661320,LAS,15,12.0,7.8,3.9,0.7,0.289,0.533,0.189,
WNBA,2019,1628895,Marie Gülich,1611661330,ATL,31,11.3,3.3,2.7,0.6,0.178,0.433,0.041,
WNBA,2019,1629497,Marina Mabrey,1611661320,LAS,31,11.5,4.0,1.2,1.0,0.188,0.453,0.072,
WNBA,2019,1629546,Marine Johannes,1611661313,NYL,19,18.2,7.2,1.8,2.4,0.168,0.575,0.092,
WNBA,2019,1629484,Megan Gustafson,1611661321,DAL,25,9.5,2.9,2.5,0.3,0.136,0.572,0.112,
WNBA,2019,1628920,Mercedes Russell,1611661328,SEA,34,25.6,7.5,6.1,1.0,0.134,0.544,0.098,
WNBA,2019,1628881,Monique Billings,1611661330,ATL,29,19.1,5.5,6.9,0.6,0.17,0.469,0.112,
WNBA,2019,1627670,Morgan Tuck,1611661323,CON,33,10.7,3.7,2.0,0.8,0.188,0.476,0.06,
WNBA,2019,1628899,Myisha Hines-Allen,1611661322,WAS,27,7.8,2.3,2.1,0.9,0.186,0.424,0.063,
WNBA,2019,1629483,Napheesa Collier,1611661324,MIN,34,33.3,13.1,6.6,2.6,0.174,0.576,0.127,
WNBA,2019,203831,Natalie Achonwa,1611661325,IND,30,21.1,8.7,5.2,1.6,0.175,0.562,0.128,
WNBA,2019,204333,Natasha Cloud,1611661322,WAS,34,32.2,9.0,2.5,5.6,0.15,0.501,0.076,
WNBA,2019,203827,Natasha Howard,1611661328,SEA,34,31.3,18.1,8.2,2.1,0.282,0.523,0.158,
WNBA,2019,1629567,Natisha Hiedeman,1611661323,CON,20,10.2,3.7,1.5,1.9,0.159,0.532,0.105,
WNBA,2019,1628248,Nayo Raincock-Ekunwe,1611661313,NYL,28,13.1,3.7,2.8,0.4,0.127,0.572,0.073,
WNBA,2019,1628269,Nia Coffey,1611661330,ATL,28,13.9,5.0,2.8,0.4,0.196,0.441,0.053,
WNBA,2019,203014,Nneka Ogwumike,1611661320,LAS,32,27.9,16.1,8.8,1.8,0.246,0.575,0.189,
WNBA,2019,203824,Odyssey Sims,1611661324,MIN,34,31.9,14.5,3.4,5.4,0.245,0.488,0.106,
WNBA,2019,1629502,Paris Kea,1611661325,IND,11,5.5,2.6,0.5,0.5,0.264,0.504,0.056,
WNBA,2019,1627671,Rachel Banham,1611661323,CON,29,12.2,3.6,1.0,0.9,0.171,0.432,0.024,
WNBA,2019,204296,Rebecca Allen,1611661313,NYL,24,17.2,7.2,2.5,0.7,0.179,0.527,0.084,
WNBA,2019,201904,Renee Montgomery,1611661330,ATL,34,27.9,9.5,2.2,2.6,0.167,0.52,0.077,
WNBA,2019,204334,Reshanda Gray,1611661313,NYL,34,15.3,5.2,5.2,0.5,0.173,0.502,0.067,
WNBA,2019,203029,Riquna Williams,1611661320,LAS,23,25.8,12.3,2.6,1.6,0.207,0.538,0.087,
WNBA,2019,1628244,Sami Whitcomb,1611661328,SEA,33,20.4,7.2,1.7,2.4,0.179,0.522,0.075,
WNBA,2019,101023,Sancho Lyttle,1611661317,PHO,20,12.5,2.9,2.9,0.3,0.142,0.443,0.075,
WNBA,2019,200671,Seimone Augustus,1611661324,MIN,12,13.0,3.8,0.6,1.3,0.214,0.342,0.019,
WNBA,2019,1628261,Shao Ting,1611661324,MIN,5,5.5,1.2,1.2,0.4,0.197,0.265,-0.045,
WNBA,2019,1628278,Shatori Walker-Kimbrough,1611661322,WAS,34,17.1,6.7,1.6,1.2,0.17,0.564,0.084,
WNBA,2019,201919,Shavonte Zellous,1611661328,SEA,31,13.9,4.0,1.5,1.5,0.173,0.461,0.059,
WNBA,2019,203015,Shekinna Stricklen,1611661323,CON,34,23.7,9.0,1.9,1.1,0.152,0.573,0.067,
WNBA,2019,203018,Shenise Johnson,1611661325,IND,17,12.9,4.9,2.1,1.1,0.207,0.428,0.09,
WNBA,2019,203035,Shey Peddy,1611661322,WAS,15,4.7,1.7,0.6,0.5,0.109,0.831,0.13,
WNBA,2019,1629482,Sophie Cunningham,1611661317,PHO,32,12.2,3.1,1.4,0.8,0.135,0.532,0.046,
WNBA,2019,203828,Stefanie Dolson,1611661329,CHI,34,25.0,9.3,5.6,2.2,0.163,0.621,0.096,
WNBA,2019,1628906,Stephanie Mavunga,1611661325,IND,24,8.5,2.5,2.3,0.2,0.137,0.551,0.062,
WNBA,2019,203855,Stephanie Talbot,1611661324,MIN,33,17.0,5.2,2.4,1.2,0.158,0.513,0.082,
WNBA,2019,203411,Sugar Rodgers,1611661319,LVA,33,11.6,3.4,1.5,1.2,0.152,0.499,0.07,
WNBA,2019,202641,Sydney Colson,1611661319,LVA,33,11.5,3.3,0.7,1.8,0.137,0.558,0.097,
WNBA,2019,1628282,Sydney Wiese,1611661320,LAS,32,20.6,4.8,1.3,1.8,0.116,0.521,0.058,
WNBA,2019,201480,Sylvia Fowles,1611661324,MIN,34,29.5,13.6,8.9,1.5,0.198,0.613,0.156,
WNBA,2019,201477,Tamera Young,1611661319,LVA,34,18.5,5.3,3.6,2.0,0.166,0.437,0.075,
WNBA,2019,101030,Tanisha Wright,1611661313,NYL,31,19.8,4.7,2.8,4.1,0.141,0.512,0.095,
WNBA,2019,203401,Tayler Hill,1611661321,DAL,4,12.2,3.3,1.3,0.8,0.123,0.428,0.047,
WNBA,2019,1629479,Teaira McCowan,1611661325,IND,34,22.1,10.0,9.0,0.2,0.195,0.576,0.147,
WNBA,2019,1627701,Temi Fagbenle,1611661324,MIN,18,15.0,5.4,2.9,0.8,0.182,0.551,0.057,
WNBA,2019,203849,Theresa Plaisance,1611661323,CON,31,14.3,5.0,3.6,1.1,0.182,0.489,0.096,
WNBA,2019,203403,Tianna Hawkins,1611661322,WAS,31,15.4,9.5,4.2,0.7,0.237,0.623,0.132,
WNBA,2019,203437,Tierra Ruffin-Pratt,1611661320,LAS,34,25.2,6.0,2.4,1.7,0.124,0.477,0.047,
WNBA,2019,203839,Tiffany Bias,1611661313,NYL,12,8.7,1.9,0.5,0.9,0.157,0.37,0.02,
WNBA,2019,203026,Tiffany Hayes,1611661330,ATL,29,28.2,14.7,3.0,2.8,0.261,0.497,0.094,
WNBA,2019,1627676,Tiffany Mitchell,1611661325,IND,33,25.2,9.7,2.8,2.2,0.199,0.491,0.064,
WNBA,2019,202250,Tina Charles,1611661313,NYL,33,31.1,16.9,7.5,2.4,0.296,0.448,0.101,
WNBA,2019,203887,Victoria Macaulay,1611661329,CHI,5,4.4,1.2,0.8,0.0,0.118,0.51,0.089,
WNBA,2019,203389,Yvonne Turner,1611661317,PHO,29,20.5,6.4,2.8,2.3,0.195,0.483,0.073,
WNBA,2020,1628932,A'ja Wilson,1611661319,LVA,22,31.7,20.5,8.5,2.0,0.275,0.546,0.164,
WNBA,2020,1627672,Aerial Powers,1611661322,WAS,6,29.8,16.3,4.8,2.5,0.223,0.596,0.14,
WNBA,2020,1628268,Alaina Coates,1611661322,WAS,20,9.9,2.5,2.8,0.5,0.127,0.55,0.082,
WNBA,2020,1629501,Alanna Smith,1611661317,PHO,19,15.6,6.1,3.6,1.2,0.192,0.505,0.081,
WNBA,2020,1628283,Alexis Jones,1611661330,ATL,6,8.8,4.0,0.0,0.8,0.224,0.548,0.057,
WNBA,2020,1628297,Alexis Prince,1611661329,CHI,2,8.0,4.0,1.5,0.0,0.132,0.8,0.174,
WNBA,2020,1627704,Alisia Jenkins,1611661317,PHO,5,5.5,1.6,0.8,0.0,0.203,0.376,-0.029,
WNBA,2020,201516,Allie Quigley,1611661329,CHI,22,28.7,15.4,2.9,2.3,0.226,0.555,0.103,
WNBA,2020,1628277,Allisha Gray,1611661321,DAL,20,26.2,13.1,4.2,1.3,0.2,0.581,0.112,
WNBA,2020,202252,Alysha Clark,1611661328,SEA,22,28.8,10.0,4.2,2.7,0.121,0.693,0.121,
WNBA,2020,203826,Alyssa Thomas,1611661323,CON,21,32.8,15.5,9.0,4.8,0.218,0.549,0.172,
WNBA,2020,204320,Amanda Zahui B,1611661313,NYL,21,25.3,9.0,8.5,1.9,0.206,0.473,0.118,
WNBA,2020,201881,Angel McCoughtry,1611661319,LVA,22,20.0,14.4,5.1,2.5,0.279,0.611,0.174,
WNBA,2020,1628878,Ariel Atkins,1611661322,WAS,22,31.0,14.8,2.9,2.4,0.212,0.578,0.098,
WNBA,2020,1629481,Arike Ogunbowale,1611661321,DAL,22,34.0,22.8,2.8,3.4,0.299,0.527,0.118,
WNBA,2020,203838,Astou Ndour-Fall,1611661321,DAL,13,11.6,3.5,2.9,0.5,0.178,0.404,0.036,
WNBA,2020,203069,Avery Warley-Talbert,1611661319,LVA,3,8.1,2.7,2.7,1.0,0.164,0.481,0.033,
WNBA,2020,1628922,Azura Stevens,1611661329,CHI,13,27.3,11.5,5.9,1.5,0.176,0.591,0.113,
WNBA,2020,1629492,Beatrice Mompremier,1611661323,CON,21,8.9,2.3,3.3,0.1,0.153,0.437,0.065,
WNBA,2020,1630093,Bella Alarie,1611661321,DAL,22,14.0,2.7,2.9,0.5,0.113,0.414,0.053,
WNBA,2020,204335,Betnijah Laney-Hamilton,1611661330,ATL,22,33.3,17.2,4.9,4.0,0.23,0.573,0.123,
WNBA,2020,204355,Blake Dietrick,1611661330,ATL,22,21.1,5.9,1.6,3.4,0.136,0.6,0.076,
WNBA,2020,1627668,Breanna Stewart,1611661328,SEA,20,30.4,19.7,8.3,3.6,0.281,0.578,0.178,
WNBA,2020,203829,Bria Hartley,1611661317,PHO,13,24.8,14.6,2.9,4.5,0.268,0.543,0.123,
WNBA,2020,1627678,Bria Holmes,1611661323,CON,18,16.2,4.9,1.8,1.1,0.173,0.426,0.05,
WNBA,2020,201896,Briann January,1611661323,CON,13,23.3,5.0,1.2,3.4,0.14,0.405,0.04,
WNBA,2020,1629488,Brianna Turner,1611661317,PHO,22,27.9,7.2,9.0,1.8,0.116,0.6,0.123,
WNBA,2020,1629524,Bridget Carleton,1611661324,MIN,22,25.8,6.6,3.5,2.5,0.108,0.634,0.076,
WNBA,2020,1628280,Brionna Jones,1611661323,CON,21,26.1,11.2,5.6,1.0,0.171,0.631,0.118,
WNBA,2020,1630095,Brittany Brewer,1611661330,ATL,5,6.5,0.8,1.0,0.0,0.066,0.667,0.058,
WNBA,2020,203398,Brittney Griner,1611661317,PHO,12,31.8,17.7,7.5,3.0,0.254,0.542,0.145,
WNBA,2020,1628279,Brittney Sykes,1611661320,LAS,21,24.4,10.1,2.6,2.1,0.187,0.598,0.086,
WNBA,2020,201496,Candace Parker,1611661320,LAS,22,30.0,14.7,9.7,4.6,0.23,0.584,0.181,
WNBA,2020,200676,Candice Dupree,1611661325,IND,22,30.2,12.5,5.7,2.5,0.198,0.507,0.109,
WNBA,2020,202670,Carolyn Swords,1611661319,LVA,22,17.4,2.9,4.6,0.9,0.084,0.528,0.073,
WNBA,2020,203833,Chelsea Gray,1611661320,LAS,22,30.6,14.0,3.7,5.3,0.233,0.518,0.119,
WNBA,2020,1630150,Chennedy Carter,1611661330,ATL,16,25.4,17.4,2.3,3.4,0.309,0.55,0.108,
WNBA,2020,204323,Cheyenne Parker-Tyus,1611661329,CHI,20,24.9,13.4,6.4,1.5,0.224,0.653,0.128,
WNBA,2020,204332,Cierra Burdick,1611661319,LVA,13,2.2,0.3,0.4,0.2,0.123,0.286,0.033,
WNBA,2020,202664,Courtney Vandersloot,1611661329,CHI,22,31.5,13.6,3.5,10.0,0.187,0.61,0.151,
WNBA,2020,1627675,Courtney Williams,1611661330,ATL,20,30.5,14.6,7.2,3.2,0.259,0.46,0.102,
WNBA,2020,1630101,Crystal Dangerfield,1611661324,MIN,21,30.0,16.2,2.0,3.6,0.239,0.586,0.111,
WNBA,2020,201518,Crystal Langhorne,1611661328,SEA,13,8.2,1.4,2.2,0.5,0.127,0.458,0.058,
WNBA,2020,203024,Damiris Dantas,1611661324,MIN,22,26.6,12.9,6.1,2.6,0.212,0.579,0.123,
WNBA,2020,202658,Danielle Robinson,1611661319,LVA,22,22.4,7.4,2.4,3.3,0.147,0.584,0.1,
WNBA,2020,201886,DeWanna Bonner,1611661323,CON,22,33.3,19.7,7.8,3.0,0.268,0.535,0.166,
WNBA,2020,204324,Dearica Hamby,1611661319,LVA,22,28.3,13.0,7.1,2.7,0.195,0.612,0.15,
WNBA,2020,1628890,Diamond DeShields,1611661329,CHI,13,17.2,6.8,1.8,1.5,0.226,0.489,0.048,
WNBA,2020,100940,Diana Taurasi,1611661317,PHO,19,28.1,18.7,4.2,4.5,0.267,0.625,0.164,
WNBA,2020,204322,Elizabeth Williams,1611661330,ATL,22,29.2,10.1,5.7,1.4,0.153,0.539,0.088,
WNBA,2020,1628242,Emma Cannon,1611661319,LVA,1,0.4,0.0,0.0,0.0,0.0,0.0,0.0,
WNBA,2020,203416,Emma Meesseman,1611661322,WAS,20,31.7,13.0,5.3,4.5,0.21,0.509,0.121,
WNBA,2020,202259,Epiphanny Prince,1611661328,SEA,15,12.7,4.3,1.2,1.4,0.177,0.51,0.063,
WNBA,2020,1628286,Erica McCall,1611661324,MIN,20,9.2,2.6,2.5,0.2,0.147,0.466,0.061,
WNBA,2020,201502,Essence Carson,1611661323,CON,21,13.8,3.7,1.7,0.6,0.178,0.377,0.024,
WNBA,2020,1629496,Ezi Magbegor,1611661328,SEA,22,13.3,6.5,2.5,0.3,0.189,0.596,0.106,
WNBA,2020,1628931,Gabby Williams,1611661329,CHI,22,24.8,7.7,4.0,2.0,0.163,0.503,0.08,
WNBA,2020,203017,Glory Johnson,1611661330,ATL,18,15.1,4.7,3.7,0.6,0.166,0.454,0.086,
WNBA,2020,204330,Isabelle Harrison,1611661321,DAL,13,19.9,6.4,4.6,1.4,0.168,0.492,0.078,
WNBA,2020,203043,Jacki Gemelos,1611661322,WAS,18,12.4,2.7,1.1,0.8,0.141,0.424,0.027,
WNBA,2020,1629498,Jackie Young,1611661319,LVA,22,25.8,11.0,4.3,3.0,0.19,0.558,0.122,
WNBA,2020,202662,Jasmine Thomas,1611661323,CON,19,25.5,10.2,1.7,4.0,0.215,0.49,0.088,
WNBA,2020,1630153,Jaylyn Agnew,1611661330,ATL,12,6.0,1.3,0.4,0.3,0.128,0.436,-0.004,
WNBA,2020,1630119,Jazmine Jones,1611661313,NYL,20,21.4,10.8,4.1,2.3,0.257,0.524,0.096,
WNBA,2020,204319,Jewell Loyd,1611661328,SEA,22,27.8,15.5,2.4,3.2,0.235,0.583,0.122,
WNBA,2020,1630139,Jocelyn Willoughby,1611661313,NYL,22,17.4,5.8,2.4,0.9,0.174,0.502,0.046,
WNBA,2020,1628886,Jordin Canada,1611661328,SEA,20,24.2,7.9,2.3,5.5,0.178,0.5,0.111,
WNBA,2020,1630115,Joyner Holmes,1611661313,NYL,19,10.0,2.9,2.7,0.7,0.197,0.362,0.062,
WNBA,2020,1627700,Julie Allemand,1611661325,IND,22,32.6,8.5,4.5,5.8,0.125,0.643,0.095,
WNBA,2020,1628273,Kaela Davis,1611661330,ATL,2,1.2,0.0,0.0,0.0,0.0,0.0,0.0,
WNBA,2020,1627674,Kahleah Copper,1611661329,CHI,22,31.3,14.8,5.5,2.1,0.218,0.561,0.097,
WNBA,2020,1630097,Kaila Charles,1611661323,CON,21,17.9,5.4,2.6,0.9,0.147,0.511,0.058,
WNBA,2020,1629480,Kalani Brown,1611661330,ATL,10,6.1,3.0,1.2,0.0,0.229,0.547,0.063,
WNBA,2020,204321,Kaleena Mosqueda-Lewis,1611661323,CON,16,10.2,3.4,1.3,0.3,0.189,0.403,0.021,
WNBA,2020,1630154,Kamiah Smalls,1611661325,IND,7,14.2,3.9,1.1,2.0,0.092,0.647,0.089,
WNBA,2020,202640,Karima Christmas-Kelly,1611661324,MIN,2,12.5,4.5,3.0,0.5,0.238,0.428,0.099,
WNBA,2020,1630104,Kathleen Doyle,1611661325,IND,18,8.6,1.5,0.8,1.1,0.156,0.316,-0.023,
WNBA,2020,1629478,Katie Lou Samuelson,1611661321,DAL,22,19.9,5.0,2.4,1.4,0.111,0.536,0.069,
WNBA,2020,203405,Kayla Alexander,1611661324,MIN,16,5.6,2.3,0.9,0.2,0.188,0.552,0.077,
WNBA,2020,203825,Kayla McBride,1611661319,LVA,22,26.6,12.5,2.3,2.4,0.2,0.558,0.095,
WNBA,2020,203866,Kayla Thornton,1611661321,DAL,22,25.3,7.3,5.1,0.8,0.131,0.571,0.071,
WNBA,2020,1628909,Kelsey Mitchell,1611661325,IND,22,32.1,17.9,2.2,2.8,0.24,0.579,0.086,
WNBA,2020,1629568,Kennedy Burke,1611661325,IND,22,18.3,7.2,1.8,1.1,0.184,0.546,0.068,
WNBA,2020,1628915,Kia Nurse,1611661313,NYL,21,27.5,12.2,2.9,2.3,0.254,0.435,0.053,
WNBA,2020,201913,Kia Vaughn,1611661317,PHO,22,18.9,6.1,3.6,1.5,0.175,0.499,0.073,
WNBA,2020,204329,Kiah Stokes,1611661313,NYL,22,27.3,5.7,6.7,1.2,0.12,0.45,0.083,
WNBA,2020,1629506,Kiara Leslie,1611661322,WAS,19,21.8,5.5,3.0,1.1,0.145,0.462,0.055,
WNBA,2020,1629485,Kristine Anigwe,1611661320,LAS,17,11.6,4.6,2.6,0.2,0.179,0.605,0.074,
WNBA,2020,1630131,Kylee Shook,1611661313,NYL,20,14.5,4.1,2.8,0.6,0.155,0.468,0.061,
WNBA,2020,1630100,Lauren Cox,1611661325,IND,14,13.1,3.6,3.3,1.4,0.141,0.504,0.107,
WNBA,2020,203406,Layshia Clarendon,1611661313,NYL,19,26.1,11.5,2.5,3.9,0.218,0.584,0.098,
WNBA,2020,1630127,Leaonna Odom,1611661313,NYL,22,20.6,5.5,2.3,0.7,0.117,0.56,0.062,
WNBA,2020,201507,Leilani Mitchell,1611661322,WAS,22,30.6,9.5,2.8,5.4,0.155,0.533,0.089,
WNBA,2020,1628882,Lexie Brown,1611661324,MIN,17,22.0,6.4,1.9,2.4,0.171,0.448,0.068,
WNBA,2020,1628263,Lindsay Allen,1611661319,LVA,21,13.5,3.3,1.1,2.4,0.127,0.49,0.068,
WNBA,2020,1628895,Marie Gülich,1611661320,LAS,12,9.9,2.4,1.5,0.6,0.12,0.531,0.039,
WNBA,2020,1629497,Marina Mabrey,1611661321,DAL,18,22.4,10.6,3.3,2.4,0.21,0.564,0.101,
WNBA,2020,1629484,Megan Gustafson,1611661321,DAL,9,5.3,1.6,1.2,0.1,0.169,0.39,-0.004,
WNBA,2020,1629570,Megan Huff,1611661319,LVA,7,2.2,0.0,0.6,0.1,0.182,0.0,-0.172,
WNBA,2020,1630136,Megan Walker,1611661313,NYL,18,11.4,3.3,1.5,0.3,0.172,0.368,0.02,
WNBA,2020,1628920,Mercedes Russell,1611661328,SEA,22,13.8,3.5,3.2,0.6,0.151,0.438,0.076,
WNBA,2020,1630114,Mikiah Herbert Harrigan,1611661324,MIN,21,11.2,3.8,2.3,0.3,0.176,0.464,0.075,
WNBA,2020,1628881,Monique Billings,1611661330,ATL,22,27.1,8.5,8.5,1.2,0.173,0.469,0.091,
WNBA,2020,1627670,Morgan Tuck,1611661328,SEA,10,8.8,1.7,0.6,0.2,0.131,0.435,-0.013,
WNBA,2020,1627669,Moriah Jefferson,1611661321,DAL,9,16.7,5.0,3.1,2.1,0.175,0.466,0.077,
WNBA,2020,1628899,Myisha Hines-Allen,1611661322,WAS,22,29.9,17.0,8.9,2.6,0.253,0.585,0.165,
WNBA,2020,1629483,Napheesa Collier,1611661324,MIN,22,34.2,16.1,9.0,3.3,0.207,0.605,0.145,
WNBA,2020,203831,Natalie Achonwa,1611661325,IND,18,20.2,7.8,5.5,1.7,0.191,0.542,0.095,
WNBA,2020,203827,Natasha Howard,1611661328,SEA,22,21.0,9.5,7.1,1.0,0.214,0.581,0.134,
WNBA,2020,1629567,Natisha Hiedeman,1611661323,CON,22,18.6,6.1,1.9,1.9,0.171,0.478,0.053,
WNBA,2020,1628269,Nia Coffey,1611661317,PHO,15,15.3,2.7,2.5,0.8,0.089,0.492,0.04,
WNBA,2020,203014,Nneka Ogwumike,1611661320,LAS,18,26.2,13.3,4.8,1.7,0.203,0.636,0.139,
WNBA,2020,203824,Odyssey Sims,1611661324,MIN,13,18.5,9.4,2.0,3.5,0.255,0.515,0.095,
WNBA,2020,1629502,Paris Kea,1611661313,NYL,11,15.0,6.9,2.0,1.5,0.253,0.497,0.082,
WNBA,2020,1627671,Rachel Banham,1611661324,MIN,20,16.9,6.9,1.3,2.4,0.168,0.607,0.085,
WNBA,2020,204334,Reshanda Gray,1611661320,LAS,10,6.3,1.4,2.8,0.3,0.16,0.497,0.1,
WNBA,2020,203029,Riquna Williams,1611661320,LAS,21,21.1,10.5,1.8,1.5,0.215,0.57,0.098,
WNBA,2020,1630113,Ruthy Hebard,1611661329,CHI,22,14.6,5.7,3.9,0.3,0.142,0.692,0.123,
WNBA,2020,1629477,Sabrina Ionescu,1611661313,NYL,3,26.6,18.3,4.7,4.0,0.294,0.593,0.189,
WNBA,2020,1628244,Sami Whitcomb,1611661328,SEA,22,16.5,8.1,2.3,2.0,0.202,0.595,0.124,
WNBA,2020,1630149,Satou Sabally,1611661321,DAL,16,28.2,13.9,7.8,2.5,0.239,0.505,0.121,
WNBA,2020,200671,Seimone Augustus,1611661320,LAS,21,15.8,5.9,1.8,1.2,0.162,0.55,0.095,
WNBA,2020,1628278,Shatori Walker-Kimbrough,1611661317,PHO,21,19.0,7.3,1.6,1.5,0.172,0.558,0.096,
WNBA,2020,203015,Shekinna Stricklen,1611661330,ATL,22,21.7,6.1,1.9,0.6,0.139,0.477,0.03,
WNBA,2020,203018,Shenise Johnson,1611661324,MIN,17,12.5,5.1,1.9,1.2,0.228,0.461,0.086,
WNBA,2020,203035,Shey Peddy,1611661317,PHO,17,15.1,3.8,2.1,1.8,0.151,0.44,0.094,
WNBA,2020,203400,Skylar Diggins,1611661317,PHO,22,30.7,17.7,3.3,4.2,0.243,0.625,0.131,
WNBA,2020,1629482,Sophie Cunningham,1611661317,PHO,21,18.8,5.0,1.0,0.8,0.125,0.51,0.023,
WNBA,2020,203828,Stefanie Dolson,1611661329,CHI,15,18.2,6.4,3.5,1.7,0.151,0.605,0.073,
WNBA,2020,1630118,Stella Johnson,1611661322,WAS,9,11.1,5.1,1.3,1.3,0.168,0.635,0.098,
WNBA,2020,1628906,Stephanie Mavunga,1611661329,CHI,10,9.5,3.5,3.3,0.5,0.191,0.517,0.092,
WNBA,2020,100720,Sue Bird,1611661328,SEA,11,23.4,9.8,1.7,5.2,0.176,0.637,0.12,
WNBA,2020,1630134,Sug Sutton,1611661322,WAS,12,9.4,2.8,0.8,1.0,0.171,0.471,0.051,
WNBA,2020,203411,Sugar Rodgers,1611661319,LVA,22,12.0,3.4,1.3,1.4,0.161,0.453,0.053,
WNBA,2020,202641,Sydney Colson,1611661329,CHI,17,6.5,1.6,0.4,0.8,0.157,0.571,0.04,
WNBA,2020,1628282,Sydney Wiese,1611661320,LAS,19,19.1,6.8,1.7,1.2,0.144,0.661,0.087,
WNBA,2020,201480,Sylvia Fowles,1611661324,MIN,7,24.1,14.6,9.7,0.9,0.226,0.664,0.227,
WNBA,2020,1630099,Te'a Cooper,1611661320,LAS,20,17.2,7.0,1.0,2.0,0.197,0.543,0.065,
WNBA,2020,1629479,Teaira McCowan,1611661325,IND,22,20.9,10.9,7.3,0.6,0.228,0.591,0.129,
WNBA,2020,203849,Theresa Plaisance,1611661323,CON,13,7.0,2.5,1.0,0.1,0.158,0.506,0.034,
WNBA,2020,203403,Tianna Hawkins,1611661322,WAS,17,19.3,8.5,3.5,1.0,0.214,0.513,0.092,
WNBA,2020,203437,Tierra Ruffin-Pratt,1611661320,LAS,17,14.5,2.9,2.1,0.9,0.122,0.434,0.037,
WNBA,2020,1627676,Tiffany Mitchell,1611661325,IND,19,26.4,12.7,3.4,2.6,0.248,0.485,0.077,
WNBA,2020,1630112,Tyasha Harris,1611661321,DAL,21,19.6,6.8,1.2,2.8,0.161,0.523,0.082,
WNBA,2020,1628927,Victoria Vivians,1611661325,IND,6,14.2,4.8,2.3,0.5,0.181,0.446,0.017,
WNBA,2021,1628932,A'ja Wilson,1611661319,LVA,32,31.9,18.3,9.3,3.1,0.257,0.53,0.164,
WNBA,2021,1630458,Aaliyah Wilson,1611661325,IND,14,8.5,1.1,0.9,0.6,0.129,0.27,-0.03,
WNBA,2021,1630462,Aari McDonald,1611661330,ATL,30,16.4,6.3,1.6,2.0,0.196,0.481,0.07,
WNBA,2021,1627672,Aerial Powers,1611661324,MIN,14,22.1,13.4,3.6,2.1,0.285,0.555,0.104,
WNBA,2021,1629501,Alanna Smith,1611661317,PHO,18,6.5,1.2,1.3,0.6,0.156,0.294,0.05,
WNBA,2021,1630453,Aleah Goodman,1611661323,CON,1,3.2,0.0,0.0,1.0,0.0,0.0,0.0,
WNBA,2021,201516,Allie Quigley,1611661329,CHI,26,24.4,13.2,2.7,2.3,0.218,0.588,0.112,
WNBA,2021,1628277,Allisha Gray,1611661321,DAL,25,27.8,11.9,5.2,1.7,0.187,0.551,0.111,
WNBA,2021,203826,Alyssa Thomas,1611661323,CON,2,17.4,5.5,5.0,2.0,0.215,0.328,0.075,
WNBA,2021,204320,Amanda Zahui B,1611661320,LAS,30,23.8,9.2,5.1,1.0,0.207,0.515,0.092,
WNBA,2021,201881,Angel McCoughtry,1611661319,LVA,1,0.1,0.0,0.0,0.0,1.0,0.0,0.0,
WNBA,2021,1630441,Arella Guirantes,1611661320,LAS,25,11.6,3.2,1.3,0.6,0.184,0.371,0.028,
WNBA,2021,1628878,Ariel Atkins,1611661322,WAS,30,30.6,16.2,2.8,2.6,0.239,0.543,0.086,
WNBA,2021,1629481,Arike Ogunbowale,1611661321,DAL,32,31.4,18.7,3.2,3.3,0.274,0.515,0.104,
WNBA,2021,203838,Astou Ndour-Fall,1611661329,CHI,20,17.1,6.6,4.8,0.4,0.179,0.504,0.101,
WNBA,2021,1630386,Awak Kuier,1611661321,DAL,16,8.9,2.4,2.4,0.6,0.18,0.421,0.085,
WNBA,2021,1628922,Azura Stevens,1611661329,CHI,30,19.6,7.4,4.6,0.8,0.163,0.569,0.102,
WNBA,2021,1629492,Beatrice Mompremier,1611661323,CON,32,8.6,1.8,2.4,0.2,0.122,0.489,0.069,
WNBA,2021,1630093,Bella Alarie,1611661321,DAL,31,13.1,2.6,3.3,0.5,0.095,0.556,0.089,
WNBA,2021,1630043,Bernadett Hatar,1611661325,IND,7,15.2,4.9,2.6,0.3,0.172,0.53,0.037,
WNBA,2021,204335,Betnijah Laney-Hamilton,1611661313,NYL,32,33.7,16.8,4.1,5.2,0.254,0.532,0.103,
WNBA,2021,204355,Blake Dietrick,1611661330,ATL,9,15.7,2.3,1.6,1.2,0.103,0.389,0.014,
WNBA,2021,1627668,Breanna Stewart,1611661328,SEA,28,33.3,20.3,9.5,2.7,0.266,0.557,0.172,
WNBA,2021,203829,Bria Hartley,1611661317,PHO,6,8.5,3.7,0.7,0.8,0.181,0.688,0.121,
WNBA,2021,1627678,Bria Holmes,1611661319,LVA,19,16.7,4.4,2.6,1.1,0.174,0.391,0.047,
WNBA,2021,201896,Briann January,1611661323,CON,29,30.2,7.0,1.4,3.1,0.121,0.55,0.056,
WNBA,2021,1629488,Brianna Turner,1611661317,PHO,32,31.1,7.8,9.4,1.8,0.117,0.578,0.122,
WNBA,2021,1629524,Bridget Carleton,1611661324,MIN,32,19.3,4.8,2.3,1.5,0.122,0.525,0.067,
WNBA,2021,1628280,Brionna Jones,1611661323,CON,32,30.6,14.7,7.3,1.8,0.209,0.61,0.149,
WNBA,2021,204327,Brittany Boyd-Jones,1611661329,CHI,2,11.2,2.0,1.0,2.0,0.164,0.41,0.045,
WNBA,2021,203398,Brittney Griner,1611661317,PHO,30,32.8,20.5,9.5,2.7,0.257,0.626,0.195,
WNBA,2021,1628279,Brittney Sykes,1611661320,LAS,32,29.4,9.4,4.6,2.2,0.173,0.474,0.102,
WNBA,2021,201496,Candace Parker,1611661329,CHI,23,26.8,13.3,8.4,4.0,0.237,0.545,0.167,
WNBA,2021,200676,Candice Dupree,1611661330,ATL,26,17.8,6.4,3.0,0.7,0.193,0.465,0.075,
WNBA,2021,1630454,Charli Collier,1611661321,DAL,28,12.3,3.4,3.6,0.2,0.132,0.499,0.065,
WNBA,2021,1630440,Chelsea Dungee,1611661321,DAL,14,4.6,0.6,0.2,0.1,0.129,0.235,-0.086,
WNBA,2021,203833,Chelsea Gray,1611661319,LVA,32,28.9,11.1,2.9,5.9,0.202,0.519,0.101,
WNBA,2021,1630437,Chelsey Perry,1611661325,IND,6,6.7,2.2,1.0,0.3,0.226,0.344,0.011,
WNBA,2021,1630150,Chennedy Carter,1611661330,ATL,11,25.5,14.2,1.3,3.3,0.256,0.521,0.084,
WNBA,2021,204323,Cheyenne Parker-Tyus,1611661330,ATL,13,20.8,10.2,4.5,1.2,0.219,0.535,0.103,
WNBA,2021,203823,Chiney Ogwumike,1611661320,LAS,7,19.2,7.0,4.1,1.1,0.187,0.466,0.081,
WNBA,2021,204332,Cierra Burdick,1611661328,SEA,14,4.6,0.9,1.4,0.4,0.105,0.492,0.141,
WNBA,2021,202664,Courtney Vandersloot,1611661329,CHI,32,30.5,10.5,3.4,8.6,0.182,0.526,0.133,
WNBA,2021,1627675,Courtney Williams,1611661330,ATL,32,34.4,16.5,6.8,4.0,0.243,0.465,0.12,
WNBA,2021,204325,Crystal Bradford,1611661330,ATL,24,18.3,8.8,3.8,1.5,0.216,0.507,0.096,
WNBA,2021,1630101,Crystal Dangerfield,1611661324,MIN,31,20.1,7.7,2.0,2.8,0.2,0.491,0.077,
WNBA,2021,203024,Damiris Dantas,1611661324,MIN,24,23.8,7.7,4.0,2.3,0.179,0.496,0.068,
WNBA,2021,1630389,Dana Evans,1611661329,CHI,29,7.6,3.3,0.4,1.0,0.209,0.525,0.063,
WNBA,2021,202658,Danielle Robinson,1611661325,IND,24,27.4,9.9,3.5,3.7,0.181,0.496,0.108,
WNBA,2021,201886,DeWanna Bonner,1611661323,CON,32,31.9,15.2,6.4,3.4,0.234,0.524,0.152,
WNBA,2021,204324,Dearica Hamby,1611661319,LVA,29,24.5,11.6,6.7,1.7,0.196,0.596,0.139,
WNBA,2021,1630435,Destiny Slocum,1611661319,LVA,21,6.4,1.0,0.9,0.6,0.102,0.455,0.031,
WNBA,2021,1630459,DiDi Richards,1611661313,NYL,31,11.2,2.3,1.1,0.8,0.106,0.512,0.065,
WNBA,2021,1630096,DiJonai Carrington,1611661323,CON,24,9.2,2.8,2.0,0.5,0.204,0.384,0.028,
WNBA,2021,1628890,Diamond DeShields,1611661329,CHI,32,26.9,11.3,3.5,2.3,0.211,0.499,0.08,
WNBA,2021,100940,Diana Taurasi,1611661317,PHO,16,28.4,15.2,4.4,4.9,0.255,0.543,0.116,
WNBA,2021,203399,Elena Delle Donne,1611661322,WAS,3,17.4,13.7,4.3,0.7,0.276,0.635,0.195,
WNBA,2021,204322,Elizabeth Williams,1611661330,ATL,32,23.8,5.8,4.9,1.2,0.118,0.524,0.087,
WNBA,2021,1628242,Emma Cannon,1611661325,IND,20,14.7,5.5,3.7,0.9,0.203,0.505,0.062,
WNBA,2021,202259,Epiphanny Prince,1611661328,SEA,29,14.3,5.8,1.6,1.7,0.182,0.577,0.11,
WNBA,2021,1628286,Erica McCall,1611661322,WAS,23,15.5,4.1,4.3,0.6,0.126,0.534,0.078,
WNBA,2021,204365,Erica Wheeler,1611661320,LAS,32,30.2,13.6,3.1,4.8,0.245,0.508,0.116,
WNBA,2021,1629496,Ezi Magbegor,1611661328,SEA,30,15.2,6.7,3.8,0.8,0.192,0.568,0.11,
WNBA,2021,1630110,Haley Gorecki,1611661317,PHO,3,2.1,0.0,0.7,0.0,0.133,0.0,0.0,
WNBA,2021,204330,Isabelle Harrison,1611661321,DAL,28,23.7,10.9,5.9,1.1,0.197,0.572,0.129,
WNBA,2021,1629498,Jackie Young,1611661319,LVA,32,31.8,12.2,4.1,3.2,0.166,0.563,0.099,
WNBA,2021,202650,Jantel Lavender,1611661325,IND,27,20.0,6.4,3.9,1.5,0.183,0.442,0.055,
WNBA,2021,202662,Jasmine Thomas,1611661323,CON,30,29.6,10.6,2.4,4.0,0.194,0.499,0.092,
WNBA,2021,1630444,Jasmine Walker,1611661320,LAS,2,10.0,0.0,1.0,1.0,0.146,0.0,-0.038,
WNBA,2021,1630119,Jazmine Jones,1611661313,NYL,27,16.6,5.9,2.4,1.1,0.207,0.47,0.043,
WNBA,2021,202638,Jessica Breland,1611661325,IND,26,20.9,5.8,6.3,2.0,0.189,0.401,0.098,
WNBA,2021,1629491,Jessica Shepard,1611661324,MIN,22,10.5,2.0,3.2,1.7,0.127,0.441,0.105,
WNBA,2021,204319,Jewell Loyd,1611661328,SEA,31,31.0,17.9,4.0,3.8,0.264,0.544,0.121,
WNBA,2021,1628917,JiSu Park,1611661319,LVA,25,8.9,2.0,1.8,0.8,0.154,0.409,0.04,
WNBA,2021,1627687,Jillian Alleyne,1611661324,MIN,2,3.9,0.0,2.0,0.0,0.105,0.0,0.417,
WNBA,2021,1627673,Jonquel Jones,1611661323,CON,27,31.7,19.4,11.2,2.8,0.263,0.614,0.221,
WNBA,2021,1628886,Jordin Canada,1611661328,SEA,29,18.7,5.8,2.3,3.0,0.166,0.489,0.093,
WNBA,2021,1630115,Joyner Holmes,1611661319,LVA,5,5.6,2.6,0.8,0.6,0.164,0.65,0.079,
WNBA,2021,1627674,Kahleah Copper,1611661329,CHI,32,30.8,14.4,4.2,1.8,0.213,0.543,0.084,
WNBA,2021,1630097,Kaila Charles,1611661323,CON,30,16.3,4.3,2.8,1.1,0.147,0.449,0.061,
WNBA,2021,1629480,Kalani Brown,1611661330,ATL,1,4.7,2.0,1.0,0.0,0.273,0.333,0.105,
WNBA,2021,1628317,Karlie Samuelson,1611661328,SEA,14,14.7,3.6,1.9,0.8,0.123,0.532,0.058,
WNBA,2021,1629478,Katie Lou Samuelson,1611661328,SEA,27,21.0,7.0,3.5,1.7,0.154,0.558,0.086,
WNBA,2021,203825,Kayla McBride,1611661324,MIN,32,31.6,13.7,3.6,2.3,0.175,0.586,0.109,
WNBA,2021,203866,Kayla Thornton,1611661321,DAL,31,27.6,7.5,5.6,1.5,0.126,0.529,0.084,
WNBA,2021,1628909,Kelsey Mitchell,1611661325,IND,32,33.1,17.8,2.6,2.5,0.24,0.537,0.098,
WNBA,2021,1628276,Kelsey Plum,1611661319,LVA,26,25.5,14.8,2.5,3.6,0.241,0.579,0.124,
WNBA,2021,1629568,Kennedy Burke,1611661328,SEA,23,7.7,2.9,0.8,0.3,0.193,0.523,0.058,
WNBA,2021,1628915,Kia Nurse,1611661317,PHO,32,26.1,9.5,3.5,1.8,0.187,0.506,0.063,
WNBA,2021,201913,Kia Vaughn,1611661317,PHO,28,15.8,4.6,2.7,1.3,0.177,0.458,0.051,
WNBA,2021,204329,Kiah Stokes,1611661319,LVA,24,18.5,1.5,5.4,0.8,0.044,0.604,0.081,
WNBA,2021,1630461,Kiana Williams,1611661328,SEA,10,3.5,0.4,0.4,0.2,0.116,0.269,-0.011,
WNBA,2021,1629506,Kiara Leslie,1611661322,WAS,9,9.6,2.8,2.2,0.2,0.155,0.454,0.074,
WNBA,2021,201911,Kristi Toliver,1611661320,LAS,19,27.6,9.4,1.4,2.9,0.172,0.522,0.069,
WNBA,2021,1629485,Kristine Anigwe,1611661320,LAS,10,13.6,3.4,3.3,0.5,0.167,0.46,0.018,
WNBA,2021,1630131,Kylee Shook,1611661313,NYL,30,18.9,5.7,4.0,1.4,0.148,0.551,0.092,
WNBA,2021,1630438,Kysre Gondrezick,1611661325,IND,19,9.1,1.9,1.0,0.9,0.162,0.377,0.025,
WNBA,2021,1630100,Lauren Cox,1611661320,LAS,26,11.7,2.6,3.0,0.5,0.132,0.461,0.101,
WNBA,2021,203406,Layshia Clarendon,1611661324,MIN,22,24.7,9.9,3.0,5.4,0.211,0.561,0.106,
WNBA,2021,1630127,Leaonna Odom,1611661313,NYL,18,11.5,3.1,1.2,0.4,0.126,0.557,0.039,
WNBA,2021,201507,Leilani Mitchell,1611661322,WAS,31,23.4,6.4,2.0,2.5,0.133,0.524,0.059,
WNBA,2021,1628882,Lexie Brown,1611661329,CHI,17,9.5,1.6,0.7,1.1,0.123,0.368,0.038,
WNBA,2021,1628263,Lindsay Allen,1611661325,IND,32,17.8,5.4,1.5,3.0,0.15,0.517,0.093,
WNBA,2021,1628897,Linnae Harper,1611661324,MIN,1,5.3,0.0,1.0,0.0,0.0,0.0,-0.087,
WNBA,2021,202633,Liz Cambage,1611661319,LVA,25,23.8,14.2,8.2,1.3,0.248,0.589,0.165,
WNBA,2021,1629497,Marina Mabrey,1611661321,DAL,32,24.2,13.3,3.9,2.9,0.259,0.514,0.109,
WNBA,2021,1629484,Megan Gustafson,1611661322,WAS,11,9.9,4.0,3.6,0.0,0.177,0.612,0.118,
WNBA,2021,1630136,Megan Walker,1611661317,PHO,29,14.7,4.5,1.3,0.9,0.193,0.406,0.01,
WNBA,2021,1628920,Mercedes Russell,1611661328,SEA,30,24.7,7.3,6.1,1.6,0.126,0.648,0.106,
WNBA,2021,1630446,Michaela Onyenwere,1611661313,NYL,32,22.5,8.6,2.9,0.6,0.176,0.534,0.053,
WNBA,2021,1630114,Mikiah Herbert Harrigan,1611661328,SEA,1,1.2,0.0,0.0,0.0,0.0,0.0,0.0,
WNBA,2021,1628881,Monique Billings,1611661330,ATL,31,23.9,8.1,6.5,1.0,0.157,0.534,0.103,
WNBA,2021,1627669,Moriah Jefferson,1611661321,DAL,29,17.2,5.4,2.0,2.5,0.162,0.529,0.085,
WNBA,2021,1628899,Myisha Hines-Allen,1611661322,WAS,18,25.7,12.9,7.0,2.5,0.259,0.484,0.125,
WNBA,2021,1629483,Napheesa Collier,1611661324,MIN,29,34.6,16.2,6.6,3.2,0.228,0.524,0.116,
WNBA,2021,203831,Natalie Achonwa,1611661324,MIN,21,12.0,3.7,2.1,1.2,0.15,0.525,0.094,
WNBA,2021,204333,Natasha Cloud,1611661322,WAS,27,31.6,8.7,3.6,6.4,0.151,0.504,0.098,
WNBA,2021,203827,Natasha Howard,1611661313,NYL,13,27.5,16.2,7.2,1.7,0.296,0.554,0.118,
WNBA,2021,1630442,Natasha Mack,1611661324,MIN,4,4.5,1.5,1.0,0.0,0.111,0.773,0.094,
WNBA,2021,1629567,Natisha Hiedeman,1611661323,CON,32,20.1,7.6,1.8,1.9,0.169,0.558,0.091,
WNBA,2021,1628269,Nia Coffey,1611661320,LAS,32,25.2,8.3,3.8,0.9,0.158,0.557,0.084,
WNBA,2021,203014,Nneka Ogwumike,1611661320,LAS,18,31.7,14.5,6.5,2.7,0.211,0.586,0.175,
WNBA,2021,203824,Odyssey Sims,1611661330,ATL,30,25.1,8.7,2.5,3.6,0.204,0.428,0.074,
WNBA,2021,1627671,Rachel Banham,1611661324,MIN,27,12.6,5.0,1.2,1.6,0.196,0.509,0.06,
WNBA,2021,204296,Rebecca Allen,1611661313,NYL,25,24.2,9.2,3.7,1.1,0.185,0.493,0.088,
WNBA,2021,204334,Reshanda Gray,1611661313,NYL,15,14.0,5.9,3.5,0.3,0.198,0.583,0.058,
WNBA,2021,203029,Riquna Williams,1611661319,LVA,32,26.0,10.5,2.6,1.6,0.155,0.604,0.092,
WNBA,2021,1630113,Ruthy Hebard,1611661329,CHI,30,16.8,5.8,4.4,0.8,0.145,0.566,0.114,
WNBA,2021,1629477,Sabrina Ionescu,1611661313,NYL,30,30.0,11.7,5.7,6.1,0.207,0.529,0.122,
WNBA,2021,1628244,Sami Whitcomb,1611661313,NYL,30,28.1,11.7,5.0,2.7,0.175,0.635,0.116,
WNBA,2021,1630149,Satou Sabally,1611661321,DAL,17,24.9,11.9,5.9,2.8,0.229,0.529,0.101,
WNBA,2021,1628278,Shatori Walker-Kimbrough,1611661322,WAS,17,20.6,6.9,1.4,0.9,0.144,0.632,0.069,
WNBA,2021,201919,Shavonte Zellous,1611661322,WAS,28,15.8,4.3,2.4,1.6,0.15,0.474,0.06,
WNBA,2021,203015,Shekinna Stricklen,1611661330,ATL,24,9.8,2.5,0.9,0.3,0.159,0.344,0.008,
WNBA,2021,203035,Shey Peddy,1611661317,PHO,32,17.5,5.4,2.3,2.5,0.148,0.541,0.111,
WNBA,2021,1630385,Shyla Heal,1611661329,CHI,4,7.9,2.0,0.8,0.8,0.269,0.376,-0.112,
WNBA,2021,203400,Skylar Diggins,1611661317,PHO,32,32.5,17.7,3.2,5.3,0.238,0.591,0.134,
WNBA,2021,1629482,Sophie Cunningham,1611661317,PHO,30,17.5,5.6,2.0,1.1,0.137,0.575,0.072,
WNBA,2021,203828,Stefanie Dolson,1611661329,CHI,24,20.0,7.5,3.5,1.3,0.169,0.58,0.084,
WNBA,2021,1630118,Stella Johnson,1611661322,WAS,6,5.2,2.0,0.5,0.3,0.19,0.615,-0.014,
WNBA,2021,1630120,Stephanie Jones,1611661323,CON,18,5.5,1.4,1.2,0.2,0.136,0.418,0.067,
WNBA,2021,203855,Stephanie Talbot,1611661328,SEA,30,17.9,5.7,2.9,1.6,0.161,0.584,0.074,
WNBA,2021,1630137,Stephanie Watts,1611661329,CHI,6,14.0,2.5,3.7,0.5,0.146,0.333,0.01,
WNBA,2021,100720,Sue Bird,1611661328,SEA,30,27.7,10.0,2.6,5.3,0.164,0.583,0.112,
WNBA,2021,1628282,Sydney Wiese,1611661322,WAS,27,21.4,4.4,1.3,1.6,0.121,0.441,0.035,
WNBA,2021,201480,Sylvia Fowles,1611661324,MIN,31,30.1,16.0,10.1,1.4,0.212,0.667,0.194,
WNBA,2021,1630099,Te'a Cooper,1611661320,LAS,31,22.0,9.1,1.7,1.4,0.233,0.48,0.059,
WNBA,2021,1629479,Teaira McCowan,1611661325,IND,32,26.5,11.3,9.6,1.1,0.187,0.573,0.135,
WNBA,2021,203849,Theresa Plaisance,1611661322,WAS,31,18.0,6.4,4.4,1.4,0.197,0.465,0.09,
WNBA,2021,203403,Tianna Hawkins,1611661330,ATL,28,15.4,4.9,3.1,0.6,0.164,0.503,0.057,
WNBA,2021,203026,Tiffany Hayes,1611661330,ATL,21,28.3,14.7,3.2,3.0,0.218,0.564,0.113,
WNBA,2021,1627676,Tiffany Mitchell,1611661325,IND,28,27.3,12.0,2.9,2.0,0.204,0.544,0.09,
WNBA,2021,202250,Tina Charles,1611661322,WAS,27,33.3,23.4,9.6,2.1,0.311,0.538,0.162,
WNBA,2021,1630112,Tyasha Harris,1611661321,DAL,32,16.3,4.4,1.6,2.7,0.153,0.451,0.07,
WNBA,2021,1628927,Victoria Vivians,1611661325,IND,31,21.3,6.8,3.1,1.3,0.184,0.432,0.055,
WNBA,2022,1628932,A'ja Wilson,1611661319,LVA,36,30.0,19.5,9.4,2.1,0.267,0.585,0.174,
WNBA,2022,1630462,Aari McDonald,1611661330,ATL,36,24.3,11.1,2.3,2.6,0.209,0.548,0.101,
WNBA,2022,1627672,Aerial Powers,1611661324,MIN,35,27.0,14.4,4.7,2.9,0.272,0.493,0.103,
WNBA,2022,1631013,Aisha Sheppard,1611661319,LVA,23,7.6,1.5,0.6,0.3,0.128,0.384,-0.013,
WNBA,2022,1628268,Alaina Coates,1611661325,IND,8,9.4,3.5,2.0,0.3,0.124,0.795,0.079,
WNBA,2022,1629501,Alanna Smith,1611661325,IND,9,12.8,4.3,2.7,0.6,0.177,0.433,0.062,
WNBA,2022,201516,Allie Quigley,1611661329,CHI,34,26.3,11.4,2.5,2.9,0.185,0.569,0.089,
WNBA,2022,1628277,Allisha Gray,1611661321,DAL,33,32.9,13.3,4.8,2.5,0.172,0.562,0.103,
WNBA,2022,202252,Alysha Clark,1611661322,WAS,29,26.4,8.0,4.5,2.0,0.144,0.565,0.099,
WNBA,2022,203826,Alyssa Thomas,1611661323,CON,36,32.1,13.4,8.2,6.1,0.199,0.549,0.154,
WNBA,2022,1631056,Amy Atwell,1611661320,LAS,4,7.9,0.8,0.5,0.5,0.149,0.167,-0.039,
WNBA,2022,201881,Angel McCoughtry,1611661324,MIN,2,9.9,6.0,3.0,1.0,0.286,0.564,0.176,
WNBA,2022,1630993,Anneli Maley,1611661329,CHI,4,11.1,2.0,1.8,0.8,0.073,0.667,0.077,
WNBA,2022,1628878,Ariel Atkins,1611661322,WAS,36,30.0,14.6,3.3,2.3,0.219,0.543,0.094,
WNBA,2022,1629481,Arike Ogunbowale,1611661321,DAL,30,31.4,19.7,3.3,3.6,0.276,0.523,0.123,
WNBA,2022,1629476,Asia (AD) Durr,1611661330,ATL,25,14.7,7.0,1.2,1.2,0.214,0.514,0.072,
WNBA,2022,1630386,Awak Kuier,1611661321,DAL,33,12.6,2.8,2.5,0.9,0.123,0.457,0.083,
WNBA,2022,1628922,Azura Stevens,1611661329,CHI,35,21.9,10.6,3.9,0.8,0.204,0.553,0.106,
WNBA,2022,1629492,Beatrice Mompremier,1611661330,ATL,21,8.3,2.1,2.8,0.4,0.153,0.453,0.063,
WNBA,2022,204335,Betnijah Laney-Hamilton,1611661313,NYL,9,28.3,11.2,3.3,2.8,0.214,0.52,0.086,
WNBA,2022,1627668,Breanna Stewart,1611661328,SEA,34,30.9,21.8,7.6,2.9,0.28,0.592,0.185,
WNBA,2022,203829,Bria Hartley,1611661323,CON,13,9.5,3.0,0.9,1.1,0.181,0.492,0.069,
WNBA,2022,201896,Briann January,1611661328,SEA,36,16.9,3.7,1.0,2.4,0.134,0.507,0.045,
WNBA,2022,1629488,Brianna Turner,1611661317,PHO,35,33.4,4.3,6.8,2.3,0.068,0.603,0.083,
WNBA,2022,1629524,Bridget Carleton,1611661324,MIN,36,16.8,4.3,2.1,1.1,0.12,0.533,0.058,
WNBA,2022,1628280,Brionna Jones,1611661323,CON,36,25.1,13.8,5.1,1.2,0.205,0.633,0.14,
WNBA,2022,1628279,Brittney Sykes,1611661320,LAS,32,28.8,12.7,3.7,3.7,0.228,0.505,0.102,
WNBA,2022,201496,Candace Parker,1611661329,CHI,32,28.2,13.2,8.6,4.5,0.221,0.555,0.155,
WNBA,2022,1630454,Charli Collier,1611661321,DAL,17,4.6,2.0,0.6,0.1,0.226,0.513,-0.015,
WNBA,2022,203833,Chelsea Gray,1611661319,LVA,35,29.7,13.7,3.2,6.1,0.204,0.584,0.131,
WNBA,2022,1630150,Chennedy Carter,1611661320,LAS,24,16.4,8.9,1.9,1.9,0.273,0.5,0.078,
WNBA,2022,204323,Cheyenne Parker-Tyus,1611661330,ATL,36,26.2,11.8,6.2,2.0,0.21,0.551,0.125,
WNBA,2022,203823,Chiney Ogwumike,1611661320,LAS,26,18.4,7.0,5.5,1.1,0.185,0.534,0.099,
WNBA,2022,202664,Courtney Vandersloot,1611661329,CHI,32,26.5,11.8,3.9,6.5,0.213,0.576,0.136,
WNBA,2022,1627675,Courtney Williams,1611661323,CON,34,28.0,11.1,4.6,3.3,0.205,0.47,0.1,
WNBA,2022,1630101,Crystal Dangerfield,1611661313,NYL,33,21.5,5.5,2.0,2.6,0.133,0.497,0.069,
WNBA,2022,203024,Damiris Dantas,1611661324,MIN,15,17.4,5.1,3.8,1.9,0.179,0.407,0.065,
WNBA,2022,1630389,Dana Evans,1611661329,CHI,33,11.5,4.3,0.8,1.2,0.201,0.504,0.062,
WNBA,2022,202658,Danielle Robinson,1611661325,IND,31,23.6,7.4,2.9,3.8,0.161,0.501,0.1,
WNBA,2022,201886,DeWanna Bonner,1611661323,CON,33,30.0,13.5,4.7,2.8,0.192,0.554,0.114,
WNBA,2022,204324,Dearica Hamby,1611661319,LVA,34,26.5,9.3,7.1,1.1,0.165,0.543,0.095,
WNBA,2022,1631089,Destanni Henderson,1611661325,IND,36,16.4,5.3,1.6,2.5,0.174,0.5,0.077,
WNBA,2022,1630435,Destiny Slocum,1611661330,ATL,3,13.7,4.7,1.3,1.3,0.164,0.53,0.026,
WNBA,2022,1630459,DiDi Richards,1611661313,NYL,14,11.1,2.3,1.7,1.4,0.149,0.396,0.022,
WNBA,2022,1630096,DiJonai Carrington,1611661323,CON,36,17.5,6.8,3.1,1.1,0.194,0.516,0.075,
WNBA,2022,1628890,Diamond DeShields,1611661317,PHO,30,25.3,13.1,3.8,2.2,0.284,0.472,0.076,
WNBA,2022,100940,Diana Taurasi,1611661317,PHO,31,31.0,16.7,3.4,3.9,0.25,0.559,0.102,
WNBA,2022,203399,Elena Delle Donne,1611661322,WAS,25,27.8,17.2,6.3,2.3,0.252,0.59,0.172,
WNBA,2022,1631072,Elissa Cunane,1611661324,MIN,3,3.3,0.7,1.7,0.0,0.12,0.5,0.09,
WNBA,2022,204322,Elizabeth Williams,1611661322,WAS,30,14.9,5.4,3.8,0.5,0.173,0.503,0.117,
WNBA,2022,1631083,Emily Engstler,1611661325,IND,35,18.2,5.2,5.2,1.5,0.159,0.455,0.066,
WNBA,2022,1628242,Emma Cannon,1611661325,IND,24,14.0,6.8,3.1,0.5,0.191,0.607,0.112,
WNBA,2022,203416,Emma Meesseman,1611661329,CHI,36,28.6,12.4,5.6,3.8,0.177,0.617,0.133,
WNBA,2022,202259,Epiphanny Prince,1611661328,SEA,33,12.3,3.9,1.0,1.8,0.162,0.481,0.087,
WNBA,2022,204365,Erica Wheeler,1611661330,ATL,30,26.3,8.4,3.1,3.9,0.204,0.427,0.061,
WNBA,2022,1631091,Evina Westbrook,1611661322,WAS,20,10.2,2.8,1.0,1.2,0.156,0.47,0.059,
WNBA,2022,1629496,Ezi Magbegor,1611661328,SEA,33,24.7,9.5,5.6,1.4,0.169,0.594,0.11,
WNBA,2022,1628931,Gabby Williams,1611661328,SEA,36,25.6,7.5,5.0,3.1,0.149,0.512,0.101,
WNBA,2022,1629566,Han Xu,1611661313,NYL,32,16.8,8.5,3.6,0.9,0.208,0.563,0.139,
WNBA,2022,1631046,Hannah Sjerven,1611661324,MIN,3,3.0,0.0,0.0,0.0,0.05,0.0,-0.122,
WNBA,2022,1630387,Iliana Rupert,1611661319,LVA,17,13.1,3.8,2.3,0.9,0.121,0.587,0.05,
WNBA,2022,204330,Isabelle Harrison,1611661321,DAL,35,18.4,8.7,4.3,1.3,0.219,0.536,0.115,
WNBA,2022,1629498,Jackie Young,1611661319,LVA,34,33.2,15.9,4.4,3.9,0.19,0.593,0.111,
WNBA,2022,202650,Jantel Lavender,1611661328,SEA,27,12.2,3.8,3.3,0.9,0.184,0.447,0.082,
WNBA,2022,1631029,Jasmine Dickey,1611661321,DAL,20,4.7,1.1,0.6,0.1,0.196,0.284,-0.025,
WNBA,2022,202662,Jasmine Thomas,1611661323,CON,5,21.8,6.6,2.2,3.0,0.158,0.462,0.083,
WNBA,2022,1630444,Jasmine Walker,1611661320,LAS,32,8.8,1.6,1.5,0.2,0.137,0.33,0.005,
WNBA,2022,1630119,Jazmine Jones,1611661322,WAS,8,5.8,0.8,0.3,0.1,0.108,0.294,-0.04,
WNBA,2022,1628287,Jennie Simms,1611661317,PHO,23,13.2,3.4,2.2,0.9,0.136,0.554,0.067,
WNBA,2022,1629491,Jessica Shepard,1611661324,MIN,36,26.1,8.1,7.4,3.0,0.147,0.568,0.117,
WNBA,2022,204319,Jewell Loyd,1611661328,SEA,36,30.3,16.3,2.6,3.4,0.253,0.526,0.093,
WNBA,2022,1630139,Jocelyn Willoughby,1611661313,NYL,11,11.0,2.6,1.6,0.4,0.137,0.491,0.061,
WNBA,2022,1627673,Jonquel Jones,1611661323,CON,33,26.4,14.6,8.6,1.8,0.233,0.615,0.163,
WNBA,2022,1628886,Jordin Canada,1611661320,LAS,32,27.0,9.2,2.3,5.5,0.198,0.468,0.09,
WNBA,2022,1630115,Joyner Holmes,1611661323,CON,26,7.9,2.0,1.3,0.5,0.18,0.397,0.042,
WNBA,2022,1627700,Julie Allemand,1611661329,CHI,25,16.1,3.0,1.6,3.4,0.108,0.545,0.08,
WNBA,2022,1628273,Kaela Davis,1611661317,PHO,7,7.8,4.9,1.3,0.1,0.232,0.733,0.099,
WNBA,2022,1627674,Kahleah Copper,1611661329,CHI,31,28.8,15.7,5.7,2.3,0.238,0.577,0.112,
WNBA,2022,1630097,Kaila Charles,1611661330,ATL,1,2.0,0.0,0.0,0.0,0.0,0.0,-0.105,
WNBA,2022,1630154,Kamiah Smalls,1611661324,MIN,3,11.3,1.3,1.7,2.0,0.16,0.25,0.032,
WNBA,2022,1628317,Karlie Samuelson,1611661317,PHO,1,10.2,3.0,3.0,1.0,0.148,0.5,0.113,
WNBA,2022,1631081,Katie Benzan,1611661322,WAS,3,8.9,6.0,0.7,0.3,0.197,0.836,0.09,
WNBA,2022,1629478,Katie Lou Samuelson,1611661320,LAS,32,29.5,9.7,3.0,1.9,0.155,0.504,0.066,
WNBA,2022,203825,Kayla McBride,1611661324,MIN,31,29.8,13.3,2.8,2.1,0.197,0.539,0.086,
WNBA,2022,203866,Kayla Thornton,1611661321,DAL,36,29.2,8.0,5.9,1.8,0.116,0.59,0.093,
WNBA,2022,1628909,Kelsey Mitchell,1611661325,IND,31,32.6,18.4,1.9,4.2,0.236,0.568,0.107,
WNBA,2022,1628276,Kelsey Plum,1611661319,LVA,36,32.8,20.2,2.7,5.1,0.252,0.608,0.116,
WNBA,2022,1629568,Kennedy Burke,1611661322,WAS,16,13.9,5.4,2.2,0.4,0.169,0.534,0.103,
WNBA,2022,1631062,Khayla Pointer,1611661325,IND,10,5.8,2.2,0.8,0.2,0.211,0.606,0.081,
WNBA,2022,201913,Kia Vaughn,1611661330,ATL,29,13.8,2.5,3.2,0.9,0.125,0.426,0.05,
WNBA,2022,204329,Kiah Stokes,1611661319,LVA,31,15.3,2.3,4.4,0.6,0.079,0.514,0.085,
WNBA,2022,1630461,Kiana Williams,1611661323,CON,4,7.3,1.3,0.5,1.3,0.145,0.313,0.041,
WNBA,2022,1631147,Kianna Smith,1611661320,LAS,11,10.2,2.6,0.8,0.5,0.15,0.404,0.017,
WNBA,2022,1631006,Kierstan Bell,1611661319,LVA,21,5.8,1.3,0.9,0.3,0.139,0.388,0.042,
WNBA,2022,201911,Kristi Toliver,1611661320,LAS,11,19.8,5.9,0.7,3.1,0.155,0.56,0.049,
WNBA,2022,1629485,Kristine Anigwe,1611661317,PHO,10,6.5,1.5,1.3,0.2,0.134,0.521,0.007,
WNBA,2022,1628929,Kristy Wallace,1611661330,ATL,29,20.8,6.6,2.3,2.2,0.158,0.526,0.076,
WNBA,2022,1628882,Lexie Brown,1611661320,LAS,34,25.0,7.1,2.3,2.1,0.123,0.569,0.08,
WNBA,2022,1631086,Lexie Hull,1611661325,IND,26,12.9,3.8,1.5,0.7,0.172,0.408,0.023,
WNBA,2022,1629574,Li Yueru,1611661329,CHI,16,5.1,1.8,1.5,0.1,0.182,0.601,0.089,
WNBA,2022,1628263,Lindsay Allen,1611661324,MIN,9,14.8,6.7,1.6,3.4,0.172,0.686,0.144,
WNBA,2022,202633,Liz Cambage,1611661320,LAS,25,23.4,13.0,6.4,2.1,0.246,0.583,0.134,
WNBA,2022,1631032,Lorela Cubaj,1611661313,NYL,11,8.0,0.7,2.1,0.4,0.083,0.333,0.027,
WNBA,2022,1629497,Marina Mabrey,1611661321,DAL,34,28.0,13.6,3.6,3.7,0.241,0.511,0.094,
WNBA,2022,1629546,Marine Johannes,1611661313,NYL,24,25.5,10.0,1.7,3.4,0.164,0.637,0.091,
WNBA,2022,1630471,Maya Caldwell,1611661330,ATL,9,23.7,10.9,2.4,2.2,0.183,0.643,0.103,
WNBA,2022,1629484,Megan Gustafson,1611661317,PHO,33,9.6,3.8,1.9,0.5,0.16,0.635,0.079,
WNBA,2022,1630136,Megan Walker,1611661330,ATL,12,9.6,3.3,0.8,0.4,0.184,0.48,0.026,
WNBA,2022,1628920,Mercedes Russell,1611661328,SEA,5,10.7,2.0,1.8,0.2,0.129,0.536,0.0,
WNBA,2022,1630446,Michaela Onyenwere,1611661313,NYL,34,13.7,4.7,2.1,0.4,0.164,0.516,0.046,
WNBA,2022,1628881,Monique Billings,1611661330,ATL,23,17.4,6.5,6.3,1.1,0.177,0.534,0.132,
WNBA,2022,1627669,Moriah Jefferson,1611661324,MIN,31,26.1,10.4,2.4,4.7,0.193,0.562,0.098,
WNBA,2022,1628899,Myisha Hines-Allen,1611661322,WAS,34,19.3,8.9,5.3,1.9,0.246,0.498,0.127,
WNBA,2022,1631019,NaLyssa Smith,1611661325,IND,32,30.7,13.5,7.9,1.4,0.219,0.496,0.086,
WNBA,2022,1629483,Napheesa Collier,1611661324,MIN,4,22.7,7.3,3.0,1.0,0.146,0.499,0.062,
WNBA,2022,203831,Natalie Achonwa,1611661324,MIN,22,15.1,5.3,4.1,1.7,0.161,0.564,0.113,
WNBA,2022,204333,Natasha Cloud,1611661322,WAS,34,31.3,10.7,3.6,7.0,0.186,0.523,0.12,
WNBA,2022,203827,Natasha Howard,1611661313,NYL,35,29.9,15.1,7.3,2.3,0.253,0.551,0.117,
WNBA,2022,1629567,Natisha Hiedeman,1611661323,CON,36,25.0,9.1,1.8,3.3,0.155,0.573,0.09,
WNBA,2022,1631044,Naz Hillmon,1611661330,ATL,34,19.8,4.4,5.1,1.2,0.113,0.535,0.095,
WNBA,2022,1631002,Nia Clouden,1611661323,CON,28,8.9,2.1,0.8,0.8,0.124,0.479,0.043,
WNBA,2022,1628269,Nia Coffey,1611661330,ATL,16,21.0,6.4,5.2,0.8,0.196,0.445,0.063,
WNBA,2022,1631263,Nikolina Milic,1611661324,MIN,31,11.7,6.0,3.0,0.7,0.23,0.603,0.097,
WNBA,2022,203014,Nneka Ogwumike,1611661320,LAS,34,31.4,18.1,6.6,2.0,0.236,0.604,0.153,
WNBA,2022,203824,Odyssey Sims,1611661323,CON,7,20.8,6.9,1.9,2.9,0.198,0.403,0.051,
WNBA,2022,1631135,Olivia Nelson-Ododa,1611661320,LAS,30,14.5,4.0,3.0,0.4,0.131,0.598,0.052,
WNBA,2022,1631031,Queen Egbo,1611661325,IND,33,21.8,7.2,6.3,0.9,0.184,0.481,0.082,
WNBA,2022,1627671,Rachel Banham,1611661324,MIN,36,17.5,7.9,1.3,2.3,0.195,0.57,0.082,
WNBA,2022,1630996,Rae Burrell,1611661320,LAS,3,14.5,1.7,1.0,0.3,0.105,0.253,-0.023,
WNBA,2022,1631073,Raina Perez,1611661328,SEA,1,2.3,0.0,0.0,1.0,0.0,0.0,0.061,
WNBA,2022,204296,Rebecca Allen,1611661313,NYL,25,20.9,7.0,3.4,1.2,0.171,0.485,0.079,
WNBA,2022,203822,Rebekah Gardner,1611661329,CHI,35,21.7,8.4,3.3,1.3,0.17,0.614,0.093,
WNBA,2022,1630452,Rennia Davis,1611661325,IND,8,5.4,1.3,1.0,0.1,0.157,0.385,0.033,
WNBA,2022,204334,Reshanda Gray,1611661317,PHO,27,8.8,2.2,2.0,0.4,0.157,0.484,0.009,
WNBA,2022,1631009,Rhyne Howard,1611661330,ATL,34,31.3,16.2,4.5,2.8,0.25,0.489,0.11,
WNBA,2022,203029,Riquna Williams,1611661319,LVA,21,18.0,6.7,2.0,1.2,0.152,0.55,0.068,
WNBA,2022,1630957,Rui Machida,1611661322,WAS,36,12.9,1.8,1.1,2.6,0.118,0.369,0.059,
WNBA,2022,1630113,Ruthy Hebard,1611661329,CHI,24,9.7,2.3,1.7,0.5,0.125,0.533,0.066,
WNBA,2022,1629477,Sabrina Ionescu,1611661313,NYL,36,32.3,17.4,7.1,6.3,0.256,0.549,0.159,
WNBA,2022,1631068,Sam Thomas,1611661317,PHO,24,4.9,0.4,0.2,0.3,0.079,0.257,-0.012,
WNBA,2022,1628244,Sami Whitcomb,1611661313,NYL,35,21.3,6.5,2.3,2.3,0.153,0.538,0.073,
WNBA,2022,1630149,Satou Sabally,1611661321,DAL,11,21.7,11.3,4.8,2.1,0.247,0.524,0.101,
WNBA,2022,1631022,Shakira Austin,1611661322,WAS,36,21.6,8.7,6.4,0.9,0.188,0.576,0.116,
WNBA,2022,1628278,Shatori Walker-Kimbrough,1611661322,WAS,35,20.1,6.9,1.8,1.5,0.16,0.534,0.088,
WNBA,2022,203035,Shey Peddy,1611661317,PHO,34,28.7,9.9,3.8,3.4,0.161,0.549,0.105,
WNBA,2022,203400,Skylar Diggins,1611661317,PHO,30,34.0,19.7,4.0,5.5,0.278,0.532,0.136,
WNBA,2022,1629482,Sophie Cunningham,1611661317,PHO,28,29.5,12.6,4.4,1.6,0.17,0.611,0.1,
WNBA,2022,1630479,Sparkle Taylor,1611661329,CHI,2,12.3,5.5,1.0,0.0,0.127,0.854,0.083,
WNBA,2022,203828,Stefanie Dolson,1611661313,NYL,36,23.0,8.1,4.8,1.8,0.165,0.586,0.09,
WNBA,2022,1630120,Stephanie Jones,1611661323,CON,5,5.3,1.8,0.4,0.4,0.134,0.507,0.048,
WNBA,2022,203855,Stephanie Talbot,1611661328,SEA,34,16.1,5.0,3.1,1.3,0.146,0.576,0.101,
WNBA,2022,100720,Sue Bird,1611661328,SEA,31,26.4,7.8,1.9,6.0,0.149,0.555,0.102,
WNBA,2022,202641,Sydney Colson,1611661319,LVA,18,6.8,1.6,0.4,1.0,0.142,0.409,0.03,
WNBA,2022,201480,Sylvia Fowles,1611661324,MIN,30,27.7,14.4,9.8,1.2,0.208,0.638,0.169,
WNBA,2022,1629479,Teaira McCowan,1611661321,DAL,33,18.9,11.0,7.0,0.8,0.241,0.619,0.135,
WNBA,2022,203849,Theresa Plaisance,1611661319,LVA,31,12.9,4.0,2.6,0.5,0.149,0.515,0.064,
WNBA,2022,203403,Tianna Hawkins,1611661322,WAS,25,12.8,4.9,2.4,0.8,0.204,0.495,0.064,
WNBA,2022,203026,Tiffany Hayes,1611661330,ATL,11,27.5,16.2,3.6,2.1,0.225,0.64,0.12,
WNBA,2022,1627676,Tiffany Mitchell,1611661325,IND,34,16.2,6.5,1.2,1.2,0.176,0.539,0.077,
WNBA,2022,202250,Tina Charles,1611661328,SEA,34,28.9,14.8,7.3,2.0,0.248,0.536,0.116,
WNBA,2022,1630961,Tina Krajisnik,1611661329,CHI,2,2.7,0.0,0.0,1.0,0.091,0.0,0.0,
WNBA,2022,1630112,Tyasha Harris,1611661321,DAL,35,15.8,5.0,0.9,2.8,0.168,0.496,0.077,
WNBA,2022,1631007,Veronica Burton,1611661321,DAL,36,15.2,2.6,1.5,1.9,0.097,0.522,0.067,
WNBA,2022,1628927,Victoria Vivians,1611661325,IND,35,26.9,9.8,3.6,2.4,0.211,0.425,0.054,
WNBA,2022,1628304,Yvonne Anderson,1611661323,CON,11,9.2,3.2,0.8,1.1,0.167,0.602,0.073,
WNBA,2022,203389,Yvonne Turner,1611661317,PHO,9,15.4,4.0,1.6,2.0,0.162,0.43,0.042,
WNBA,2023,1628932,A'ja Wilson,1611661319,LVA,40,30.7,22.8,9.5,1.6,0.279,0.627,0.194,
WNBA,2023,1630462,Aari McDonald,1611661330,ATL,24,23.5,7.9,2.0,3.0,0.166,0.518,0.078,
WNBA,2023,1641671,Abby Meyers,1611661322,WAS,9,4.1,1.4,0.4,0.0,0.163,0.454,0.033,
WNBA,2023,1627672,Aerial Powers,1611661324,MIN,20,9.7,5.2,1.8,0.8,0.261,0.507,0.117,
WNBA,2023,1628268,Alaina Coates,1611661319,LVA,12,2.9,0.9,0.8,0.0,0.174,0.709,0.015,
WNBA,2023,1629501,Alanna Smith,1611661329,CHI,38,26.5,9.2,6.6,1.8,0.152,0.58,0.107,
WNBA,2023,1641648,Aliyah Boston,1611661325,IND,40,31.2,14.5,8.4,2.2,0.191,0.619,0.145,
WNBA,2023,1628277,Allisha Gray,1611661330,ATL,38,32.7,17.1,4.9,3.1,0.213,0.578,0.127,
WNBA,2023,202252,Alysha Clark,1611661319,LVA,39,22.5,6.7,3.4,1.1,0.124,0.592,0.069,
WNBA,2023,203826,Alyssa Thomas,1611661323,CON,40,36.1,15.5,9.9,7.9,0.221,0.52,0.17,
WNBA,2023,204320,Amanda Zahui B,1611661325,IND,34,7.4,1.7,1.1,0.3,0.157,0.362,-0.001,
WNBA,2023,1630441,Arella Guirantes,1611661328,SEA,9,5.3,1.3,0.7,0.3,0.172,0.33,0.023,
WNBA,2023,1628878,Ariel Atkins,1611661322,WAS,27,25.2,11.5,3.1,2.3,0.204,0.554,0.106,
WNBA,2023,1629481,Arike Ogunbowale,1611661321,DAL,40,37.2,21.2,3.4,4.5,0.255,0.518,0.103,
WNBA,2023,1641653,Ashley Joens,1611661317,PHO,19,6.7,2.1,0.6,0.1,0.146,0.505,0.036,
WNBA,2023,1629476,Asia (AD) Durr,1611661330,ATL,36,10.9,4.8,1.1,0.7,0.212,0.48,0.066,
WNBA,2023,1630386,Awak Kuier,1611661321,DAL,37,10.8,2.6,2.5,0.5,0.12,0.462,0.079,
WNBA,2023,1628922,Azura Stevens,1611661320,LAS,35,26.0,10.8,5.9,1.1,0.217,0.479,0.095,
WNBA,2023,1630043,Bernadett Hatar,1611661323,CON,6,7.9,2.0,1.5,0.2,0.177,0.375,0.02,
WNBA,2023,204335,Betnijah Laney-Hamilton,1611661313,NYL,40,30.0,12.8,3.3,2.4,0.183,0.596,0.086,
WNBA,2023,1627668,Breanna Stewart,1611661313,NYL,40,34.1,23.0,9.3,3.8,0.264,0.585,0.187,
WNBA,2023,1629488,Brianna Turner,1611661317,PHO,40,26.3,3.5,6.3,1.3,0.073,0.646,0.085,
WNBA,2023,1629524,Bridget Carleton,1611661324,MIN,38,15.1,3.2,2.3,0.9,0.106,0.49,0.054,
WNBA,2023,1628280,Brionna Jones,1611661323,CON,13,31.7,15.9,8.2,2.4,0.204,0.625,0.154,
WNBA,2023,203398,Brittney Griner,1611661317,PHO,31,27.6,17.5,6.3,2.2,0.272,0.603,0.169,
WNBA,2023,1628279,Brittney Sykes,1611661322,WAS,40,31.3,15.9,5.0,3.8,0.243,0.54,0.127,
WNBA,2023,201496,Candace Parker,1611661319,LVA,18,23.6,9.0,5.4,3.7,0.174,0.573,0.134,
WNBA,2023,204297,Cayla George,1611661319,LVA,32,8.5,2.3,1.8,0.4,0.208,0.356,0.012,
WNBA,2023,203833,Chelsea Gray,1611661319,LVA,40,32.2,15.3,4.0,7.3,0.205,0.603,0.142,
WNBA,2023,204323,Cheyenne Parker-Tyus,1611661330,ATL,40,26.6,15.0,6.7,1.8,0.252,0.55,0.141,
WNBA,2023,203823,Chiney Ogwumike,1611661320,LAS,10,21.2,8.4,4.3,1.3,0.2,0.476,0.066,
WNBA,2023,202664,Courtney Vandersloot,1611661313,NYL,39,30.4,10.5,3.5,8.1,0.182,0.521,0.115,
WNBA,2023,1627675,Courtney Williams,1611661329,CHI,40,30.1,10.4,6.0,6.3,0.184,0.5,0.123,
WNBA,2023,1630101,Crystal Dangerfield,1611661321,DAL,35,27.8,8.2,2.9,3.1,0.141,0.492,0.078,
WNBA,2023,1627643,Cyesha Goree,1611661322,WAS,10,11.6,3.9,1.2,0.1,0.139,0.556,0.047,
WNBA,2023,1630389,Dana Evans,1611661329,CHI,39,21.5,9.0,1.2,3.0,0.215,0.485,0.08,
WNBA,2023,202658,Danielle Robinson,1611661330,ATL,32,21.6,5.8,2.2,3.3,0.135,0.534,0.079,
WNBA,2023,201886,DeWanna Bonner,1611661323,CON,40,30.1,17.4,5.6,2.2,0.248,0.555,0.146,
WNBA,2023,204324,Dearica Hamby,1611661320,LAS,40,24.7,8.9,5.9,1.8,0.187,0.491,0.099,
WNBA,2023,1631089,Destanni Henderson,1611661317,PHO,15,13.3,3.8,0.8,1.8,0.168,0.43,0.04,
WNBA,2023,1630096,DiJonai Carrington,1611661323,CON,32,17.2,8.3,2.9,1.3,0.228,0.518,0.09,
WNBA,2023,1641649,Diamond Miller,1611661324,MIN,32,26.1,12.1,3.5,2.5,0.243,0.497,0.077,
WNBA,2023,100940,Diana Taurasi,1611661317,PHO,26,27.3,16.0,3.6,4.6,0.275,0.565,0.124,
WNBA,2023,1641657,Dorka Juhasz,1611661324,MIN,38,24.2,6.0,6.5,2.6,0.127,0.516,0.109,
WNBA,2023,1641675,Dulcy Fankam Mendjiadeu,1611661328,SEA,34,13.8,3.9,4.4,0.4,0.137,0.538,0.073,
WNBA,2023,203399,Elena Delle Donne,1611661322,WAS,23,27.5,16.7,5.4,2.1,0.251,0.583,0.173,
WNBA,2023,204322,Elizabeth Williams,1611661329,CHI,40,29.7,9.8,5.8,2.5,0.155,0.536,0.098,
WNBA,2023,1631083,Emily Engstler,1611661324,MIN,12,7.8,1.8,2.4,0.6,0.157,0.428,0.069,
WNBA,2023,1628242,Emma Cannon,1611661325,IND,30,10.5,5.8,3.1,0.5,0.251,0.571,0.143,
WNBA,2023,202259,Epiphanny Prince,1611661313,NYL,10,7.1,1.8,0.6,0.8,0.135,0.551,0.059,
WNBA,2023,204365,Erica Wheeler,1611661325,IND,40,26.8,9.9,3.0,5.0,0.199,0.489,0.097,
WNBA,2023,1631091,Evina Westbrook,1611661320,LAS,18,7.1,1.1,0.9,0.6,0.149,0.298,-0.003,
WNBA,2023,1629496,Ezi Magbegor,1611661328,SEA,40,32.6,13.8,8.1,2.6,0.19,0.576,0.127,
WNBA,2023,1628931,Gabby Williams,1611661328,SEA,10,28.5,8.4,3.6,3.8,0.183,0.421,0.069,
WNBA,2023,1641658,Grace Berger,1611661325,IND,36,14.6,4.2,1.6,1.9,0.147,0.547,0.089,
WNBA,2023,1641650,Haley Jones,1611661330,ATL,40,14.6,3.7,2.4,2.3,0.173,0.405,0.054,
WNBA,2023,1629566,Han Xu,1611661313,NYL,8,4.4,1.5,0.9,0.0,0.291,0.3,-0.011,
WNBA,2023,1630387,Iliana Rupert,1611661330,ATL,20,7.9,1.8,2.0,0.5,0.129,0.466,0.071,
WNBA,2023,1641602,Ivana Dojkić,1611661328,SEA,23,20.0,6.5,1.7,2.8,0.161,0.544,0.07,
WNBA,2023,1629498,Jackie Young,1611661319,LVA,40,31.5,17.6,4.0,3.8,0.207,0.657,0.133,
WNBA,2023,1631141,Jade Melbourne,1611661328,SEA,29,10.6,2.6,1.2,1.2,0.139,0.495,0.04,
WNBA,2023,1631029,Jasmine Dickey,1611661321,DAL,14,6.2,2.1,0.8,0.1,0.171,0.396,-0.007,
WNBA,2023,202662,Jasmine Thomas,1611661320,LAS,32,12.8,2.7,1.1,1.3,0.148,0.37,0.029,
WNBA,2023,1628287,Jennie Simms,1611661317,PHO,6,11.7,2.2,2.2,0.5,0.148,0.381,0.024,
WNBA,2023,1629491,Jessica Shepard,1611661324,MIN,21,26.9,8.1,7.1,3.2,0.137,0.573,0.127,
WNBA,2023,204319,Jewell Loyd,1611661328,SEA,38,35.4,24.7,4.7,3.4,0.315,0.524,0.13,
WNBA,2023,1630139,Jocelyn Willoughby,1611661313,NYL,29,6.6,1.2,0.8,0.4,0.089,0.551,0.04,
WNBA,2023,1627673,Jonquel Jones,1611661313,NYL,40,25.0,11.3,8.4,1.8,0.193,0.613,0.128,
WNBA,2023,1641651,Jordan Horston,1611661328,SEA,36,22.4,6.9,5.1,1.6,0.195,0.418,0.069,
WNBA,2023,1628886,Jordin Canada,1611661320,LAS,38,32.6,13.3,3.1,6.0,0.205,0.534,0.119,
WNBA,2023,1630115,Joyner Holmes,1611661328,SEA,34,10.5,3.3,2.5,0.8,0.162,0.474,0.078,
WNBA,2023,1641690,Kadi Sissoko,1611661317,PHO,40,8.4,1.5,1.6,0.2,0.123,0.427,0.012,
WNBA,2023,1627674,Kahleah Copper,1611661329,CHI,38,31.2,18.7,4.4,2.0,0.27,0.545,0.105,
WNBA,2023,1630097,Kaila Charles,1611661328,SEA,4,10.3,1.5,1.3,0.3,0.118,0.25,-0.045,
WNBA,2023,1629480,Kalani Brown,1611661321,DAL,32,16.4,7.8,4.5,1.0,0.174,0.688,0.128,
WNBA,2023,1628317,Karlie Samuelson,1611661320,LAS,34,26.1,7.7,3.0,2.0,0.115,0.654,0.081,
WNBA,2023,1641672,Kayana Traylor,1611661324,MIN,8,4.4,1.0,0.1,0.4,0.171,0.368,-0.013,
WNBA,2023,203825,Kayla McBride,1611661324,MIN,38,31.8,14.3,3.2,2.2,0.197,0.56,0.096,
WNBA,2023,203866,Kayla Thornton,1611661313,NYL,40,17.3,4.5,3.5,0.7,0.111,0.545,0.079,
WNBA,2023,1628909,Kelsey Mitchell,1611661325,IND,40,33.7,18.2,1.6,3.1,0.226,0.58,0.098,
WNBA,2023,1628276,Kelsey Plum,1611661319,LVA,39,32.4,18.7,2.4,4.5,0.229,0.618,0.114,
WNBA,2023,1628949,Khaalia Hillsman,1611661329,CHI,1,0.9,0.0,0.0,0.0,0.0,0.0,0.0,
WNBA,2023,1628915,Kia Nurse,1611661328,SEA,40,19.7,5.9,2.3,1.3,0.147,0.478,0.05,
WNBA,2023,204329,Kiah Stokes,1611661319,LVA,40,19.8,2.2,5.9,0.6,0.06,0.473,0.077,
WNBA,2023,1631006,Kierstan Bell,1611661319,LVA,36,11.8,3.7,1.6,0.5,0.174,0.419,0.036,
WNBA,2023,201911,Kristi Toliver,1611661322,WAS,11,9.0,3.6,0.7,0.7,0.205,0.485,0.052,
WNBA,2023,1629485,Kristine Anigwe,1611661323,CON,13,6.8,1.9,1.7,0.3,0.16,0.454,0.021,
WNBA,2023,1628929,Kristy Wallace,1611661325,IND,37,19.7,6.6,2.2,1.9,0.172,0.499,0.066,
WNBA,2023,1641656,Laeticia Amihere,1611661330,ATL,21,7.0,2.7,1.0,0.2,0.202,0.466,0.021,
WNBA,2023,1630100,Lauren Cox,1611661323,CON,1,0.1,0.0,0.0,0.0,0.0,0.0,0.0,
WNBA,2023,203406,Layshia Clarendon,1611661320,LAS,24,28.6,11.1,3.0,3.4,0.176,0.61,0.094,
WNBA,2023,1641665,Leigha Brown,1611661323,CON,25,5.2,0.8,0.8,0.4,0.129,0.367,0.014,
WNBA,2023,1628882,Lexie Brown,1611661320,LAS,12,30.3,12.4,2.1,2.4,0.163,0.631,0.099,
WNBA,2023,1631086,Lexie Hull,1611661325,IND,30,20.6,4.6,2.7,1.1,0.13,0.446,0.029,
WNBA,2023,1641642,Li Meng,1611661322,WAS,34,15.9,5.6,1.1,1.0,0.162,0.541,0.055,
WNBA,2023,1628263,Lindsay Allen,1611661324,MIN,29,24.1,6.2,2.4,4.5,0.14,0.48,0.074,
WNBA,2023,1628897,Linnae Harper,1611661322,WAS,14,5.2,1.4,0.6,0.3,0.168,0.385,0.002,
WNBA,2023,1641700,Liz Dixon,1611661317,PHO,14,5.6,1.9,1.1,0.2,0.146,0.599,0.122,
WNBA,2023,1631032,Lorela Cubaj,1611661330,ATL,3,6.2,0.0,2.3,0.0,0.048,0.0,0.026,
WNBA,2023,1641652,Maddy Siegrist,1611661321,DAL,39,8.2,3.7,1.6,0.2,0.156,0.585,0.109,
WNBA,2023,1641670,Madi Williams,1611661317,PHO,5,9.3,2.0,1.0,0.2,0.188,0.333,-0.031,
WNBA,2023,1629497,Marina Mabrey,1611661329,CHI,39,30.0,15.0,3.7,3.6,0.23,0.542,0.097,
WNBA,2023,1629546,Marine Johannes,1611661313,NYL,35,18.9,7.1,1.4,1.7,0.17,0.556,0.064,
WNBA,2023,1630471,Maya Caldwell,1611661325,IND,30,10.1,1.9,0.9,0.6,0.142,0.371,0.009,
WNBA,2023,1629484,Megan Gustafson,1611661317,PHO,34,15.1,7.9,3.9,0.7,0.217,0.608,0.134,
WNBA,2023,1628920,Mercedes Russell,1611661328,SEA,37,19.1,5.0,4.0,1.3,0.138,0.532,0.079,
WNBA,2023,1630446,Michaela Onyenwere,1611661317,PHO,40,23.8,8.9,3.7,1.3,0.204,0.498,0.053,
WNBA,2023,1628881,Monique Billings,1611661330,ATL,39,16.7,4.8,5.0,0.8,0.15,0.482,0.087,
WNBA,2023,1629571,Morgan Bertsch,1611661329,CHI,28,14.2,4.4,1.7,0.7,0.153,0.554,0.042,
WNBA,2023,1627669,Moriah Jefferson,1611661317,PHO,39,24.9,10.5,2.0,3.6,0.215,0.507,0.094,
WNBA,2023,1628899,Myisha Hines-Allen,1611661322,WAS,35,17.6,5.6,4.4,2.2,0.202,0.419,0.072,
WNBA,2023,1631019,NaLyssa Smith,1611661325,IND,31,28.5,15.5,9.2,1.4,0.26,0.534,0.125,
WNBA,2023,1629483,Napheesa Collier,1611661324,MIN,37,33.5,21.5,8.5,2.5,0.281,0.568,0.171,
WNBA,2023,204333,Natasha Cloud,1611661322,WAS,37,32.4,12.7,3.7,6.2,0.204,0.514,0.107,
WNBA,2023,203827,Natasha Howard,1611661321,DAL,39,33.0,16.5,8.0,2.6,0.228,0.536,0.116,
WNBA,2023,1629567,Natisha Hiedeman,1611661323,CON,40,26.7,8.5,2.1,2.7,0.16,0.507,0.059,
WNBA,2023,1631044,Naz Hillmon,1611661330,ATL,40,13.5,4.1,3.4,0.7,0.135,0.587,0.085,
WNBA,2023,1631002,Nia Clouden,1611661320,LAS,5,10.8,1.6,0.4,1.8,0.154,0.368,-0.011,
WNBA,2023,1628269,Nia Coffey,1611661330,ATL,31,21.9,6.9,4.8,1.5,0.154,0.528,0.094,
WNBA,2023,1631263,Nikolina Milic,1611661324,MIN,39,12.7,5.9,2.4,0.8,0.223,0.533,0.073,
WNBA,2023,203014,Nneka Ogwumike,1611661320,LAS,36,31.1,19.1,8.8,2.7,0.262,0.587,0.188,
WNBA,2023,1631055,Nyara Sabally,1611661313,NYL,33,7.9,2.3,2.1,0.2,0.146,0.52,0.062,
WNBA,2023,203824,Odyssey Sims,1611661321,DAL,28,12.0,2.0,1.3,2.2,0.112,0.353,0.05,
WNBA,2023,1631135,Olivia Nelson-Ododa,1611661323,CON,39,15.0,4.5,3.7,0.6,0.134,0.588,0.096,
WNBA,2023,1631031,Queen Egbo,1611661322,WAS,37,12.8,4.8,4.3,0.3,0.183,0.528,0.095,
WNBA,2023,1627671,Rachel Banham,1611661324,MIN,32,13.6,5.5,1.0,1.7,0.202,0.514,0.057,
WNBA,2023,1630996,Rae Burrell,1611661320,LAS,29,11.1,3.6,1.2,0.6,0.154,0.513,0.062,
WNBA,2023,204296,Rebecca Allen,1611661323,CON,40,21.5,6.4,2.8,0.9,0.144,0.506,0.069,
WNBA,2023,203822,Rebekah Gardner,1611661329,CHI,3,19.8,7.0,3.7,2.3,0.156,0.631,0.162,
WNBA,2023,1631009,Rhyne Howard,1611661330,ATL,39,32.9,17.5,4.9,3.5,0.241,0.516,0.114,
WNBA,2023,1641641,Robyn Parks,1611661329,CHI,37,13.7,3.9,1.6,0.4,0.138,0.51,0.053,
WNBA,2023,1630113,Ruthy Hebard,1611661329,CHI,19,9.2,3.9,2.4,0.4,0.158,0.607,0.113,
WNBA,2023,1629477,Sabrina Ionescu,1611661313,NYL,36,31.5,17.0,5.6,5.4,0.225,0.602,0.138,
WNBA,2023,1631068,Sam Thomas,1611661317,PHO,1,10.8,0.0,1.0,0.0,0.074,0.0,-0.129,
WNBA,2023,1628244,Sami Whitcomb,1611661328,SEA,40,24.5,9.7,2.9,2.9,0.182,0.567,0.092,
WNBA,2023,1630149,Satou Sabally,1611661321,DAL,38,33.1,18.6,8.1,4.4,0.24,0.562,0.142,
WNBA,2023,1631022,Shakira Austin,1611661322,WAS,19,23.2,10.0,7.0,0.9,0.217,0.528,0.132,
WNBA,2023,1628278,Shatori Walker-Kimbrough,1611661322,WAS,40,24.8,6.3,2.1,1.7,0.111,0.559,0.071,
WNBA,2023,203035,Shey Peddy,1611661317,PHO,18,15.9,5.2,1.8,1.8,0.155,0.506,0.09,
WNBA,2023,1631021,Sika Kone,1611661329,CHI,20,9.3,3.6,3.0,0.5,0.18,0.616,0.086,
WNBA,2023,1629482,Sophie Cunningham,1611661317,PHO,31,29.0,11.3,2.8,2.1,0.175,0.575,0.07,
WNBA,2023,203828,Stefanie Dolson,1611661313,NYL,23,11.9,4.0,2.0,1.2,0.152,0.627,0.069,
WNBA,2023,1630134,Sug Sutton,1611661317,PHO,40,26.3,8.2,2.6,4.8,0.192,0.466,0.078,
WNBA,2023,202641,Sydney Colson,1611661319,LVA,28,4.8,1.3,0.4,0.8,0.111,0.59,0.07,
WNBA,2023,1641659,Taylor Mikesell,1611661330,ATL,6,4.9,2.8,0.3,0.3,0.164,0.723,0.16,
WNBA,2023,1641667,Taylor Soule,1611661329,CHI,15,3.5,0.6,0.5,0.2,0.171,0.257,-0.06,
WNBA,2023,1629479,Teaira McCowan,1611661321,DAL,30,26.1,11.9,9.1,1.5,0.188,0.567,0.129,
WNBA,2023,203403,Tianna Hawkins,1611661322,WAS,40,23.1,8.2,5.0,1.4,0.16,0.57,0.097,
WNBA,2023,203026,Tiffany Hayes,1611661323,CON,40,27.0,12.1,3.0,2.6,0.186,0.59,0.096,
WNBA,2023,1627676,Tiffany Mitchell,1611661324,MIN,33,23.1,7.3,2.3,2.3,0.181,0.496,0.042,
WNBA,2023,1630112,Tyasha Harris,1611661323,CON,40,16.7,5.8,0.9,1.7,0.17,0.523,0.075,
WNBA,2023,1631007,Veronica Burton,1611661321,DAL,40,13.9,2.4,1.8,2.2,0.083,0.47,0.072,
WNBA,2023,1641687,Victaria Saxton,1611661325,IND,15,3.6,1.3,0.7,0.0,0.221,0.451,0.012,
WNBA,2023,1628927,Victoria Vivians,1611661325,IND,38,17.7,5.2,3.1,1.3,0.152,0.478,0.069,
WNBA,2023,203389,Yvonne Turner,1611661328,SEA,21,9.2,2.5,1.1,0.9,0.134,0.542,0.073,
WNBA,2023,1641660,Zia Cooke,1611661320,LAS,39,14.1,4.8,0.9,0.8,0.213,0.38,0.02,
WNBA,2024,1628932,A'ja Wilson,1611661319,LVA,38,34.4,26.9,11.9,2.3,0.31,0.591,0.234,
WNBA,2024,1642290,Aaliyah Edwards,1611661322,WAS,34,21.8,7.6,5.6,1.4,0.175,0.526,0.1,
WNBA,2024,1630462,Aari McDonald,1611661320,LAS,26,21.8,8.7,2.0,3.7,0.202,0.529,0.087,
WNBA,2024,1627672,Aerial Powers,1611661330,ATL,17,17.9,8.6,3.3,1.4,0.24,0.465,0.09,
WNBA,2024,1629501,Alanna Smith,1611661324,MIN,39,26.5,10.1,5.6,3.2,0.182,0.575,0.117,
WNBA,2024,1642293,Alissa Pili,1611661324,MIN,22,6.3,2.4,1.2,0.2,0.211,0.532,0.02,
WNBA,2024,1641648,Aliyah Boston,1611661325,IND,40,30.9,14.0,8.9,3.2,0.199,0.566,0.132,
WNBA,2024,1628277,Allisha Gray,1611661330,ATL,40,33.2,15.6,4.4,2.7,0.214,0.526,0.102,
WNBA,2024,202252,Alysha Clark,1611661319,LVA,40,24.3,6.0,3.6,1.8,0.119,0.587,0.06,
WNBA,2024,203826,Alyssa Thomas,1611661323,CON,40,32.4,10.6,8.4,7.9,0.182,0.543,0.161,
WNBA,2024,1631056,Amy Atwell,1611661317,PHO,6,9.9,2.5,1.0,1.0,0.143,0.436,0.046,
WNBA,2024,1642291,Angel Reese,1611661329,CHI,34,32.5,13.6,13.1,1.9,0.215,0.464,0.124,
WNBA,2024,1628878,Ariel Atkins,1611661322,WAS,40,29.9,14.9,3.4,3.1,0.228,0.552,0.105,
WNBA,2024,1629481,Arike Ogunbowale,1611661321,DAL,38,38.6,22.2,4.6,5.1,0.259,0.52,0.114,
WNBA,2024,203838,Astou Ndour-Fall,1611661323,CON,22,4.2,1.1,0.8,0.0,0.15,0.436,0.066,
WNBA,2024,1628922,Azura Stevens,1611661320,LAS,20,24.7,9.6,7.0,1.9,0.197,0.506,0.113,
WNBA,2024,204335,Betnijah Laney-Hamilton,1611661313,NYL,28,30.3,11.8,4.2,3.3,0.18,0.575,0.092,
WNBA,2024,1627668,Breanna Stewart,1611661313,NYL,38,32.7,20.4,8.5,3.5,0.261,0.569,0.178,
WNBA,2024,1629488,Brianna Turner,1611661329,CHI,27,9.4,1.2,2.0,0.4,0.068,0.614,0.069,
WNBA,2024,1629524,Bridget Carleton,1611661324,MIN,39,29.9,9.6,3.8,2.2,0.132,0.62,0.089,
WNBA,2024,1628280,Brionna Jones,1611661323,CON,40,27.2,13.7,5.5,1.5,0.215,0.581,0.132,
WNBA,2024,203398,Brittney Griner,1611661317,PHO,30,28.7,17.8,6.6,2.3,0.252,0.625,0.17,
WNBA,2024,1628279,Brittney Sykes,1611661322,WAS,18,23.3,12.2,4.1,3.1,0.278,0.49,0.121,
WNBA,2024,1641698,Caitlin Bickle,1611661323,CON,8,1.8,0.0,0.0,0.0,0.111,0.0,-0.2,
WNBA,2024,1642286,Caitlin Clark,1611661325,IND,40,35.4,19.2,5.7,8.4,0.262,0.583,0.135,
WNBA,2024,1642287,Cameron Brink,1611661320,LAS,15,22.0,7.5,5.3,1.7,0.196,0.496,0.08,
WNBA,2024,1628508,Cecilia Zandalasini,1611661324,MIN,40,12.2,4.6,1.2,1.1,0.172,0.569,0.069,
WNBA,2024,1642298,Celeste Taylor,1611661317,PHO,22,14.9,2.6,1.3,1.3,0.126,0.415,0.034,
WNBA,2024,1642294,Charisma Osborne,1611661317,PHO,2,5.0,1.0,0.5,0.5,0.16,0.5,0.0,
WNBA,2024,203833,Chelsea Gray,1611661319,LVA,27,26.0,8.6,2.9,4.9,0.186,0.513,0.102,
WNBA,2024,1630150,Chennedy Carter,1611661329,CHI,33,26.0,17.5,3.5,3.1,0.284,0.53,0.13,
WNBA,2024,204323,Cheyenne Parker-Tyus,1611661330,ATL,25,19.7,9.2,4.8,1.5,0.231,0.531,0.111,
WNBA,2024,202664,Courtney Vandersloot,1611661313,NYL,31,22.3,6.4,2.6,4.8,0.158,0.503,0.096,
WNBA,2024,1627675,Courtney Williams,1611661324,MIN,40,26.5,11.1,4.7,5.5,0.233,0.487,0.132,
WNBA,2024,1630101,Crystal Dangerfield,1611661320,LAS,33,13.3,3.2,1.0,1.9,0.156,0.383,0.05,
WNBA,2024,203024,Damiris Dantas,1611661325,IND,20,10.5,4.5,2.2,0.6,0.186,0.561,0.095,
WNBA,2024,1630389,Dana Evans,1611661329,CHI,39,19.1,7.2,1.1,2.4,0.188,0.509,0.074,
WNBA,2024,201886,DeWanna Bonner,1611661323,CON,40,31.8,15.0,6.0,2.0,0.217,0.524,0.131,
WNBA,2024,204324,Dearica Hamby,1611661320,LAS,40,33.7,17.3,9.2,3.5,0.234,0.566,0.149,
WNBA,2024,1631089,Destanni Henderson,1611661330,ATL,6,17.5,4.0,2.0,2.5,0.165,0.374,0.042,
WNBA,2024,1630459,DiDi Richards,1611661322,WAS,20,9.9,2.3,1.5,0.7,0.138,0.41,0.044,
WNBA,2024,1630096,DiJonai Carrington,1611661323,CON,39,29.6,12.7,5.0,1.6,0.217,0.498,0.092,
WNBA,2024,1628890,Diamond DeShields,1611661329,CHI,32,13.8,4.5,1.4,1.3,0.194,0.404,0.038,
WNBA,2024,1641649,Diamond Miller,1611661324,MIN,21,10.1,2.9,1.8,0.6,0.201,0.383,0.023,
WNBA,2024,100940,Diana Taurasi,1611661317,PHO,36,29.0,14.9,3.8,3.4,0.228,0.554,0.103,
WNBA,2024,1641657,Dorka Juhasz,1611661324,MIN,34,16.1,4.8,3.8,1.1,0.136,0.53,0.107,
WNBA,2024,1641675,Dulcy Fankam Mendjiadeu,1611661328,SEA,7,5.2,0.9,1.3,0.1,0.088,0.532,0.009,
WNBA,2024,1642300,Dyaisha Fair,1611661319,LVA,1,3.9,0.0,0.0,2.0,0.182,0.0,0.0,
WNBA,2024,204322,Elizabeth Williams,1611661329,CHI,9,27.7,10.0,7.0,1.6,0.166,0.52,0.129,
WNBA,2024,1631083,Emily Engstler,1611661322,WAS,32,14.5,6.2,4.0,1.5,0.173,0.602,0.15,
WNBA,2024,1628242,Emma Cannon,1611661319,LVA,5,1.8,0.8,0.4,0.2,0.182,0.667,0.093,
WNBA,2024,204365,Erica Wheeler,1611661325,IND,39,14.0,3.6,1.4,1.8,0.145,0.484,0.065,
WNBA,2024,1629496,Ezi Magbegor,1611661328,SEA,37,30.7,11.7,8.0,2.0,0.16,0.578,0.129,
WNBA,2024,1642534,Ezinne Kalu,1611661330,ATL,1,12.7,3.0,1.0,0.0,0.107,0.436,-0.056,
WNBA,2024,1628931,Gabby Williams,1611661328,SEA,12,29.2,10.3,4.0,3.7,0.163,0.552,0.106,
WNBA,2024,1641658,Grace Berger,1611661325,IND,11,9.3,2.8,1.4,0.6,0.175,0.497,0.041,
WNBA,2024,1641650,Haley Jones,1611661330,ATL,40,17.8,3.9,2.2,2.1,0.142,0.465,0.041,
WNBA,2024,204330,Isabelle Harrison,1611661329,CHI,36,16.3,6.5,3.9,0.8,0.217,0.45,0.09,
WNBA,2024,1641602,Ivana Dojkić,1611661313,NYL,26,9.9,3.3,0.8,0.8,0.169,0.507,0.042,
WNBA,2024,1629498,Jackie Young,1611661319,LVA,37,32.6,15.8,4.4,5.3,0.22,0.557,0.116,
WNBA,2024,1642292,Jacy Sheldon,1611661321,DAL,40,23.3,5.4,2.1,2.5,0.128,0.489,0.035,
WNBA,2024,1631141,Jade Melbourne,1611661322,WAS,37,14.2,5.4,1.5,1.6,0.202,0.53,0.069,
WNBA,2024,1642240,Jaelyn Brown,1611661321,DAL,14,10.1,2.6,1.5,0.4,0.123,0.572,0.043,
WNBA,2024,1642309,Jakia Brown-Turner,1611661322,WAS,2,4.0,1.0,0.5,0.0,0.095,0.532,0.125,
WNBA,2024,1642320,Jaylyn Sherrod,1611661313,NYL,10,3.7,1.9,0.3,0.5,0.211,0.571,0.133,
WNBA,2024,1642305,Jessika Carter,1611661319,LVA,2,2.2,0.0,0.0,0.0,0.2,0.0,-0.222,
WNBA,2024,204319,Jewell Loyd,1611661328,SEA,37,33.7,19.7,4.5,3.6,0.278,0.497,0.116,
WNBA,2024,1627673,Jonquel Jones,1611661313,NYL,39,29.9,14.2,9.0,3.2,0.194,0.645,0.156,
WNBA,2024,1641651,Jordan Horston,1611661328,SEA,39,22.3,6.8,4.3,1.8,0.15,0.545,0.093,
WNBA,2024,1628886,Jordin Canada,1611661330,ATL,20,31.2,10.6,3.5,5.8,0.176,0.504,0.105,
WNBA,2024,1630115,Joyner Holmes,1611661328,SEA,27,8.5,2.9,1.8,0.9,0.182,0.477,0.071,
WNBA,2024,1642210,Julie Vanloo,1611661322,WAS,40,23.2,7.4,1.6,4.3,0.195,0.47,0.049,
WNBA,2024,1628273,Kaela Davis,1611661329,CHI,4,12.9,3.0,1.0,0.3,0.161,0.436,-0.003,
WNBA,2024,1627674,Kahleah Copper,1611661317,PHO,37,32.3,21.1,4.5,2.3,0.311,0.544,0.1,
WNBA,2024,1629480,Kalani Brown,1611661321,DAL,39,13.2,5.7,3.1,1.1,0.181,0.606,0.102,
WNBA,2024,1642289,Kamilla Cardoso,1611661329,CHI,32,27.4,9.8,7.9,1.7,0.16,0.561,0.11,
WNBA,2024,1628317,Karlie Samuelson,1611661322,WAS,29,24.5,8.4,2.6,2.1,0.145,0.578,0.093,
WNBA,2024,1642324,Kate Martin,1611661319,LVA,34,11.5,2.6,1.6,0.9,0.124,0.466,0.046,
WNBA,2024,1629478,Katie Lou Samuelson,1611661325,IND,37,18.2,4.3,2.3,1.4,0.108,0.506,0.056,
WNBA,2024,203825,Kayla McBride,1611661324,MIN,39,31.7,15.0,2.6,3.2,0.197,0.611,0.113,
WNBA,2024,203866,Kayla Thornton,1611661313,NYL,40,20.2,5.5,2.6,0.7,0.126,0.515,0.058,
WNBA,2024,1628909,Kelsey Mitchell,1611661325,IND,40,32.0,19.2,2.5,1.8,0.238,0.588,0.102,
WNBA,2024,1628276,Kelsey Plum,1611661319,LVA,38,34.0,17.8,2.6,4.2,0.237,0.563,0.09,
WNBA,2024,1629568,Kennedy Burke,1611661313,NYL,38,12.1,3.4,1.5,0.9,0.154,0.477,0.067,
WNBA,2024,1628915,Kia Nurse,1611661320,LAS,40,20.3,7.6,1.6,1.3,0.178,0.525,0.051,
WNBA,2024,204329,Kiah Stokes,1611661319,LVA,39,18.4,1.4,4.7,0.7,0.051,0.417,0.065,
WNBA,2024,1630461,Kiana Williams,1611661328,SEA,13,3.5,0.8,0.2,0.4,0.155,0.344,0.008,
WNBA,2024,1631006,Kierstan Bell,1611661319,LVA,6,7.2,2.8,1.0,0.8,0.178,0.504,0.073,
WNBA,2024,1628929,Kristy Wallace,1611661325,IND,26,17.2,4.7,1.8,1.7,0.136,0.492,0.068,
WNBA,2024,1630438,Kysre Gondrezick,1611661329,CHI,5,3.3,1.0,0.4,0.4,0.238,0.357,0.072,
WNBA,2024,1641656,Laeticia Amihere,1611661330,ATL,17,4.9,1.1,1.6,0.2,0.198,0.284,0.003,
WNBA,2024,203406,Layshia Clarendon,1611661320,LAS,21,15.9,4.3,1.8,2.6,0.138,0.535,0.073,
WNBA,2024,1630142,Leonie Fiebich,1611661313,NYL,40,20.9,6.7,3.0,1.8,0.132,0.624,0.082,
WNBA,2024,1628882,Lexie Brown,1611661320,LAS,16,23.7,8.1,2.3,3.3,0.196,0.451,0.077,
WNBA,2024,1631086,Lexie Hull,1611661325,IND,34,19.7,5.5,2.5,1.1,0.12,0.604,0.049,
WNBA,2024,1629574,Li Yueru,1611661320,LAS,38,14.4,5.1,3.7,0.6,0.16,0.558,0.083,
WNBA,2024,1628263,Lindsay Allen,1611661329,CHI,40,23.8,6.6,2.0,3.9,0.136,0.537,0.088,
WNBA,2024,1641700,Liz Dixon,1611661317,PHO,18,8.9,1.7,2.3,0.5,0.108,0.449,0.074,
WNBA,2024,1631032,Lorela Cubaj,1611661330,ATL,28,7.9,1.2,1.5,0.5,0.093,0.444,0.035,
WNBA,2024,1641661,Lou Lopez Senechal,1611661321,DAL,27,4.6,0.9,0.4,0.4,0.134,0.35,0.006,
WNBA,2024,1641652,Maddy Siegrist,1611661321,DAL,27,23.8,9.4,3.3,1.0,0.158,0.557,0.089,
WNBA,2024,1629497,Marina Mabrey,1611661323,CON,40,30.9,14.4,4.4,4.1,0.219,0.524,0.107,
WNBA,2024,1642301,Marquesha Davis,1611661313,NYL,20,4.0,1.2,0.5,0.2,0.152,0.478,0.047,
WNBA,2024,1630471,Maya Caldwell,1611661330,ATL,25,16.2,5.2,1.8,1.1,0.164,0.498,0.063,
WNBA,2024,1629484,Megan Gustafson,1611661319,LVA,38,10.7,3.7,1.9,0.2,0.136,0.621,0.063,
WNBA,2024,1628920,Mercedes Russell,1611661328,SEA,37,15.8,3.9,3.0,0.8,0.117,0.539,0.087,
WNBA,2024,1630446,Michaela Onyenwere,1611661329,CHI,34,18.7,6.6,1.8,1.0,0.187,0.491,0.04,
WNBA,2024,1630114,Mikiah Herbert Harrigan,1611661317,PHO,31,10.8,3.2,1.5,0.3,0.14,0.517,0.058,
WNBA,2024,1628881,Monique Billings,1611661317,PHO,37,22.8,7.4,5.8,1.4,0.162,0.524,0.091,
WNBA,2024,1629571,Morgan Bertsch,1611661321,DAL,11,9.1,2.0,1.5,0.2,0.199,0.32,-0.05,
WNBA,2024,1627669,Moriah Jefferson,1611661329,CHI,23,8.0,1.3,0.4,1.3,0.129,0.334,0.032,
WNBA,2024,1628899,Myisha Hines-Allen,1611661324,MIN,40,18.7,7.8,4.7,2.6,0.19,0.573,0.134,
WNBA,2024,1631019,NaLyssa Smith,1611661325,IND,40,24.7,10.6,7.1,1.0,0.196,0.52,0.098,
WNBA,2024,1629483,Napheesa Collier,1611661324,MIN,34,34.7,20.4,9.7,3.4,0.258,0.565,0.181,
WNBA,2024,204333,Natasha Cloud,1611661317,PHO,38,33.3,11.5,4.1,6.9,0.191,0.508,0.101,
WNBA,2024,203827,Natasha Howard,1611661321,DAL,27,30.5,17.6,6.7,2.9,0.271,0.51,0.103,
WNBA,2024,1630442,Natasha Mack,1611661317,PHO,40,15.5,3.8,5.0,1.1,0.112,0.578,0.128,
WNBA,2024,1629567,Natisha Hiedeman,1611661324,MIN,40,15.2,4.9,1.6,2.4,0.182,0.469,0.077,
WNBA,2024,1631044,Naz Hillmon,1611661330,ATL,40,21.7,5.7,4.8,1.3,0.113,0.6,0.106,
WNBA,2024,1628269,Nia Coffey,1611661330,ATL,40,13.3,3.3,2.4,1.2,0.159,0.413,0.057,
WNBA,2024,1642299,Nika Muhl,1611661328,SEA,16,3.6,0.1,0.6,0.4,0.122,0.071,-0.046,
WNBA,2024,203014,Nneka Ogwumike,1611661328,SEA,37,31.8,16.7,7.6,2.3,0.214,0.578,0.154,
WNBA,2024,1631055,Nyara Sabally,1611661313,NYL,26,13.5,4.9,4.0,0.6,0.138,0.612,0.147,
WNBA,2024,203824,Odyssey Sims,1611661320,LAS,24,29.2,12.6,2.1,5.3,0.195,0.56,0.106,
WNBA,2024,1630151,Olivia Epoupa,1611661324,MIN,17,6.7,0.8,1.1,1.5,0.119,0.415,0.099,
WNBA,2024,1631135,Olivia Nelson-Ododa,1611661323,CON,37,11.8,3.4,2.5,0.2,0.146,0.534,0.063,
WNBA,2024,1631031,Queen Egbo,1611661319,LVA,8,3.6,1.5,1.3,0.0,0.178,0.466,0.184,
WNBA,2024,1627671,Rachel Banham,1611661329,CHI,37,15.8,5.7,1.4,1.1,0.167,0.498,0.057,
WNBA,2024,1630996,Rae Burrell,1611661320,LAS,37,15.7,5.9,1.8,1.1,0.18,0.531,0.068,
WNBA,2024,204296,Rebecca Allen,1611661317,PHO,18,24.9,7.4,3.9,1.1,0.142,0.522,0.068,
WNBA,2024,1631009,Rhyne Howard,1611661330,ATL,30,33.9,17.3,4.4,3.1,0.242,0.51,0.116,
WNBA,2024,1642288,Rickea Jackson,1611661320,LAS,40,28.8,13.4,3.9,1.5,0.211,0.547,0.09,
WNBA,2024,1629477,Sabrina Ionescu,1611661313,NYL,38,32.1,18.2,4.4,6.2,0.268,0.525,0.134,
WNBA,2024,1628244,Sami Whitcomb,1611661328,SEA,40,15.3,5.0,1.9,1.6,0.173,0.47,0.061,
WNBA,2024,1630149,Satou Sabally,1611661321,DAL,15,34.2,17.9,6.4,5.0,0.218,0.563,0.115,
WNBA,2024,1642244,Sevgi Uzun,1611661321,DAL,40,20.5,4.4,1.6,3.0,0.141,0.418,0.044,
WNBA,2024,1631022,Shakira Austin,1611661322,WAS,12,19.8,11.8,6.8,0.9,0.304,0.487,0.138,
WNBA,2024,1628278,Shatori Walker-Kimbrough,1611661322,WAS,40,22.1,7.5,1.7,1.9,0.163,0.529,0.081,
WNBA,2024,1631021,Sika Kone,1611661322,WAS,27,8.0,4.0,2.0,0.4,0.229,0.536,0.12,
WNBA,2024,203400,Skylar Diggins,1611661328,SEA,40,31.6,15.1,2.6,6.4,0.233,0.525,0.118,
WNBA,2024,1629482,Sophie Cunningham,1611661317,PHO,40,27.7,8.4,3.9,2.0,0.123,0.618,0.087,
WNBA,2024,203828,Stefanie Dolson,1611661322,WAS,39,26.0,9.5,4.9,2.6,0.158,0.621,0.103,
WNBA,2024,1641654,Stephanie Soares,1611661321,DAL,22,8.0,1.1,2.1,0.5,0.11,0.344,0.042,
WNBA,2024,203855,Stephanie Talbot,1611661320,LAS,37,16.2,3.5,2.7,2.1,0.126,0.479,0.071,
WNBA,2024,1630134,Sug Sutton,1611661322,WAS,29,13.1,2.3,1.0,2.1,0.133,0.4,0.041,
WNBA,2024,202641,Sydney Colson,1611661319,LVA,31,8.0,2.5,0.5,1.0,0.144,0.559,0.069,
WNBA,2024,1641667,Taylor Soule,1611661324,MIN,2,1.5,0.0,0.5,0.0,0.167,0.0,0.0,
WNBA,2024,1629479,Teaira McCowan,1611661321,DAL,39,25.2,11.7,8.1,1.6,0.193,0.607,0.126,
WNBA,2024,1627701,Temi Fagbenle,1611661325,IND,22,18.9,6.4,4.7,0.9,0.155,0.554,0.078,
WNBA,2024,203026,Tiffany Hayes,1611661319,LVA,33,21.4,9.5,2.8,2.1,0.178,0.609,0.104,
WNBA,2024,1627676,Tiffany Mitchell,1611661323,CON,24,16.3,4.9,1.5,0.8,0.167,0.457,0.052,
WNBA,2024,202250,Tina Charles,1611661330,ATL,39,29.7,14.9,9.6,2.3,0.241,0.501,0.155,
WNBA,2024,1630112,Tyasha Harris,1611661323,CON,39,28.8,10.5,1.8,3.0,0.169,0.546,0.086,
WNBA,2024,1631007,Veronica Burton,1611661323,CON,31,12.7,3.1,1.4,1.9,0.118,0.544,0.091,
WNBA,2024,1641687,Victaria Saxton,1611661325,IND,9,2.5,0.9,0.3,0.0,0.22,0.405,-0.016,
WNBA,2024,1628927,Victoria Vivians,1611661328,SEA,35,12.7,3.1,2.0,0.8,0.137,0.433,0.046,
WNBA,2024,1641660,Zia Cooke,1611661320,LAS,29,8.9,3.6,0.6,0.6,0.24,0.413,0.022,
WNBA,2025,1628932,A'ja Wilson,1611661319,LVA,40,31.2,23.4,10.2,3.1,0.307,0.596,0.22,
WNBA,2025,1642290,Aaliyah Edwards,1611661323,CON,36,14.8,5.4,3.7,0.6,0.188,0.504,0.089,
WNBA,2025,1642801,Aaliyah Nye,1611661319,LVA,44,15.3,3.8,1.5,0.5,0.132,0.473,0.031,
WNBA,2025,1630462,Aari McDonald,1611661325,IND,20,26.3,9.8,2.4,4.7,0.182,0.555,0.095,
WNBA,2025,1627672,Aerial Powers,1611661325,IND,10,16.7,7.4,3.9,2.0,0.214,0.504,0.127,
WNBA,2025,1642828,Ajae Petty,1611661321,DAL,2,3.2,0.0,0.5,0.0,0.0,0.0,0.0,
WNBA,2025,1629501,Alanna Smith,1611661324,MIN,42,26.5,9.6,5.1,2.9,0.172,0.563,0.103,
WNBA,2025,1628297,Alexis Prince,1611661317,PHX,1,22.1,2.0,8.0,1.0,0.125,0.333,0.086,
WNBA,2025,1642293,Alissa Pili,1611661320,LAS,19,5.2,2.3,1.0,0.2,0.182,0.621,0.107,
WNBA,2025,1641648,Aliyah Boston,1611661325,IND,44,30.2,15.0,8.2,3.7,0.215,0.58,0.16,
WNBA,2025,1628277,Allisha Gray,1611661330,ATL,42,34.5,18.4,5.3,3.5,0.216,0.598,0.13,
WNBA,2025,202252,Alysha Clark,1611661322,WAS,42,19.7,3.9,2.8,1.2,0.104,0.478,0.053,
WNBA,2025,203826,Alyssa Thomas,1611661317,PHX,39,31.3,15.4,8.8,9.2,0.238,0.568,0.197,
WNBA,2025,1629539,Amy Okonkwo,1611661321,DAL,8,19.6,11.0,3.1,0.8,0.207,0.63,0.124,
WNBA,2025,1642797,Anastasiia Olairi Kosu,1611661324,MIN,21,3.8,1.7,0.7,0.2,0.217,0.492,0.077,
WNBA,2025,1642800,Aneesah Morrow,1611661323,CON,41,18.9,7.7,6.9,0.5,0.212,0.461,0.112,
WNBA,2025,1642291,Angel Reese,1611661329,CHI,30,31.6,14.7,12.6,3.7,0.233,0.537,0.147,
WNBA,2025,1628878,Ariel Atkins,1611661329,CHI,34,28.5,13.1,3.4,3.6,0.216,0.551,0.1,
WNBA,2025,1629481,Arike Ogunbowale,1611661321,DAL,29,33.3,15.5,2.5,4.1,0.221,0.494,0.084,
WNBA,2025,1642793,Aziaha James,1611661321,DAL,38,17.7,7.5,2.9,1.6,0.211,0.462,0.079,
WNBA,2025,1628922,Azura Stevens,1611661320,LAS,44,28.4,12.8,8.0,2.1,0.187,0.596,0.134,
WNBA,2025,1627668,Breanna Stewart,1611661313,NYL,31,30.6,18.3,6.5,3.5,0.261,0.57,0.165,
WNBA,2025,1642788,Bree Hall,1611661325,IND,4,4.4,0.8,0.8,0.0,0.237,0.237,-0.197,
WNBA,2025,203829,Bria Hartley,1611661323,CON,38,22.8,8.9,2.0,3.1,0.201,0.505,0.062,
WNBA,2025,1629488,Brianna Turner,1611661325,IND,27,8.6,1.1,1.9,0.6,0.084,0.422,0.055,
WNBA,2025,1629524,Bridget Carleton,1611661324,MIN,44,27.9,6.5,3.6,2.0,0.109,0.538,0.064,
WNBA,2025,1628280,Brionna Jones,1611661330,ATL,44,26.6,12.8,7.3,2.2,0.201,0.581,0.143,
WNBA,2025,203398,Brittney Griner,1611661330,ATL,39,20.8,9.8,5.2,0.8,0.215,0.564,0.114,
WNBA,2025,1628279,Brittney Sykes,1611661328,SEA,39,30.6,14.1,3.2,4.0,0.237,0.497,0.091,
WNBA,2025,1642286,Caitlin Clark,1611661325,IND,13,31.0,16.5,5.0,8.8,0.287,0.491,0.131,
WNBA,2025,1642287,Cameron Brink,1611661320,LAS,19,12.9,5.1,4.3,0.5,0.198,0.526,0.09,
WNBA,2025,1642344,Camryn Taylor,1611661324,MIN,6,3.8,0.5,1.0,0.2,0.193,0.19,-0.122,
WNBA,2025,1642304,Carla Leite,1611661331,GSV,37,17.2,7.2,1.3,2.0,0.223,0.505,0.081,
WNBA,2025,1628508,Cecilia Zandalasini,1611661331,GSV,19,23.7,10.5,2.9,1.7,0.195,0.606,0.121,
WNBA,2025,203833,Chelsea Gray,1611661319,LVA,44,31.1,11.2,3.9,5.4,0.175,0.572,0.106,
WNBA,2025,204323,Cheyenne Parker-Tyus,1611661319,LVA,2,7.0,8.0,1.0,0.0,0.353,0.752,0.162,
WNBA,2025,1631064,Chloe Bibby,1611661325,IND,14,11.0,4.8,1.8,0.5,0.172,0.568,0.097,
WNBA,2025,1631090,Christyn Williams,1611661321,DAL,4,11.2,4.3,1.0,0.8,0.194,0.456,0.033,
WNBA,2025,202664,Courtney Vandersloot,1611661329,CHI,7,27.2,10.6,3.1,5.3,0.178,0.516,0.112,
WNBA,2025,1627675,Courtney Williams,1611661324,MIN,44,28.6,13.6,4.9,6.2,0.249,0.496,0.136,
WNBA,2025,204325,Crystal Bradford,1611661319,LVA,4,6.0,1.0,1.3,0.3,0.121,0.333,0.032,
WNBA,2025,203024,Damiris Dantas,1611661325,IND,38,11.5,4.6,2.4,0.7,0.209,0.453,0.054,
WNBA,2025,1630389,Dana Evans,1611661319,LVA,44,17.7,6.6,1.1,2.2,0.191,0.488,0.069,
WNBA,2025,201886,DeWanna Bonner,1611661317,PHX,33,23.6,9.8,4.2,1.2,0.181,0.551,0.116,
WNBA,2025,204324,Dearica Hamby,1611661320,LAS,44,31.2,18.4,7.9,3.3,0.246,0.605,0.145,
WNBA,2025,1630096,DiJonai Carrington,1611661324,MIN,31,21.9,9.8,4.0,1.5,0.231,0.484,0.069,
WNBA,2025,1641649,Diamond Miller,1611661321,DAL,40,10.9,4.0,1.3,0.8,0.178,0.519,0.043,
WNBA,2025,1642798,Dominique Malonga,1611661328,SEA,42,14.3,7.7,4.6,0.9,0.239,0.566,0.138,
WNBA,2025,1642295,Elizabeth Kitley,1611661319,LVA,12,8.2,1.3,1.4,0.1,0.142,0.314,-0.012,
WNBA,2025,204322,Elizabeth Williams,1611661329,CHI,43,21.1,8.5,5.2,1.8,0.201,0.502,0.12,
WNBA,2025,1631083,Emily Engstler,1611661322,WAS,40,12.8,3.7,3.3,1.5,0.157,0.487,0.102,
WNBA,2025,1628242,Emma Cannon,1611661320,LAS,21,10.1,4.4,1.8,0.4,0.178,0.636,0.077,
WNBA,2025,203416,Emma Meesseman,1611661313,NYL,17,25.9,13.4,5.1,3.2,0.221,0.65,0.166,
WNBA,2025,204365,Erica Wheeler,1611661328,SEA,44,25.6,10.3,2.7,3.3,0.197,0.515,0.087,
WNBA,2025,1629496,Ezi Magbegor,1611661328,SEA,44,27.3,8.0,6.2,2.1,0.136,0.547,0.1,
WNBA,2025,1628931,Gabby Williams,1611661328,SEA,44,31.6,11.6,4.3,4.2,0.186,0.508,0.114,
WNBA,2025,1641658,Grace Berger,1611661321,DAL,19,22.0,3.4,3.3,3.1,0.118,0.335,0.046,
WNBA,2025,1642817,Hailey Van Lith,1611661329,CHI,29,12.4,3.5,1.1,1.6,0.192,0.416,0.048,
WNBA,2025,1641650,Haley Jones,1611661321,DAL,28,21.2,7.3,3.5,2.3,0.178,0.501,0.072,
WNBA,2025,203863,Haley Peters,1611661323,CON,33,11.5,2.1,2.2,0.8,0.126,0.388,0.032,
WNBA,2025,1630387,Iliana Rupert,1611661331,GSV,21,23.2,9.3,3.9,1.6,0.172,0.609,0.103,
WNBA,2025,204330,Isabelle Harrison,1611661313,NYL,34,10.6,4.9,2.6,0.7,0.211,0.546,0.114,
WNBA,2025,1642808,JJ Quinerly,1611661321,DAL,34,15.9,6.5,1.9,2.3,0.2,0.529,0.074,
WNBA,2025,1629498,Jackie Young,1611661319,LVA,44,30.4,16.5,4.5,5.1,0.231,0.596,0.144,
WNBA,2025,1642292,Jacy Sheldon,1611661322,WAS,30,23.6,7.5,1.9,1.9,0.136,0.593,0.065,
WNBA,2025,1631141,Jade Melbourne,1611661322,WAS,43,23.4,5.9,1.9,2.9,0.142,0.496,0.049,
WNBA,2025,1642240,Jaelyn Brown,1611661323,CON,10,13.1,3.7,1.2,0.1,0.141,0.488,0.019,
WNBA,2025,1642767,Janelle Salaun,1611661331,GSV,36,27.0,11.3,5.1,1.2,0.205,0.523,0.097,
WNBA,2025,1642320,Jaylyn Sherrod,1611661324,MIN,26,5.5,1.2,0.6,0.5,0.136,0.445,0.031,
WNBA,2025,1629491,Jessica Shepard,1611661324,MIN,40,20.9,8.0,7.3,2.6,0.16,0.634,0.163,
WNBA,2025,204319,Jewell Loyd,1611661319,LVA,44,28.3,11.2,3.2,1.8,0.179,0.536,0.077,
WNBA,2025,1627673,Jonquel Jones,1611661313,NYL,31,26.8,13.6,8.1,2.7,0.223,0.611,0.15,
WNBA,2025,1628886,Jordin Canada,1611661330,ATL,28,28.0,11.2,3.3,5.7,0.208,0.498,0.118,
WNBA,2025,1630115,Joyner Holmes,1611661319,LVA,6,4.8,1.2,1.0,0.0,0.233,0.292,-0.06,
WNBA,2025,1627700,Julie Allemand,1611661320,LAS,34,28.3,5.4,3.7,5.0,0.099,0.547,0.084,
WNBA,2025,1642210,Julie Vanloo,1611661320,LAS,35,12.8,2.8,0.9,1.9,0.156,0.429,0.026,
WNBA,2025,1627674,Kahleah Copper,1611661317,PHX,28,26.9,15.6,2.9,1.5,0.27,0.548,0.086,
WNBA,2025,1630097,Kaila Charles,1611661331,GSV,35,17.6,6.4,4.3,1.0,0.175,0.532,0.1,
WNBA,2025,1642822,Kaitlyn Chen,1611661331,GSV,24,10.3,2.0,0.9,1.0,0.12,0.452,0.041,
WNBA,2025,1629480,Kalani Brown,1611661317,PHX,29,12.8,5.1,4.0,0.6,0.154,0.664,0.135,
WNBA,2025,1630154,Kamiah Smalls,1611661330,ATL,3,1.1,0.0,0.0,0.0,0.0,0.0,0.0,
WNBA,2025,1642289,Kamilla Cardoso,1611661329,CHI,40,27.6,13.6,8.5,2.5,0.225,0.565,0.138,
WNBA,2025,1642773,Kariata Diaby,1611661323,CON,13,8.0,1.9,1.0,0.4,0.133,0.62,0.024,
WNBA,2025,1628317,Karlie Samuelson,1611661324,MIN,16,14.2,3.3,1.3,1.1,0.115,0.55,0.043,
WNBA,2025,1642324,Kate Martin,1611661331,GSV,42,16.4,6.2,2.7,1.0,0.202,0.459,0.07,
WNBA,2025,1628957,Kathryn Westbeld,1611661317,PHX,43,18.4,5.1,2.5,0.9,0.137,0.482,0.064,
WNBA,2025,203825,Kayla McBride,1611661324,MIN,39,31.3,14.2,2.3,3.5,0.197,0.584,0.102,
WNBA,2025,203866,Kayla Thornton,1611661331,GSV,22,30.1,14.0,7.0,1.5,0.227,0.493,0.112,
WNBA,2025,1628909,Kelsey Mitchell,1611661325,IND,44,31.4,20.2,1.8,3.4,0.264,0.574,0.119,
WNBA,2025,1628276,Kelsey Plum,1611661320,LAS,43,35.1,19.5,3.1,5.7,0.246,0.578,0.112,
WNBA,2025,1629568,Kennedy Burke,1611661313,NYL,36,21.6,8.1,2.4,1.3,0.155,0.602,0.089,
WNBA,2025,1628915,Kia Nurse,1611661329,CHI,44,21.9,7.2,2.3,1.3,0.165,0.496,0.046,
WNBA,2025,204329,Kiah Stokes,1611661319,LVA,40,12.9,1.1,3.6,0.4,0.06,0.404,0.071,
WNBA,2025,1630461,Kiana Williams,1611661317,PHX,11,9.7,4.1,1.0,0.9,0.198,0.539,0.094,
WNBA,2025,1631006,Kierstan Bell,1611661319,LVA,35,12.2,4.2,1.8,0.7,0.183,0.455,0.064,
WNBA,2025,1642792,Kiki Iriafen,1611661322,WAS,44,26.9,13.3,8.5,1.6,0.231,0.548,0.134,
WNBA,2025,1629490,Kitija Laksa,1611661317,PHX,33,19.0,5.9,1.2,0.6,0.144,0.505,0.038,
WNBA,2025,1642768,Kyara Linskens,1611661331,GSV,4,6.7,1.0,1.5,0.3,0.106,0.4,0.014,
WNBA,2025,1643154,Kyra Lambert,1611661325,IND,1,0.1,0.0,0.0,0.0,0.0,0.0,0.0,
WNBA,2025,1641656,Laeticia Amihere,1611661331,GSV,29,13.3,5.4,4.3,0.9,0.197,0.55,0.141,
WNBA,2025,1642303,Leila Lacan,1611661323,CON,25,26.6,10.4,2.4,3.7,0.185,0.548,0.102,
WNBA,2025,1630142,Leonie Fiebich,1611661313,NYL,37,28.1,8.7,3.5,1.7,0.127,0.646,0.079,
WNBA,2025,1631118,Lexi Held,1611661317,PHX,32,14.7,5.3,1.1,1.1,0.182,0.489,0.058,
WNBA,2025,1628882,Lexie Brown,1611661328,SEA,24,9.4,2.1,0.7,1.0,0.114,0.487,0.053,
WNBA,2025,1631086,Lexie Hull,1611661325,IND,44,27.0,7.2,4.3,1.8,0.129,0.503,0.066,
WNBA,2025,1629574,Li Yueru,1611661321,DAL,31,16.8,6.0,4.5,0.9,0.167,0.534,0.089,
WNBA,2025,1642820,Liatu King,1611661321,DAL,14,9.7,2.7,2.1,0.3,0.133,0.565,0.048,
WNBA,2025,1628263,Lindsay Allen,1611661323,CON,31,14.5,2.4,1.0,2.0,0.105,0.493,0.046,
WNBA,2025,1642802,Lucy Olsen,1611661322,WAS,41,12.4,4.0,1.2,1.2,0.157,0.496,0.066,
WNBA,2025,1630143,Luisa Geiselsoder,1611661321,DAL,28,22.4,6.9,4.8,1.6,0.144,0.522,0.084,
WNBA,2025,1642307,Mackenzie Holmes,1611661328,SEA,10,5.8,1.0,0.9,0.2,0.056,0.714,0.081,
WNBA,2025,1641652,Maddy Siegrist,1611661321,DAL,26,27.0,12.7,4.3,0.8,0.184,0.56,0.096,
WNBA,2025,1642818,Maddy Westbeld,1611661329,CHI,26,13.6,4.1,2.4,0.9,0.165,0.478,0.06,
WNBA,2025,1642810,Madison Scott,1611661322,WAS,9,5.2,1.6,0.1,0.2,0.126,0.549,0.021,
WNBA,2025,1642815,Makayla Timpson,1611661325,IND,31,7.1,2.6,1.8,0.0,0.155,0.595,0.122,
WNBA,2025,1642841,Mamignan Toure,1611661323,CON,18,8.2,2.0,0.4,0.5,0.135,0.462,0.01,
WNBA,2025,1628926,Maria Kliundikova,1611661324,MIN,34,11.0,4.4,3.0,0.6,0.183,0.539,0.116,
WNBA,2025,1629497,Marina Mabrey,1611661323,CON,35,31.5,14.4,4.2,4.0,0.248,0.477,0.082,
WNBA,2025,1629546,Marine Johannes,1611661313,NYL,44,18.3,6.4,1.9,1.6,0.17,0.54,0.07,
WNBA,2025,1642763,Marième Badiane,1611661324,MIN,3,3.6,0.0,0.3,0.0,0.185,0.0,-0.315,
WNBA,2025,1642301,Marquesha Davis,1611661329,CHI,11,4.7,0.9,0.6,0.1,0.16,0.382,-0.004,
WNBA,2025,1630471,Maya Caldwell,1611661330,ATL,41,18.5,5.4,3.1,1.8,0.14,0.542,0.086,
WNBA,2025,1629484,Megan DiLeo,1611661319,LVA,20,11.3,3.0,1.8,0.3,0.131,0.472,0.013,
WNBA,2025,1642799,Megan McConnell,1611661317,PHX,1,12.6,3.0,1.0,3.0,0.129,0.375,0.067,
WNBA,2025,1628920,Mercedes Russell,1611661320,LAS,20,8.2,1.7,1.2,0.6,0.108,0.513,0.065,
WNBA,2025,1630446,Michaela Onyenwere,1611661329,CHI,42,16.9,5.8,1.6,1.1,0.176,0.525,0.047,
WNBA,2025,1642777,Monique Akoa Makani,1611661317,PHX,41,21.5,7.7,2.2,2.7,0.167,0.556,0.079,
WNBA,2025,1628881,Monique Billings,1611661331,GSV,26,18.2,7.3,4.5,0.5,0.179,0.545,0.121,
WNBA,2025,1627669,Moriah Jefferson,1611661329,CHI,5,7.1,1.4,1.0,1.8,0.125,0.438,0.109,
WNBA,2025,1642774,Murjanatu Musa,1611661317,PHX,12,10.1,3.3,2.6,0.6,0.164,0.502,0.078,
WNBA,2025,1628899,Myisha Hines-Allen,1611661321,DAL,40,22.1,7.6,6.0,2.9,0.179,0.529,0.101,
WNBA,2025,1631019,NaLyssa Smith,1611661319,LVA,45,21.2,7.6,5.1,0.7,0.168,0.544,0.076,
WNBA,2025,1629483,Napheesa Collier,1611661324,MIN,33,32.3,22.9,7.3,3.2,0.278,0.636,0.195,
WNBA,2025,204333,Natasha Cloud,1611661313,NYL,41,29.0,10.1,3.7,5.1,0.171,0.546,0.097,
WNBA,2025,203827,Natasha Howard,1611661325,IND,44,24.1,11.4,6.6,1.5,0.208,0.595,0.129,
WNBA,2025,1630442,Natasha Mack,1611661317,PHX,34,18.3,4.7,5.8,0.9,0.108,0.569,0.119,
WNBA,2025,1629567,Natisha Hiedeman,1611661324,MIN,44,18.9,9.1,1.9,2.8,0.201,0.593,0.12,
WNBA,2025,1631044,Naz Hillmon,1611661330,ATL,44,25.5,8.6,6.2,2.4,0.148,0.583,0.116,
WNBA,2025,1628269,Nia Coffey,1611661330,ATL,44,10.3,3.9,2.6,1.0,0.19,0.503,0.108,
WNBA,2025,203014,Nneka Ogwumike,1611661328,SEA,44,30.9,18.3,7.0,2.3,0.245,0.6,0.159,
WNBA,2025,1631055,Nyara Sabally,1611661313,NYL,17,17.9,5.4,4.5,0.8,0.147,0.529,0.076,
WNBA,2025,203824,Odyssey Sims,1611661325,IND,24,27.9,10.1,2.4,3.8,0.178,0.506,0.08,
WNBA,2025,1631135,Olivia Nelson-Ododa,1611661323,CON,37,21.6,8.2,5.0,0.9,0.169,0.578,0.111,
WNBA,2025,1642784,Paige Bueckers,1611661321,DAL,36,33.3,19.2,3.9,5.4,0.241,0.567,0.145,
WNBA,2025,1627671,Rachel Banham,1611661329,CHI,44,24.6,9.0,1.7,2.7,0.174,0.544,0.067,
WNBA,2025,1630996,Rae Burrell,1611661320,LAS,28,18.4,7.5,2.3,1.2,0.179,0.531,0.077,
WNBA,2025,1642796,Rayah Marshall,1611661323,CON,15,6.0,1.7,1.7,0.3,0.171,0.4,0.061,
WNBA,2025,204296,Rebecca Allen,1611661329,CHI,44,18.7,5.1,2.6,1.3,0.151,0.444,0.054,
WNBA,2025,203822,Rebekah Gardner,1611661313,NYL,41,12.2,3.7,1.8,0.6,0.128,0.624,0.074,
WNBA,2025,1631009,Rhyne Howard,1611661330,ATL,33,34.9,17.5,4.5,4.6,0.229,0.524,0.115,
WNBA,2025,1642288,Rickea Jackson,1611661320,LAS,38,30.9,14.7,3.2,1.7,0.221,0.53,0.071,
WNBA,2025,1641641,Robyn Parks,1611661323,CON,6,10.5,0.3,1.5,0.3,0.039,0.2,0.016,
WNBA,2025,1629477,Sabrina Ionescu,1611661313,NYL,38,31.4,18.2,4.9,5.7,0.273,0.537,0.141,
WNBA,2025,1628244,Sami Whitcomb,1611661317,PHX,43,23.9,9.1,2.6,2.5,0.175,0.544,0.074,
WNBA,2025,1642790,Sania Feagin,1611661320,LAS,16,4.8,1.3,0.7,0.3,0.198,0.346,-0.021,
WNBA,2025,1642809,Saniya Rivers,1611661323,CON,42,26.1,8.8,2.8,2.7,0.173,0.495,0.087,
WNBA,2025,1642782,Sarah Ashlee Barker,1611661320,LAS,34,14.1,3.1,1.9,0.9,0.136,0.458,0.032,
WNBA,2025,1630149,Satou Sabally,1611661317,PHX,39,26.6,16.3,5.9,2.5,0.276,0.533,0.13,
WNBA,2025,1642813,Serena Sundell,1611661321,DAL,3,7.2,0.0,0.3,0.0,0.056,0.0,-0.085,
WNBA,2025,1642244,Sevgi Uzun,1611661329,CHI,25,17.6,3.1,1.2,2.5,0.147,0.382,0.027,
WNBA,2025,1631022,Shakira Austin,1611661322,WAS,38,23.0,12.7,6.4,1.8,0.283,0.506,0.138,
WNBA,2025,1628278,Shatori Walker-Kimbrough,1611661330,ATL,41,8.6,1.7,0.9,0.5,0.101,0.523,0.057,
WNBA,2025,203035,Shey Peddy,1611661325,IND,15,17.6,5.1,1.7,2.1,0.115,0.653,0.078,
WNBA,2025,1631021,Sika Kone,1611661330,ATL,19,4.5,1.4,1.0,0.3,0.16,0.487,0.074,
WNBA,2025,203400,Skylar Diggins,1611661328,SEA,43,31.2,15.5,2.5,6.0,0.235,0.536,0.115,
WNBA,2025,1642785,Sonia Citron,1611661322,WAS,44,32.1,14.9,4.0,2.4,0.195,0.609,0.119,
WNBA,2025,1629482,Sophie Cunningham,1611661325,IND,30,25.2,8.6,3.5,1.2,0.128,0.655,0.088,
WNBA,2025,203828,Stefanie Dolson,1611661322,WAS,43,15.2,3.7,2.3,1.4,0.122,0.534,0.059,
WNBA,2025,203855,Stephanie Talbot,1611661313,NYL,38,14.2,2.9,2.7,1.7,0.124,0.481,0.072,
WNBA,2025,1630134,Sug Sutton,1611661322,WAS,43,26.1,7.4,1.8,3.9,0.152,0.523,0.078,
WNBA,2025,202641,Sydney Colson,1611661325,IND,30,13.5,2.4,0.8,2.0,0.119,0.449,0.043,
WNBA,2025,1642814,Taylor Thierry,1611661330,ATL,17,2.1,0.4,0.4,0.1,0.163,0.235,0.031,
WNBA,2025,1642804,Te-Hina Paopao,1611661330,ATL,43,16.7,5.8,1.6,2.4,0.163,0.559,0.087,
WNBA,2025,1629479,Teaira McCowan,1611661321,DAL,17,12.9,5.6,4.6,0.6,0.171,0.596,0.128,
WNBA,2025,1627701,Temi Fagbenle,1611661331,GSV,39,23.7,7.4,4.9,1.6,0.156,0.544,0.087,
WNBA,2025,203026,Tiffany Hayes,1611661331,GSV,26,26.9,11.7,3.8,3.0,0.208,0.557,0.11,
WNBA,2025,1627676,Tiffany Mitchell,1611661328,SEA,39,13.1,3.2,1.1,0.3,0.127,0.514,0.026,
WNBA,2025,202250,Tina Charles,1611661323,CON,43,28.4,16.3,5.8,1.7,0.274,0.515,0.117,
WNBA,2025,1630112,Tyasha Harris,1611661321,DAL,5,16.5,4.6,1.0,2.6,0.111,0.609,0.103,
WNBA,2025,1631007,Veronica Burton,1611661331,GSV,44,29.4,11.9,4.4,6.0,0.194,0.561,0.14,
WNBA,2025,1628304,Yvonne Anderson,1611661324,MIN,1,12.4,0.0,1.0,2.0,0.094,0.0,-0.032,
WNBA,2025,1641660,Zia Cooke,1611661328,SEA,26,10.0,3.5,0.5,0.5,0.192,0.478,0.019,
