league,season,team_id,team_code,team_name,g,w,l,w_pct,fgm,fga,fg_pct,fg3m,fg3a,fg3_pct,ftm,fta,ft_pct,oreb,dreb,reb,ast,stl,blk,tov,pf,pts,min,off_rating,def_rating,net_rating,pace,poss,ts_pct,efg_pct,pie,orb_pct,drb_pct,tov_pct,ft_rate,opp_efg_pct,opp_tov_pct,opp_orb_pct,opp_ft_rate,opp_pts,opp_fgm,opp_fga,opp_ftm,opp_fta,opp_tov,opp_oreb,opp_dreb,source,srs,srs_off,srs_def,sos
WNBA,1997,1611661314,CHA,Charlotte Sting,28,15,13,0.536,719,1651,0.435,110,321,0.343,337,487,0.692,279,635,914,485,219,116,496.0,465,1885,1120.0,91.8,90.2,1.7,87.94,2053,0.505,0.469,0.533,0.339,0.662,0.242,0.295,0.436,0.226,0.338,0.301,1849.0,686.0,1707.0,359.0,513.0,464.0,287.0,597.0,nba_api:leaguedashteamstats,1.2187499999999991,-2.286458333333335,3.505208333333334,-0.0669642857142867
WNBA,1997,1611661315,CLE,Cleveland Rockers,28,15,13,0.536,725,1632,0.444,65,176,0.369,450,623,0.722,266,623,889,456,257,85,526.0,513,1965,1135.0,92.9,90.6,2.3,89.44,2116,0.515,0.464,0.533,0.352,0.659,0.249,0.382,0.449,0.233,0.341,0.311,1915.0,709.0,1714.0,375.0,533.0,493.0,307.0,560.0,nba_api:leaguedashteamstats,1.4375000000000036,0.8645833333333348,0.5729166666666687,-0.34821428571428226
WNBA,1997,1611661316,HOU,Houston Comets,28,18,10,0.643,699,1660,0.421,169,482,0.351,441,592,0.745,317,543,860,384,308,66,493.0,536,2008,1130.0,97.8,89.2,8.6,87.42,2058,0.523,0.472,0.56,0.38,0.622,0.24,0.356,0.445,0.261,0.378,0.334,1835.0,680.0,1630.0,384.0,545.0,538.0,296.0,557.0,nba_api:leaguedashteamstats,5.468750000000009,2.109375000000008,3.3593750000000004,-0.8526785714285623
WNBA,1997,1611661320,LAS,Los Angeles Sparks,28,14,14,0.5,799,1764,0.453,74,246,0.301,400,600,0.667,287,670,957,478,255,131,511.0,580,2072,1133.6,94.5,91.9,2.6,92.65,2192,0.511,0.474,0.536,0.355,0.64,0.233,0.34,0.428,0.226,0.36,0.354,2007.0,722.0,1800.0,465.0,637.0,494.0,326.0,592.0,nba_api:leaguedashteamstats,1.9375000000000062,5.322916666666663,-3.385416666666657,-0.2767857142857082
WNBA,1997,1611661313,NYL,New York Liberty,28,17,11,0.607,709,1717,0.413,93,339,0.274,402,605,0.664,320,600,920,485,289,116,536.0,556,1913,1135.0,89.4,86.3,3.1,90.44,2141,0.482,0.44,0.541,0.372,0.623,0.25,0.353,0.422,0.267,0.377,0.334,1844.0,661.0,1690.0,416.0,564.0,570.0,327.0,604.0,nba_api:leaguedashteamstats,2.093749999999999,-1.4114583333333295,3.5052083333333286,-0.2991071428571437
WNBA,1997,1611661317,PHO,Phoenix Mercury,28,16,12,0.571,649,1744,0.372,131,425,0.308,480,629,0.763,315,589,904,434,340,78,472.0,565,1909,1123.6,90.8,85.9,5.0,90.35,2109,0.472,0.411,0.547,0.36,0.648,0.224,0.361,0.444,0.28,0.352,0.363,1821.0,670.0,1608.0,392.0,583.0,594.0,270.0,644.0,nba_api:leaguedashteamstats,3.3124999999999996,-0.6145833333333375,3.927083333333337,-0.6875000000000004
WNBA,1997,1611661318,SAC,Sacramento Monarchs,28,10,18,0.357,714,1737,0.411,107,346,0.309,385,530,0.726,348,538,886,394,257,55,554.0,571,1920,1130.0,91.0,100.0,-9.0,90.01,2115,0.487,0.442,0.395,0.401,0.607,0.262,0.305,0.484,0.234,0.393,0.352,2122.0,783.0,1739.0,440.0,612.0,497.0,334.0,578.0,nba_api:leaguedashteamstats,-6.500000000000002,-0.31250000000000355,-6.187499999999998,0.9999999999999982
WNBA,1997,1611661319,UTA,Utah Starzz,28,7,21,0.25,667,1781,0.375,106,349,0.304,370,524,0.706,338,612,950,425,252,123,520.0,567,1810,1130.0,84.4,98.3,-13.9,91.05,2145,0.45,0.404,0.374,0.359,0.618,0.242,0.295,0.461,0.214,0.382,0.336,2106.0,777.0,1809.0,437.0,608.0,458.0,328.0,680.0,nba_api:leaguedashteamstats,-8.968750000000004,-3.6718749999999973,-5.296875000000005,1.5312499999999964
WNBA,1998,1611661314,CHA,Charlotte Sting,30,18,12,0.6,798,1855,0.43,105,377,0.279,442,624,0.708,304,677,981,512,273,96,457.0,507,2143,1200.0,96.1,91.6,4.5,89.42,2231,0.503,0.458,0.556,0.336,0.658,0.205,0.336,0.445,0.224,0.342,0.282,2051.0,780.0,1878.0,378.0,529.0,501.0,305.0,663.0,nba_api:leaguedashteamstats,1.970779220779228,0.5315146103896158,1.4392646103896123,-1.0958874458874388
WNBA,1998,1611661315,CLE,Cleveland Rockers,30,20,10,0.667,802,1716,0.467,106,279,0.38,483,631,0.765,227,649,876,574,270,99,528.0,598,2193,1215.0,97.3,93.1,4.1,89.3,2255,0.55,0.498,0.555,0.306,0.634,0.234,0.368,0.458,0.241,0.366,0.341,2110.0,776.0,1835.0,430.0,625.0,546.0,327.0,596.0,nba_api:leaguedashteamstats,2.4114718614718704,2.983712782587789,-0.5722409211159185,-0.4885281385281295
WNBA,1998,1611661321,DET,Detroit Shock,30,17,13,0.567,771,1875,0.411,97,300,0.323,448,638,0.702,345,732,1077,432,197,81,490.0,602,2087,1200.0,93.3,92.5,0.8,89.68,2237,0.484,0.437,0.499,0.358,0.685,0.219,0.34,0.441,0.199,0.315,0.322,2078.0,768.0,1869.0,429.0,602.0,447.0,282.0,667.0,nba_api:leaguedashteamstats,-0.0872294372294391,-1.0923045334295347,1.0050750962000956,-0.3872294372294391
WNBA,1998,1611661316,HOU,Houston Comets,30,27,3,0.9,795,1824,0.436,177,523,0.338,518,646,0.802,297,630,927,428,332,81,435.0,510,2285,1215.0,104.1,86.7,17.4,86.76,2195,0.542,0.484,0.637,0.346,0.64,0.198,0.354,0.434,0.255,0.36,0.261,1904.0,727.0,1800.0,340.0,470.0,560.0,324.0,630.0,nba_api:leaguedashteamstats,10.430086580086591,4.639733104858106,5.790353475228486,-2.136580086580075
WNBA,1998,1611661320,LAS,Los Angeles Sparks,30,12,18,0.4,797,1914,0.416,111,335,0.331,443,609,0.727,337,683,1020,472,229,148,510.0,675,2148,1205.0,93.6,95.5,-1.9,90.96,2295,0.492,0.445,0.48,0.357,0.641,0.222,0.318,0.442,0.212,0.359,0.365,2169.0,780.0,1898.0,490.0,693.0,481.0,337.0,663.0,nba_api:leaguedashteamstats,-0.5257575757575852,1.6551443602693547,-2.18090193602694,0.17424242424241476
WNBA,1998,1611661313,NYL,New York Liberty,30,18,12,0.6,758,1784,0.425,92,281,0.327,450,629,0.715,320,623,943,513,291,84,501.0,629,2058,1210.0,93.2,89.5,3.7,87.37,2208,0.499,0.451,0.544,0.36,0.681,0.227,0.353,0.449,0.244,0.319,0.369,1966.0,709.0,1693.0,445.0,625.0,537.0,272.0,620.0,nba_api:leaguedashteamstats,2.2071428571428564,-2.5169702380952454,4.724113095238102,-0.8595238095238105
WNBA,1998,1611661317,PHO,Phoenix Mercury,30,19,11,0.633,787,1856,0.424,130,405,0.321,513,709,0.724,327,614,941,543,288,86,483.0,595,2217,1215.0,98.5,90.2,8.3,88.83,2251,0.511,0.459,0.579,0.37,0.655,0.215,0.382,0.456,0.259,0.345,0.344,2025.0,758.0,1747.0,432.0,601.0,581.0,298.0,643.0,nba_api:leaguedashteamstats,5.457792207792217,3.11877110389611,2.3390211038961066,-0.9422077922077836
WNBA,1998,1611661318,SAC,Sacramento Monarchs,29,7,22,0.241,711,1754,0.405,71,276,0.257,344,519,0.663,318,587,905,449,255,101,511.0,615,1837,1165.0,87.0,95.4,-8.4,87.06,2112,0.463,0.426,0.414,0.37,0.65,0.242,0.296,0.451,0.23,0.35,0.393,2017.0,705.0,1680.0,502.0,661.0,486.0,297.0,624.0,nba_api:leaguedashteamstats,-4.24783549783551,-6.303672378547387,2.0558368807118765,1.2854978354978233
WNBA,1998,1611661319,UTA,Utah Starzz,30,8,22,0.267,777,1837,0.423,113,346,0.327,425,606,0.701,302,699,1001,481,221,170,543.0,638,2092,1210.0,90.7,99.6,-8.9,91.42,2308,0.497,0.454,0.429,0.324,0.652,0.235,0.331,0.463,0.192,0.348,0.349,2292.0,832.0,1942.0,493.0,678.0,442.0,336.0,685.0,nba_api:leaguedashteamstats,-5.578571428571437,0.26725595238095057,-5.845827380952388,1.121428571428563
WNBA,1998,1611661322,WAS,Washington Mystics,29,3,26,0.103,692,1749,0.396,112,414,0.271,390,603,0.647,315,577,892,379,249,85,612.0,661,1886,1165.0,83.8,103.2,-19.4,92.99,2251,0.468,0.428,0.29,0.342,0.631,0.272,0.346,0.499,0.216,0.369,0.403,2336.0,853.0,1822.0,519.0,734.0,489.0,314.0,681.0,nba_api:leaguedashteamstats,-12.037878787878789,-3.2831847643097603,-8.754694023569028,3.328787878787878
WNBA,1999,1611661314,CHA,Charlotte Sting,32,15,17,0.469,793,1805,0.439,108,369,0.293,410,535,0.766,268,685,953,568,233,97,469.0,560,2104,1285.0,95.8,97.2,-1.4,82.18,2196,0.516,0.469,0.531,0.33,0.659,0.214,0.296,0.459,0.2,0.341,0.272,2142.0,814.0,1920.0,378.0,522.0,440.0,318.0,626.0,nba_api:leaguedashteamstats,-1.787037037037039,-3.782804232804234,1.9957671957671952,-0.599537037037039
WNBA,1999,1611661315,CLE,Cleveland Rockers,32,7,25,0.219,746,1800,0.414,86,301,0.286,374,521,0.718,279,668,947,477,222,107,530.0,613,1952,1242.016667,88.1,97.3,-9.2,86.01,2219,0.481,0.438,0.427,0.339,0.654,0.239,0.29,0.465,0.204,0.346,0.323,2172.0,806.0,1877.0,427.0,606.0,455.0,318.0,657.0,nba_api:leaguedashteamstats,-5.953703703703724,-6.133994708994711,0.18029100529098763,0.3900462962962763
WNBA,1999,1611661321,DET,Detroit Shock,32,15,17,0.469,788,1965,0.401,119,332,0.358,535,763,0.701,320,673,993,461,237,96,482.0,723,2230,1295.483333,92.9,95.6,-2.7,88.91,2401,0.485,0.431,0.441,0.329,0.667,0.201,0.389,0.467,0.221,0.333,0.383,2293.0,829.0,1897.0,521.0,726.0,531.0,292.0,767.0,nba_api:leaguedashteamstats,-2.2592592592592506,1.2667989417989434,-3.526058201058194,-0.25925925925925064
WNBA,1999,1611661316,HOU,Houston Comets,32,26,6,0.813,841,1912,0.44,176,547,0.322,509,622,0.818,303,682,985,499,272,139,452.0,586,2367,1285.0,104.4,91.4,13.1,84.66,2267,0.541,0.486,0.619,0.351,0.631,0.199,0.325,0.422,0.217,0.369,0.29,2070.0,763.0,1954.0,419.0,566.0,491.0,350.0,621.0,nba_api:leaguedashteamstats,8.620370370370367,3.8066137566137526,4.813756613756613,-0.6608796296296333
WNBA,1999,1611661320,LAS,Los Angeles Sparks,32,20,12,0.625,887,2036,0.436,163,474,0.344,504,674,0.748,340,722,1062,580,236,124,482.0,691,2441,1292.15,101.5,96.1,5.4,89.45,2409,0.523,0.476,0.542,0.348,0.657,0.2,0.331,0.448,0.204,0.343,0.363,2313.0,816.0,1986.0,534.0,720.0,492.0,333.0,695.0,nba_api:leaguedashteamstats,4.3148148148148096,7.546693121693116,-3.231878306878307,0.22106481481480955
WNBA,1999,1611661324,MIN,Minnesota Lynx,32,15,17,0.469,748,1926,0.388,200,604,0.331,339,470,0.721,298,608,906,525,204,78,437.0,670,2035,1295.0,93.3,97.1,-3.7,80.71,2180,0.477,0.44,0.441,0.345,0.646,0.2,0.244,0.464,0.226,0.354,0.364,2111.0,749.0,1763.0,476.0,641.0,492.0,296.0,732.0,nba_api:leaguedashteamstats,-1.074074074074078,-6.237037037037034,5.162962962962956,1.300925925925922
WNBA,1999,1611661313,NYL,New York Liberty,32,18,14,0.563,784,1858,0.422,171,454,0.377,387,519,0.746,304,613,917,508,285,83,461.0,681,2126,1269.866667,96.4,92.4,4.0,83.35,2207,0.509,0.468,0.52,0.332,0.644,0.209,0.28,0.444,0.246,0.356,0.412,2036.0,703.0,1705.0,523.0,702.0,541.0,294.0,664.0,nba_api:leaguedashteamstats,1.1018518518518645,-2.12407407407406,3.2259259259259245,-1.3981481481481355
WNBA,1999,1611661323,ORL,Orlando Miracle,32,15,17,0.469,793,1869,0.424,155,461,0.336,465,672,0.692,329,637,966,467,297,93,521.0,648,2206,1290.0,96.1,96.9,-0.8,85.23,2295,0.51,0.466,0.484,0.361,0.621,0.227,0.36,0.472,0.234,0.379,0.321,2216.0,812.0,1892.0,431.0,608.0,534.0,340.0,664.0,nba_api:leaguedashteamstats,-1.148148148148155,-0.32050264550265695,-0.8276455026454981,-0.835648148148155
WNBA,1999,1611661317,PHO,Phoenix Mercury,32,15,17,0.469,761,1907,0.399,134,457,0.293,511,685,0.746,342,657,999,511,228,119,459.0,652,2167,1275.483333,96.2,96.0,0.2,85.01,2253,0.491,0.434,0.499,0.361,0.642,0.204,0.359,0.446,0.211,0.358,0.334,2174.0,791.0,1906.0,475.0,637.0,478.0,333.0,676.0,nba_api:leaguedashteamstats,0.5092592592592577,-1.641798941798943,2.1510582010582007,0.6655092592592577
WNBA,1999,1611661318,SAC,Sacramento Monarchs,32,19,13,0.594,849,2006,0.423,126,421,0.299,568,847,0.671,412,700,1112,500,328,123,508.0,614,2392,1280.0,99.0,93.3,5.6,90.67,2417,0.503,0.455,0.551,0.395,0.65,0.21,0.422,0.459,0.235,0.35,0.298,2258.0,829.0,1981.0,439.0,590.0,568.0,310.0,665.0,nba_api:leaguedashteamstats,4.2314814814814925,5.415740740740753,-1.1842592592592602,0.0439814814814925
WNBA,1999,1611661319,UTA,Utah Starzz,32,15,17,0.469,845,1950,0.433,107,363,0.295,570,742,0.768,344,717,1061,552,240,158,560.0,740,2367,1300.0,97.2,102.2,-5.1,89.52,2436,0.52,0.461,0.476,0.365,0.674,0.23,0.381,0.483,0.198,0.326,0.39,2467.0,860.0,1965.0,567.0,766.0,477.0,311.0,661.0,nba_api:leaguedashteamstats,-1.4351851851851691,5.8681216931217,-7.303306878306869,1.6898148148148309
WNBA,1999,1611661322,WAS,Washington Mystics,32,12,20,0.375,759,1794,0.423,100,345,0.29,482,679,0.71,312,701,1013,461,203,87,574.0,646,2100,1295.0,92.0,97.9,-5.9,84.84,2283,0.502,0.451,0.447,0.362,0.634,0.251,0.378,0.447,0.19,0.366,0.327,2246.0,825.0,1987.0,469.0,650.0,436.0,359.0,636.0,nba_api:leaguedashteamstats,-5.120370370370375,-3.6637566137566244,-1.4566137566137503,-0.5578703703703747
WNBA,2000,1611661314,CHA,Charlotte Sting,32,8,24,0.25,812,1903,0.427,131,386,0.339,431,577,0.747,305,630,935,551,222,90,496.0,713,2186,1295.0,95.5,106.0,-10.5,84.88,2289,0.507,0.461,0.412,0.346,0.634,0.217,0.303,0.491,0.186,0.366,0.371,2429.0,879.0,1930.0,533.0,716.0,426.0,326.0,664.0,nba_api:leaguedashteamstats,-7.616972301285902,-0.4665385804536051,-7.150433720832297,-0.023222301285901636
WNBA,2000,1611661315,CLE,Cleveland Rockers,32,17,15,0.531,788,1781,0.442,131,389,0.337,418,560,0.746,328,590,918,523,253,89,513.0,624,2125,1258.883333,98.3,94.2,4.1,82.61,2162,0.524,0.479,0.518,0.387,0.656,0.237,0.314,0.471,0.246,0.344,0.327,2045.0,748.0,1710.0,435.0,560.0,534.0,270.0,580.0,nba_api:leaguedashteamstats,0.6985974920480689,-1.4682263443474826,2.1668238363955514,-1.2701525079519311
WNBA,2000,1611661321,DET,Detroit Shock,32,14,18,0.438,868,1981,0.438,76,273,0.278,519,699,0.742,341,644,985,503,260,88,530.0,701,2331,1285.0,96.6,101.1,-4.5,89.95,2414,0.509,0.457,0.463,0.376,0.623,0.22,0.353,0.495,0.226,0.377,0.331,2428.0,906.0,1968.0,480.0,652.0,543.0,331.0,641.0,nba_api:leaguedashteamstats,-4.124693709202564,4.168641756532111,-8.293335465734675,-1.155943709202564
WNBA,2000,1611661316,HOU,Houston Comets,32,27,5,0.844,891,1894,0.47,172,491,0.35,521,634,0.822,273,724,997,494,284,104,440.0,554,2475,1295.0,109.1,90.8,18.4,84.21,2268,0.569,0.516,0.641,0.351,0.669,0.194,0.335,0.438,0.211,0.331,0.262,2066.0,786.0,1938.0,370.0,508.0,480.0,290.0,612.0,nba_api:leaguedashteamstats,12.057445633399157,7.940200857927701,4.117244775471455,-0.7238043666008434
WNBA,2000,1611661325,IND,Indiana Fever,32,9,23,0.281,796,1838,0.433,193,521,0.37,428,569,0.752,285,647,932,501,271,126,518.0,641,2213,1285.0,97.2,100.6,-3.4,85.04,2277,0.53,0.486,0.478,0.329,0.64,0.227,0.31,0.478,0.209,0.36,0.358,2290.0,839.0,1868.0,503.0,669.0,476.0,321.0,633.0,nba_api:leaguedashteamstats,-3.2970759500521756,0.36330663217967096,-3.6603825822318465,-0.8908259500521756
WNBA,2000,1611661320,LAS,Los Angeles Sparks,32,28,4,0.875,861,1956,0.44,150,452,0.332,545,693,0.786,308,783,1091,586,271,156,466.0,705,2417,1290.0,101.1,91.2,9.9,88.71,2390,0.535,0.479,0.606,0.329,0.681,0.195,0.354,0.426,0.204,0.319,0.353,2169.0,776.0,1963.0,495.0,692.0,486.0,300.0,678.0,nba_api:leaguedashteamstats,8.214367878887272,6.694901944777158,1.5194659341101135,0.4643678788872716
WNBA,2000,1611661326,MIA,Miami Sol,32,13,19,0.406,647,1774,0.365,85,310,0.274,452,664,0.681,365,595,960,415,272,88,524.0,707,1831,1295.0,84.8,92.5,-7.7,80.1,2159,0.443,0.389,0.394,0.39,0.661,0.243,0.374,0.462,0.244,0.339,0.374,2001.0,715.0,1676.0,454.0,627.0,528.0,275.0,648.0,nba_api:leaguedashteamstats,-6.174137448868194,-12.674271047901206,6.500133599033012,-0.8616374488681942
WNBA,2000,1611661324,MIN,Minnesota Lynx,32,15,17,0.469,770,1831,0.421,204,571,0.357,448,590,0.759,258,612,870,495,237,63,497.0,690,2192,1285.0,96.4,95.9,0.5,85.11,2275,0.524,0.476,0.486,0.31,0.65,0.218,0.323,0.476,0.24,0.35,0.399,2188.0,755.0,1758.0,514.0,702.0,548.0,300.0,677.0,nba_api:leaguedashteamstats,1.1533062269951282,0.07933680886237582,1.0739694181327524,0.9970562269951282
WNBA,2000,1611661313,NYL,New York Liberty,32,20,12,0.625,792,1815,0.436,135,396,0.341,429,567,0.757,288,652,940,476,246,102,474.0,617,2148,1285.0,98.0,92.5,5.5,82.05,2192,0.52,0.474,0.547,0.34,0.65,0.216,0.312,0.439,0.218,0.35,0.324,2035.0,741.0,1822.0,437.0,590.0,479.0,320.0,647.0,nba_api:leaguedashteamstats,2.728168816042343,-2.535188816610402,5.263357632652745,-0.8030811839576568
WNBA,2000,1611661323,ORL,Orlando Miracle,32,16,16,0.5,809,1862,0.434,142,417,0.341,377,523,0.721,312,591,903,460,240,129,469.0,562,2137,1259.966667,97.7,99.4,-1.6,83.32,2187,0.511,0.473,0.48,0.361,0.601,0.214,0.281,0.47,0.218,0.399,0.253,2173.0,830.0,1918.0,370.0,485.0,476.0,345.0,656.0,nba_api:leaguedashteamstats,-1.7951057347144084,-0.4962478571938469,-1.2988578775205615,-1.0138557347144084
WNBA,2000,1611661317,PHO,Phoenix Mercury,32,20,12,0.625,800,1796,0.445,122,392,0.311,513,661,0.776,275,619,894,463,284,91,429.0,630,2235,1283.916667,101.2,94.7,6.5,82.85,2212,0.535,0.48,0.564,0.335,0.623,0.194,0.367,0.46,0.239,0.377,0.314,2102.0,773.0,1828.0,421.0,574.0,530.0,334.0,635.0,nba_api:leaguedashteamstats,4.850458685554258,1.055552048628913,3.7949066369253455,0.4442086855542584
WNBA,2000,1611661327,POR,Portland Fire,32,10,22,0.313,761,1828,0.416,145,433,0.335,488,697,0.7,309,627,936,480,265,93,593.0,760,2155,1305.0,91.2,98.0,-6.8,86.64,2362,0.505,0.456,0.436,0.359,0.64,0.251,0.381,0.467,0.226,0.36,0.415,2303.0,788.0,1847.0,577.0,766.0,530.0,307.0,646.0,nba_api:leaguedashteamstats,-3.098623487538355,-0.952490540045841,-2.146132947492514,1.526376512461645
WNBA,2000,1611661318,SAC,Sacramento Monarchs,32,21,11,0.656,876,1993,0.44,142,459,0.309,449,650,0.691,388,650,1038,567,332,157,459.0,571,2343,1280.0,102.4,95.4,7.0,85.69,2289,0.514,0.475,0.567,0.401,0.626,0.201,0.326,0.46,0.23,0.374,0.284,2176.0,811.0,1918.0,410.0,544.0,524.0,320.0,631.0,nba_api:leaguedashteamstats,5.570845748865613,4.069672664773395,1.5011730840922182,0.35209574886561334
WNBA,2000,1611661328,SEA,Seattle Storm,32,6,26,0.188,667,1740,0.383,109,364,0.299,379,561,0.676,256,537,793,390,255,93,524.0,648,1822,1295.0,83.1,98.1,-15.0,81.66,2193,0.459,0.415,0.314,0.309,0.627,0.239,0.322,0.486,0.239,0.373,0.38,2171.0,778.0,1721.0,498.0,654.0,529.0,288.0,721.0,nba_api:leaguedashteamstats,-8.513129813478791,-11.776607187186508,3.263477373707717,2.393120186521209
WNBA,2000,1611661319,UTA,Utah Starzz,32,18,14,0.563,858,1896,0.453,88,262,0.336,609,790,0.771,348,732,1080,522,214,157,544.0,698,2413,1280.0,100.6,101.3,-0.7,89.51,2398,0.538,0.476,0.513,0.384,0.681,0.227,0.417,0.478,0.184,0.319,0.367,2407.0,860.0,1964.0,531.0,721.0,437.0,313.0,598.0,nba_api:leaguedashteamstats,1.0835109454974088,7.167571930401198,-6.08406098490379,0.8960109454974088
WNBA,2000,1611661322,WAS,Washington Mystics,32,14,18,0.438,832,1813,0.459,109,335,0.325,403,578,0.697,300,646,946,521,245,126,507.0,597,2176,1280.0,97.8,99.8,-2.0,83.46,2225,0.526,0.489,0.498,0.361,0.655,0.228,0.319,0.49,0.205,0.345,0.296,2221.0,845.0,1875.0,382.0,555.0,457.0,299.0,612.0,nba_api:leaguedashteamstats,-1.7369629821488624,-1.1696142703436294,-0.5673487118052329,-0.33071298214886236
WNBA,2001,1611661314,CHA,Charlotte Sting,32,18,14,0.563,746,1780,0.419,153,428,0.357,410,528,0.777,309,639,948,467,217,114,474.0,605,2055,1300.0,97.1,94.6,2.5,78.26,2116,0.511,0.462,0.523,0.38,0.616,0.224,0.297,0.427,0.211,0.384,0.304,2009.0,732.0,1846.0,431.0,562.0,447.0,344.0,567.0,nba_api:leaguedashteamstats,1.3884576846569354,-1.4919721328946576,2.880429817551593,-0.04904231534306458
WNBA,2001,1611661315,CLE,Cleveland Rockers,32,22,10,0.688,763,1770,0.431,106,335,0.316,371,503,0.738,297,662,959,503,267,83,444.0,532,2003,1285.0,96.5,85.9,10.6,77.68,2077,0.503,0.461,0.611,0.371,0.668,0.214,0.285,0.418,0.238,0.332,0.254,1788.0,664.0,1745.0,328.0,444.0,496.0,297.0,594.0,nba_api:leaguedashteamstats,5.772296360809007,-3.9037441264716337,9.676040487280641,-0.9777036391909926
WNBA,2001,1611661321,DET,Detroit Shock,32,10,22,0.313,774,1914,0.404,143,405,0.353,412,542,0.76,324,621,945,469,225,82,498.0,602,2103,1310.0,92.3,99.9,-7.6,83.36,2278,0.489,0.442,0.429,0.344,0.676,0.219,0.283,0.496,0.213,0.324,0.317,2269.0,848.0,1837.0,446.0,583.0,483.0,278.0,702.0,nba_api:leaguedashteamstats,-5.067141581585747,0.8900578639637491,-5.957199445549496,0.12035841841425299
WNBA,2001,1611661316,HOU,Houston Comets,32,19,13,0.594,747,1908,0.392,138,435,0.317,415,539,0.77,349,708,1057,426,251,95,437.0,509,2047,1290.0,94.5,91.5,3.0,80.87,2167,0.477,0.428,0.521,0.368,0.676,0.202,0.282,0.433,0.199,0.324,0.268,1994.0,740.0,1883.0,362.0,504.0,434.0,299.0,683.0,nba_api:leaguedashteamstats,1.4224725792935171,-2.9290581123424992,4.351530691636016,-0.23377742070648289
WNBA,2001,1611661325,IND,Indiana Fever,32,10,22,0.313,762,1822,0.418,157,446,0.352,470,589,0.798,287,649,936,458,242,118,491.0,600,2151,1295.0,96.1,99.6,-3.5,83.38,2241,0.517,0.461,0.465,0.329,0.646,0.219,0.324,0.484,0.206,0.354,0.307,2249.0,853.0,1899.0,412.0,583.0,466.0,305.0,661.0,nba_api:leaguedashteamstats,-2.9261285748316572,2.4210329631685497,-5.347161538000207,0.07387142516834277
WNBA,2001,1611661320,LAS,Los Angeles Sparks,32,28,4,0.875,916,2031,0.451,160,436,0.367,449,594,0.756,350,755,1105,596,281,138,438.0,616,2441,1295.0,105.3,93.6,11.6,85.84,2319,0.532,0.49,0.591,0.372,0.687,0.189,0.292,0.441,0.196,0.313,0.276,2166.0,779.0,1985.0,416.0,547.0,453.0,294.0,627.0,nba_api:leaguedashteamstats,8.198301842204522,10.778988215231616,-2.580686373027093,-0.39544815779547804
WNBA,2001,1611661326,MIA,Miami Sol,32,20,12,0.625,754,1826,0.413,93,295,0.315,356,469,0.759,294,649,943,467,300,153,449.0,602,1957,1315.0,91.7,88.7,3.0,78.02,2135,0.481,0.438,0.544,0.334,0.654,0.21,0.257,0.428,0.24,0.346,0.341,1898.0,679.0,1725.0,420.0,588.0,513.0,303.0,665.0,nba_api:leaguedashteamstats,1.5552779446614569,-5.024516694871498,6.579794639532955,-0.28847205533854314
WNBA,2001,1611661324,MIN,Minnesota Lynx,32,12,20,0.375,671,1810,0.371,176,552,0.319,557,725,0.768,307,694,1001,437,210,127,507.0,696,2075,1295.0,91.7,94.8,-3.2,84.14,2266,0.487,0.419,0.454,0.339,0.651,0.224,0.402,0.43,0.207,0.349,0.324,2156.0,752.0,1927.0,499.0,624.0,470.0,329.0,688.0,nba_api:leaguedashteamstats,-1.8421187253053173,-0.968013351792429,-0.8741053735128883,0.6266312746946827
WNBA,2001,1611661313,NYL,New York Liberty,32,21,11,0.656,833,1828,0.456,160,421,0.38,336,500,0.672,255,660,915,553,265,82,436.0,616,2162,1280.0,99.0,95.4,3.6,81.84,2183,0.528,0.499,0.549,0.304,0.657,0.2,0.274,0.461,0.227,0.343,0.364,2082.0,744.0,1759.0,461.0,640.0,496.0,305.0,679.0,nba_api:leaguedashteamstats,2.187325208187471,2.0001625622721146,0.18716264591535614,-0.3126747918125292
WNBA,2001,1611661323,ORL,Orlando Miracle,32,13,19,0.406,768,1912,0.402,174,531,0.328,430,587,0.733,357,612,969,451,320,124,532.0,643,2140,1290.0,93.5,96.6,-3.1,85.06,2289,0.493,0.447,0.451,0.373,0.639,0.232,0.307,0.483,0.239,0.361,0.33,2205.0,806.0,1831.0,436.0,605.0,545.0,316.0,659.0,nba_api:leaguedashteamstats,-1.8565532046738884,1.8414637214400091,-3.6980169261138975,0.1746967953261116
WNBA,2001,1611661317,PHO,Phoenix Mercury,32,13,19,0.406,767,1894,0.405,101,313,0.323,429,587,0.731,300,642,942,514,292,138,519.0,625,2064,1290.0,90.1,95.0,-4.9,85.12,2291,0.479,0.432,0.456,0.342,0.63,0.227,0.31,0.451,0.226,0.37,0.309,2169.0,785.0,1892.0,462.0,584.0,517.0,333.0,698.0,nba_api:leaguedashteamstats,-2.9637729487209747,-1.4778273274605804,-1.4859456212603943,0.31747705127902526
WNBA,2001,1611661327,POR,Portland Fire,32,11,21,0.344,733,1891,0.388,172,519,0.331,450,612,0.735,300,696,996,451,244,106,500.0,633,2088,1305.0,90.2,95.3,-5.1,85.06,2314,0.483,0.433,0.444,0.308,0.642,0.216,0.324,0.448,0.205,0.358,0.337,2202.0,791.0,1944.0,461.0,656.0,474.0,343.0,763.0,nba_api:leaguedashteamstats,-3.1722913497091128,-0.369069979136337,-2.8032213705727758,0.39020865029088725
WNBA,2001,1611661318,SAC,Sacramento Monarchs,32,20,12,0.625,837,1974,0.424,163,423,0.385,457,618,0.739,374,723,1097,558,276,158,494.0,588,2294,1305.0,99.0,92.4,6.6,85.2,2318,0.511,0.465,0.564,0.378,0.648,0.213,0.313,0.43,0.208,0.352,0.289,2139.0,804.0,2003.0,415.0,578.0,481.0,343.0,662.0,nba_api:leaguedashteamstats,4.393354984967718,5.906704570265777,-1.5133495852980596,-0.4503950150322824
WNBA,2001,1611661328,SEA,Seattle Storm,32,10,22,0.313,689,1821,0.378,128,412,0.311,415,606,0.685,306,585,891,412,273,127,431.0,605,1921,1310.0,89.0,95.2,-6.2,78.98,2159,0.46,0.414,0.413,0.325,0.63,0.2,0.333,0.466,0.241,0.37,0.319,2048.0,753.0,1750.0,417.0,559.0,519.0,296.0,756.0,nba_api:leaguedashteamstats,-3.359274227816459,-5.803601775776893,2.444327547960434,0.6094757721835409
WNBA,2001,1611661319,UTA,Utah Starzz,32,19,13,0.594,811,1849,0.439,78,244,0.32,507,675,0.751,295,775,1070,524,202,156,493.0,622,2207,1295.0,96.1,96.5,-0.4,84.66,2296,0.514,0.46,0.53,0.347,0.67,0.215,0.365,0.431,0.172,0.33,0.334,2192.0,789.0,1976.0,489.0,660.0,390.0,344.0,630.0,nba_api:leaguedashteamstats,0.641509663268085,3.2352543843881385,-2.5937447211200535,0.172759663268085
WNBA,2001,1611661322,WAS,Washington Mystics,32,10,22,0.313,739,1915,0.386,117,418,0.28,331,502,0.659,356,699,1055,424,257,127,495.0,537,1926,1300.0,86.4,92.7,-6.3,82.52,2231,0.451,0.416,0.437,0.339,0.656,0.222,0.263,0.444,0.203,0.344,0.24,2075.0,791.0,1945.0,347.0,467.0,454.0,331.0,737.0,nba_api:leaguedashteamstats,-4.371715655405563,-5.105860779983426,0.7341451245778639,0.22203434459443727
WNBA,2002,1611661314,CHA,Charlotte Sting,32,18,14,0.563,770,1790,0.43,211,527,0.4,490,663,0.739,302,653,955,496,241,105,408.0,647,2241,1289.995,104.4,99.4,5.0,79.83,2146,0.538,0.489,0.524,0.35,0.652,0.19,0.37,0.467,0.198,0.348,0.331,2133.0,778.0,1807.0,444.0,598.0,424.0,295.0,620.0,nba_api:leaguedashteamstats,2.7412891891908835,2.863275343118549,-0.12198615392766543,-0.6337108108091165
WNBA,2002,1611661315,CLE,Cleveland Rockers,32,10,22,0.313,755,1810,0.417,120,373,0.322,428,549,0.78,294,668,962,478,220,83,449.0,564,2058,1302.666667,95.1,97.9,-2.7,79.9,2164,0.502,0.45,0.482,0.34,0.688,0.207,0.304,0.475,0.196,0.312,0.285,2127.0,792.0,1822.0,395.0,519.0,426.0,276.0,635.0,nba_api:leaguedashteamstats,-2.104191180643675,-2.529082292054198,0.42489111141052316,0.05205881935632517
WNBA,2002,1611661321,DET,Detroit Shock,32,9,23,0.281,766,1919,0.399,110,364,0.302,472,650,0.726,360,719,1079,478,201,132,541.0,609,2114,1290.0,91.2,97.7,-6.5,86.25,2317,0.479,0.428,0.455,0.38,0.66,0.233,0.339,0.454,0.191,0.34,0.305,2266.0,828.0,1984.0,464.0,605.0,443.0,314.0,669.0,nba_api:leaguedashteamstats,-4.749340635750954,-1.2521712541048733,-3.4971693816460814,0.0006593642490457796
WNBA,2002,1611661316,HOU,Houston Comets,32,24,8,0.75,755,1778,0.425,109,332,0.328,453,585,0.774,299,702,1001,450,260,126,455.0,467,2072,1285.0,96.0,87.3,8.6,80.78,2159,0.509,0.455,0.598,0.334,0.662,0.211,0.329,0.415,0.214,0.338,0.24,1892.0,705.0,1880.0,331.0,452.0,464.0,309.0,664.0,nba_api:leaguedashteamstats,5.259609955619828,-3.9296755576286535,9.189285513248482,-0.3653900443801721
WNBA,2002,1611661325,IND,Indiana Fever,32,16,16,0.5,731,1824,0.401,180,542,0.332,455,580,0.784,314,633,947,447,268,100,438.0,559,2097,1285.0,96.9,98.3,-1.3,80.85,2163,0.504,0.45,0.498,0.342,0.643,0.202,0.318,0.487,0.217,0.357,0.277,2129.0,804.0,1817.0,359.0,503.0,470.0,288.0,643.0,nba_api:leaguedashteamstats,-1.0183345113417763,-2.44449816240333,1.4261636510615538,-0.018334511341776327
WNBA,2002,1611661320,LAS,Los Angeles Sparks,32,25,7,0.781,891,2002,0.445,194,515,0.377,474,643,0.737,329,814,1143,583,257,161,517.0,664,2450,1295.0,101.9,93.1,8.8,89.07,2406,0.536,0.494,0.577,0.361,0.682,0.215,0.322,0.43,0.189,0.318,0.318,2235.0,796.0,2040.0,480.0,649.0,453.0,314.0,645.0,nba_api:leaguedashteamstats,6.415186057698146,9.309792780207667,-2.894606722509521,-0.3660639423018539
WNBA,2002,1611661326,MIA,Miami Sol,32,15,17,0.469,774,1856,0.417,129,389,0.332,369,529,0.698,296,573,869,476,274,96,435.0,643,2046,1294.978333,94.2,96.3,-2.1,80.45,2172,0.49,0.452,0.468,0.336,0.643,0.2,0.285,0.47,0.237,0.357,0.357,2088.0,745.0,1722.0,469.0,614.0,515.0,278.0,693.0,nba_api:leaguedashteamstats,-1.1871131982163412,-3.431884165799606,2.244770967583265,0.1253868017836588
WNBA,2002,1611661324,MIN,Minnesota Lynx,32,10,22,0.313,727,1775,0.41,166,500,0.332,383,578,0.663,309,650,959,466,226,102,529.0,617,2003,1295.0,91.8,96.2,-4.5,80.97,2183,0.494,0.456,0.452,0.367,0.648,0.242,0.326,0.452,0.213,0.352,0.339,2104.0,747.0,1807.0,469.0,613.0,465.0,302.0,612.0,nba_api:leaguedashteamstats,-2.5873943145260494,-5.477297891512041,2.8899035769859918,0.5688556854739506
WNBA,2002,1611661313,NYL,New York Liberty,32,18,14,0.563,772,1740,0.444,145,400,0.363,399,566,0.705,260,609,869,496,261,100,458.0,638,2088,1289.983333,98.2,94.8,3.4,79.11,2127,0.525,0.485,0.534,0.34,0.638,0.215,0.326,0.442,0.225,0.362,0.372,2015.0,691.0,1733.0,484.0,645.0,478.0,312.0,649.0,nba_api:leaguedashteamstats,2.100596092630608,-2.6874553172791695,4.7880514099097775,-0.21190390736939202
WNBA,2002,1611661323,ORL,Orlando Miracle,32,16,16,0.5,808,1914,0.422,145,461,0.315,493,646,0.763,320,595,915,446,295,113,456.0,669,2254,1305.0,99.0,98.6,0.4,83.92,2276,0.513,0.46,0.482,0.345,0.604,0.2,0.338,0.474,0.237,0.396,0.359,2255.0,804.0,1862.0,491.0,668.0,541.0,362.0,684.0,nba_api:leaguedashteamstats,-0.2972119776165436,3.2414517676745223,-3.538663745291066,-0.2659619776165436
WNBA,2002,1611661317,PHO,Phoenix Mercury,32,11,21,0.344,793,1889,0.42,100,328,0.305,405,538,0.753,292,626,918,427,267,94,501.0,623,2091,1280.0,92.4,100.6,-8.2,85.16,2264,0.492,0.446,0.421,0.334,0.644,0.221,0.285,0.496,0.216,0.356,0.325,2291.0,850.0,1870.0,436.0,608.0,491.0,309.0,692.0,nba_api:leaguedashteamstats,-5.090730383046619,-2.0409565813880692,-3.0497738016585503,1.159269616953381
WNBA,2002,1611661327,POR,Portland Fire,32,16,16,0.5,829,1950,0.425,127,391,0.325,410,562,0.73,307,641,948,492,239,120,493.0,623,2195,1295.0,94.8,97.0,-2.2,85.45,2315,0.499,0.458,0.477,0.353,0.641,0.213,0.289,0.468,0.221,0.359,0.343,2227.0,819.0,1885.0,463.0,647.0,508.0,334.0,678.0,nba_api:leaguedashteamstats,-0.4961179384301819,1.0481712071065803,-1.5442891455367622,0.5038820615698181
WNBA,2002,1611661318,SAC,Sacramento Monarchs,32,14,18,0.438,780,1945,0.401,112,395,0.284,494,653,0.757,301,648,949,500,247,109,456.0,675,2166,1315.0,93.4,98.3,-4.9,84.9,2319,0.485,0.43,0.457,0.335,0.622,0.197,0.336,0.458,0.213,0.378,0.35,2294.0,815.0,1943.0,515.0,681.0,496.0,352.0,723.0,nba_api:leaguedashteamstats,-3.5080964009496944,0.14162906864109148,-3.649725469590786,0.49190359905030556
WNBA,2002,1611661328,SEA,Seattle Storm,32,17,15,0.531,794,1948,0.408,182,506,0.36,418,543,0.77,362,633,995,514,282,151,477.0,623,2188,1290.0,97.4,93.9,3.5,83.48,2247,0.5,0.454,0.509,0.371,0.641,0.212,0.279,0.459,0.237,0.359,0.323,2103.0,783.0,1818.0,435.0,587.0,531.0,307.0,661.0,nba_api:leaguedashteamstats,2.238158759163831,0.1631160437620931,2.0750427154017377,-0.4180912408361692
WNBA,2002,1611661319,UTA,Utah Starzz,32,20,12,0.625,843,1911,0.441,89,247,0.36,643,844,0.762,347,721,1068,478,228,178,522.0,665,2418,1290.0,100.3,98.5,1.8,89.12,2410,0.53,0.464,0.535,0.383,0.646,0.217,0.442,0.442,0.187,0.354,0.333,2344.0,851.0,2067.0,516.0,688.0,444.0,361.0,645.0,nba_api:leaguedashteamstats,2.0875660826524847,8.21812136371169,-6.130555281059205,-0.22493391734751533
WNBA,2002,1611661322,WAS,Washington Mystics,32,17,15,0.531,801,1899,0.422,163,440,0.37,356,475,0.749,329,703,1032,513,220,94,453.0,581,2121,1282.666667,96.6,95.6,1.0,82.27,2196,0.503,0.465,0.52,0.342,0.665,0.206,0.251,0.451,0.199,0.335,0.283,2104.0,781.0,1893.0,396.0,536.0,439.0,308.0,675.0,nba_api:leaguedashteamstats,0.19612440356604388,-1.1925363520522612,1.388660755618305,-0.3976255964339561
WNBA,2003,1611661314,CHA,Charlotte Sting,34,18,16,0.529,787,1881,0.418,187,517,0.362,456,590,0.773,342,629,971,499,279,115,497.0,697,2217,1370.0,99.6,98.8,0.8,77.94,2227,0.518,0.468,0.499,0.386,0.6,0.223,0.314,0.452,0.211,0.4,0.351,2195.0,790.0,1902.0,477.0,667.0,469.0,386.0,621.0,nba_api:leaguedashteamstats,0.4690370394056358,-3.5519470464105507,4.0209840858161865,-0.178021784123776
WNBA,2003,1611661315,CLE,Cleveland Rockers,34,17,17,0.5,815,1975,0.413,135,425,0.318,464,642,0.723,349,720,1069,517,226,86,466.0,639,2229,1365.0,96.5,95.3,1.2,81.35,2309,0.494,0.447,0.498,0.358,0.68,0.202,0.325,0.453,0.201,0.32,0.315,2210.0,809.0,1927.0,465.0,607.0,467.0,300.0,704.0,nba_api:leaguedashteamstats,0.395741634319279,-3.268506948747392,3.664248583066671,-0.16308189509248572
WNBA,2003,1611661323,CON,Connecticut Sun,34,18,16,0.529,864,2102,0.411,177,549,0.322,479,646,0.741,333,762,1095,520,270,111,434.0,663,2384,1375.0,97.9,98.5,-0.6,85.2,2435,0.5,0.453,0.493,0.327,0.65,0.178,0.307,0.452,0.195,0.35,0.32,2409.0,864.0,2104.0,509.0,673.0,476.0,366.0,812.0,nba_api:leaguedashteamstats,-0.4715262721963773,2.1883946561261105,-2.659920928322488,0.26376784545068155
WNBA,2003,1611661321,DET,Detroit Shock,34,25,9,0.735,902,2004,0.45,125,323,0.387,624,882,0.707,379,851,1230,545,263,158,608.0,605,2553,1380.0,99.4,93.6,5.8,89.2,2569,0.534,0.481,0.585,0.388,0.651,0.237,0.44,0.434,0.194,0.349,0.243,2395.0,911.0,2286.0,412.0,556.0,497.0,390.0,674.0,nba_api:leaguedashteamstats,3.824230626429685,7.144043508647806,-3.3198128822181205,-0.8228281970997271
WNBA,2003,1611661316,HOU,Houston Comets,34,20,14,0.588,828,1916,0.432,115,344,0.334,473,600,0.788,266,764,1030,465,231,129,450.0,490,2244,1364.991667,97.4,93.3,4.1,80.84,2303,0.515,0.462,0.553,0.313,0.684,0.195,0.313,0.448,0.187,0.316,0.221,2142.0,824.0,2030.0,325.0,448.0,430.0,298.0,708.0,nba_api:leaguedashteamstats,2.63841039845358,-2.614309047099648,5.252719445553228,-0.36158960154642017
WNBA,2003,1611661325,IND,Indiana Fever,34,16,18,0.471,839,2011,0.417,210,600,0.35,449,561,0.8,334,654,988,539,299,121,474.0,668,2337,1375.0,100.8,99.7,1.1,81.09,2318,0.518,0.469,0.493,0.367,0.644,0.204,0.28,0.48,0.22,0.356,0.334,2321.0,837.0,1908.0,490.0,638.0,512.0,309.0,677.0,nba_api:leaguedashteamstats,0.3566415243891683,0.5017157177017397,-0.14507419331257143,-0.11394671090494934
WNBA,2003,1611661320,LAS,Los Angeles Sparks,34,24,10,0.706,894,2140,0.418,174,528,0.33,537,678,0.792,336,813,1149,587,242,161,470.0,682,2499,1380.0,99.0,96.9,2.2,87.53,2523,0.512,0.458,0.528,0.324,0.674,0.186,0.317,0.449,0.186,0.326,0.327,2432.0,866.0,2147.0,504.0,702.0,468.0,316.0,789.0,nba_api:leaguedashteamstats,1.9072529189666323,6.061958009903404,-4.154705090936772,-0.06333531632748546
WNBA,2003,1611661324,MIN,Minnesota Lynx,34,18,16,0.529,875,1977,0.443,180,523,0.344,450,624,0.721,361,718,1079,580,241,101,558.0,634,2380,1370.0,99.5,98.3,1.1,84.14,2393,0.529,0.488,0.518,0.382,0.65,0.233,0.315,0.459,0.195,0.35,0.306,2370.0,878.0,2067.0,473.0,633.0,471.0,337.0,652.0,nba_api:leaguedashteamstats,0.2363383391187064,2.298975241593774,-2.0626369024750675,-0.05777930794011715
WNBA,2003,1611661313,NYL,New York Liberty,34,16,18,0.471,825,1923,0.429,181,500,0.362,410,535,0.766,271,686,957,527,262,128,470.0,587,2241,1370.0,97.4,97.7,-0.4,80.78,2303,0.519,0.476,0.502,0.307,0.646,0.204,0.279,0.459,0.208,0.354,0.297,2256.0,821.0,1959.0,459.0,581.0,480.0,326.0,736.0,nba_api:leaguedashteamstats,-0.3255201109569845,-2.1995282705596138,1.8740081596026292,0.05683283021948604
WNBA,2003,1611661317,PHO,Phoenix Mercury,34,8,26,0.235,801,2095,0.382,116,350,0.331,379,556,0.682,357,643,1000,461,310,111,479.0,664,2097,1385.0,87.6,94.5,-6.9,83.12,2394,0.448,0.41,0.411,0.339,0.648,0.2,0.265,0.483,0.254,0.352,0.335,2270.0,834.0,1867.0,466.0,626.0,610.0,303.0,811.0,nba_api:leaguedashteamstats,-4.4054091539528315,-6.420152079362669,2.0147429254098377,0.6828261401648152
WNBA,2003,1611661318,SAC,Sacramento Monarchs,34,19,15,0.559,862,2107,0.409,150,473,0.317,425,626,0.679,349,718,1067,568,297,122,461.0,641,2299,1365.0,95.1,92.0,3.2,84.87,2417,0.482,0.445,0.529,0.355,0.644,0.191,0.297,0.447,0.239,0.356,0.299,2216.0,816.0,1991.0,435.0,596.0,576.0,345.0,751.0,nba_api:leaguedashteamstats,2.0972345391331078,-0.6170173864296387,2.7142519255627464,-0.34394193145512775
WNBA,2003,1611661319,SAS,San Antonio Silver Stars,34,12,22,0.353,792,2068,0.383,93,315,0.295,538,736,0.731,350,795,1145,428,187,167,513.0,728,2215,1364.991667,89.1,98.0,-8.9,87.23,2485,0.463,0.405,0.411,0.335,0.637,0.206,0.356,0.433,0.171,0.363,0.342,2427.0,867.0,2176.0,544.0,745.0,424.0,389.0,783.0,nba_api:leaguedashteamstats,-4.95145623093563,-2.2669859851477936,-2.6844702457878364,1.2838378867114288
WNBA,2003,1611661328,SEA,Seattle Storm,34,18,16,0.529,890,2045,0.435,166,500,0.332,442,567,0.78,342,732,1074,548,232,138,465.0,644,2388,1370.0,100.9,96.5,4.4,82.72,2366,0.52,0.476,0.536,0.354,0.654,0.197,0.277,0.449,0.195,0.346,0.29,2274.0,844.0,2039.0,441.0,591.0,459.0,352.0,689.0,nba_api:leaguedashteamstats,2.3776291892164476,1.8200312465425785,0.5575979426738691,-0.9753119872541407
WNBA,2003,1611661322,WAS,Washington Mystics,34,9,25,0.265,896,2191,0.409,157,505,0.311,381,507,0.751,382,703,1085,568,213,99,462.0,676,2330,1375.0,96.2,103.1,-6.9,84.58,2423,0.483,0.445,0.427,0.355,0.651,0.191,0.231,0.489,0.193,0.349,0.34,2498.0,909.0,2033.0,509.0,691.0,468.0,334.0,781.0,nba_api:leaguedashteamstats,-4.148604441390411,0.9233283832419099,-5.071932824632321,0.7925720291978244
WNBA,2004,1611661314,CHA,Charlotte Sting,34,16,18,0.471,745,1744,0.427,166,459,0.362,434,588,0.738,256,616,872,426,210,134,479.0,648,2090,1380.0,95.7,99.1,-3.4,76.07,2186,0.522,0.475,0.459,0.319,0.6,0.219,0.338,0.448,0.2,0.4,0.304,2168.0,800.0,1932.0,438.0,587.0,437.0,368.0,628.0,nba_api:leaguedashteamstats,-2.3056680161943572,-6.151674056937231,3.8460060407428736,-0.07037389854729836
WNBA,2004,1611661323,CON,Connecticut Sun,34,18,16,0.529,876,2051,0.427,149,467,0.319,434,590,0.736,321,724,1045,572,299,96,462.0,610,2335,1380.0,97.6,96.2,1.4,83.27,2393,0.505,0.463,0.511,0.331,0.677,0.193,0.288,0.466,0.205,0.323,0.3,2304.0,858.0,1996.0,443.0,599.0,492.0,306.0,757.0,nba_api:leaguedashteamstats,0.43117408906882737,1.5334136623610313,-1.102239573292204,-0.48059061681352555
WNBA,2004,1611661321,DET,Detroit Shock,34,17,17,0.5,874,2097,0.417,62,209,0.297,554,790,0.701,397,773,1170,564,277,148,513.0,648,2364,1370.0,94.9,96.0,-1.1,87.1,2493,0.484,0.432,0.514,0.382,0.678,0.206,0.378,0.455,0.2,0.322,0.29,2381.0,860.0,2098.0,470.0,609.0,496.0,325.0,730.0,nba_api:leaguedashteamstats,-0.5161943319837672,2.85972945183475,-3.375923783818517,-0.0750178613955319
WNBA,2004,1611661316,HOU,Houston Comets,34,13,21,0.382,798,1933,0.413,123,358,0.344,458,615,0.745,311,724,1035,451,242,107,483.0,555,2177,1370.0,93.4,94.9,-1.5,81.67,2331,0.494,0.445,0.492,0.331,0.666,0.207,0.318,0.453,0.202,0.334,0.264,2211.0,834.0,2008.0,391.0,531.0,471.0,335.0,720.0,nba_api:leaguedashteamstats,-0.9244350761041353,-3.2167882992591808,2.2923532231550454,0.07556492389586467
WNBA,2004,1611661325,IND,Indiana Fever,34,15,19,0.441,791,2011,0.393,166,481,0.345,449,578,0.777,396,705,1101,555,261,134,486.0,639,2197,1370.0,95.9,97.4,-1.5,80.5,2291,0.485,0.435,0.481,0.388,0.674,0.212,0.288,0.464,0.202,0.326,0.373,2245.0,804.0,1865.0,516.0,695.0,466.0,281.0,688.0,nba_api:leaguedashteamstats,-1.516194331983849,-2.7069372148319832,1.1907428828481343,-0.13384139080737834
WNBA,2004,1611661320,LAS,Los Angeles Sparks,34,25,9,0.735,904,2069,0.437,157,414,0.379,530,722,0.734,312,809,1121,626,261,148,529.0,731,2495,1395.0,97.7,92.8,4.9,87.74,2555,0.523,0.475,0.559,0.32,0.673,0.207,0.349,0.431,0.206,0.327,0.363,2361.0,815.0,2095.0,557.0,761.0,523.0,339.0,727.0,nba_api:leaguedashteamstats,3.816891559698889,6.616068344551994,-2.7991767848531053,-0.12428491088934646
WNBA,2004,1611661324,MIN,Minnesota Lynx,34,18,16,0.529,767,1900,0.404,177,542,0.327,453,639,0.709,332,724,1056,526,257,139,613.0,660,2164,1370.0,90.2,91.9,-1.7,83.81,2400,0.496,0.45,0.476,0.357,0.664,0.255,0.337,0.431,0.211,0.336,0.339,2190.0,804.0,1972.0,490.0,669.0,502.0,323.0,713.0,nba_api:leaguedashteamstats,-0.502059577069415,-3.4637527822214724,2.9616932051520575,0.23323454057764392
WNBA,2004,1611661313,NYL,New York Liberty,34,18,16,0.529,819,1932,0.424,216,617,0.35,398,531,0.75,263,741,1004,539,209,124,506.0,587,2252,1380.0,95.5,97.7,-2.2,81.88,2357,0.52,0.48,0.487,0.307,0.65,0.215,0.275,0.445,0.183,0.35,0.276,2297.0,867.0,2096.0,431.0,579.0,430.0,371.0,730.0,nba_api:leaguedashteamstats,-1.5688259109311655,-0.9665863376389705,-0.602239573292195,-0.24529649916645968
WNBA,2004,1611661317,PHO,Phoenix Mercury,34,17,17,0.5,826,1922,0.43,192,519,0.37,456,598,0.763,264,652,916,501,282,137,464.0,748,2300,1365.0,98.4,95.2,3.2,82.36,2337,0.526,0.48,0.514,0.297,0.648,0.199,0.311,0.461,0.228,0.352,0.392,2235.0,784.0,1845.0,534.0,724.0,536.0,309.0,711.0,nba_api:leaguedashteamstats,1.9270259476433589,0.4227968769343988,1.50422907070896,0.01526124176100585
WNBA,2004,1611661318,SAC,Sacramento Monarchs,34,18,16,0.529,874,2072,0.422,129,365,0.353,435,604,0.72,389,635,1024,519,314,118,485.0,641,2312,1380.0,97.9,94.8,3.1,82.17,2361,0.494,0.453,0.52,0.393,0.648,0.205,0.292,0.472,0.251,0.352,0.337,2241.0,803.0,1872.0,474.0,631.0,593.0,310.0,676.0,nba_api:leaguedashteamstats,2.312833681041636,0.9935339991383918,1.319299681903244,0.2245983869239887
WNBA,2004,1611661319,SAS,San Antonio Silver Stars,34,9,25,0.265,812,1940,0.419,79,247,0.32,488,628,0.777,302,701,1003,493,272,106,513.0,628,2191,1375.0,92.4,99.8,-7.4,82.75,2372,0.494,0.439,0.45,0.321,0.651,0.216,0.324,0.486,0.208,0.349,0.282,2364.0,888.0,2003.0,416.0,564.0,492.0,324.0,710.0,nba_api:leaguedashteamstats,-4.1993212118416,-2.141400446477037,-2.057920765364563,0.8889140822760471
WNBA,2004,1611661328,SEA,Seattle Storm,34,20,14,0.588,873,2025,0.431,167,439,0.38,524,676,0.775,350,709,1059,552,302,131,499.0,665,2437,1365.0,101.2,94.2,6.9,84.61,2409,0.525,0.472,0.557,0.364,0.659,0.207,0.334,0.463,0.219,0.341,0.298,2264.0,851.0,1989.0,423.0,592.0,526.0,303.0,679.0,nba_api:leaguedashteamstats,4.876756984323574,4.653095420886025,0.22366156343754895,-0.21147830979407267
WNBA,2004,1611661322,WAS,Washington Mystics,34,17,17,0.5,873,2088,0.418,105,283,0.371,474,661,0.717,337,726,1063,467,255,128,424.0,652,2325,1370.0,96.7,98.1,-1.4,84.7,2405,0.489,0.443,0.473,0.326,0.66,0.176,0.317,0.465,0.202,0.34,0.341,2384.0,864.0,2013.0,510.0,686.0,492.0,336.0,770.0,nba_api:leaguedashteamstats,-1.831983805667992,1.5685013816592877,-3.4004851873272797,-0.09668968802093314
WNBA,2005,1611661314,CHA,Charlotte Sting,34,6,28,0.176,772,1913,0.404,104,301,0.346,447,624,0.716,316,609,925,493,284,113,535.0,727,2095,1385.0,90.0,99.9,-9.9,80.82,2327,0.479,0.431,0.408,0.35,0.616,0.23,0.326,0.484,0.228,0.384,0.378,2335.0,851.0,1888.0,509.0,713.0,534.0,355.0,700.0,nba_api:leaguedashteamstats,-6.336032388663939,-5.354340980656738,-0.981691408007201,0.7227911407478258
WNBA,2005,1611661323,CON,Connecticut Sun,34,26,8,0.765,916,2025,0.452,130,373,0.349,512,688,0.744,322,788,1110,573,236,130,452.0,624,2474,1360.0,101.9,93.5,8.4,85.22,2429,0.531,0.484,0.579,0.323,0.67,0.186,0.34,0.427,0.184,0.33,0.285,2244.0,835.0,2100.0,452.0,599.0,442.0,350.0,728.0,nba_api:leaguedashteamstats,5.821862348178137,5.52460638776428,0.2972559604138576,-0.9428435341748038
WNBA,2005,1611661321,DET,Detroit Shock,34,16,18,0.471,831,2060,0.403,76,238,0.319,509,774,0.658,412,803,1215,474,241,155,571.0,761,2247,1385.0,90.5,92.0,-1.5,86.11,2483,0.468,0.422,0.472,0.382,0.715,0.23,0.376,0.443,0.209,0.285,0.388,2287.0,784.0,1945.0,565.0,754.0,520.0,273.0,745.0,nba_api:leaguedashteamstats,-0.704453441295541,-0.8052181736392261,0.1007647323436851,0.47201714693975316
WNBA,2005,1611661316,HOU,Houston Comets,34,19,15,0.559,860,1920,0.448,62,205,0.302,525,688,0.763,276,684,960,467,246,105,425.0,581,2307,1375.0,99.5,97.8,1.7,80.88,2320,0.519,0.464,0.53,0.324,0.668,0.183,0.359,0.474,0.208,0.332,0.288,2263.0,848.0,1944.0,419.0,559.0,481.0,274.0,687.0,nba_api:leaguedashteamstats,1.129266755960662,0.13201901388495418,0.9972477420757078,-0.22367442050992636
WNBA,2005,1611661325,IND,Indiana Fever,34,21,13,0.618,784,1958,0.4,150,468,0.321,451,593,0.761,341,671,1012,493,336,95,477.0,668,2169,1385.0,94.1,92.0,2.1,80.11,2305,0.489,0.439,0.523,0.348,0.671,0.207,0.304,0.465,0.241,0.329,0.357,2133.0,775.0,1798.0,460.0,642.0,558.0,279.0,711.0,nba_api:leaguedashteamstats,0.9534412955465505,-3.8262708052181837,4.779712100764734,-0.13479399857109642
WNBA,2005,1611661320,LAS,Los Angeles Sparks,34,17,17,0.5,873,2042,0.428,124,387,0.32,456,630,0.724,321,683,1004,551,264,136,492.0,737,2326,1360.0,96.0,96.8,-0.7,85.5,2422,0.501,0.458,0.485,0.335,0.648,0.203,0.309,0.465,0.225,0.352,0.363,2345.0,818.0,1955.0,527.0,709.0,544.0,332.0,709.0,nba_api:leaguedashteamstats,-0.25519147506665885,1.2797087172943789,-1.5349001923610377,0.3036320543451059
WNBA,2005,1611661324,MIN,Minnesota Lynx,34,14,20,0.412,801,1946,0.412,172,492,0.35,435,599,0.726,310,715,1025,531,258,127,536.0,624,2209,1370.0,93.0,96.6,-3.6,83.14,2377,0.5,0.456,0.48,0.338,0.653,0.225,0.309,0.459,0.206,0.347,0.293,2288.0,862.0,2019.0,435.0,592.0,487.0,344.0,711.0,nba_api:leaguedashteamstats,-1.8653539776438137,-2.483524766473809,0.6181707888299952,0.3993519047091274
WNBA,2005,1611661313,NYL,New York Liberty,34,18,16,0.529,827,1858,0.445,208,604,0.344,452,552,0.819,242,730,972,496,214,112,462.0,612,2314,1385.0,101.2,99.3,1.9,79.54,2289,0.551,0.501,0.517,0.291,0.649,0.202,0.297,0.458,0.179,0.351,0.302,2285.0,859.0,2012.0,442.0,608.0,411.0,345.0,685.0,nba_api:leaguedashteamstats,0.795546558704439,1.061448493027422,-0.2659019343229829,-0.1162181471779139
WNBA,2005,1611661317,PHO,Phoenix Mercury,34,16,18,0.471,826,1994,0.414,178,539,0.33,531,693,0.766,342,720,1062,549,243,179,517.0,697,2361,1360.0,97.6,97.6,0.0,85.29,2420,0.514,0.459,0.511,0.351,0.653,0.214,0.348,0.459,0.2,0.347,0.361,2354.0,855.0,1993.0,523.0,720.0,483.0,319.0,705.0,nba_api:leaguedashteamstats,-0.05690834197197159,2.2834984393070874,-2.340406781279059,-0.26279069491314805
WNBA,2005,1611661318,SAC,Sacramento Monarchs,34,25,9,0.735,853,1986,0.43,129,360,0.358,494,721,0.685,369,674,1043,527,304,108,500.0,684,2329,1360.0,97.4,87.7,9.6,84.32,2392,0.506,0.462,0.583,0.368,0.677,0.209,0.363,0.443,0.261,0.323,0.358,2093.0,751.0,1823.0,478.0,653.0,622.0,273.0,694.0,nba_api:leaguedashteamstats,5.722448020369423,0.22851265984700664,5.493935360522416,-1.218728450218813
WNBA,2005,1611661319,SAS,San Antonio Silver Stars,34,7,27,0.206,764,1832,0.417,110,339,0.324,503,652,0.771,256,690,946,433,195,90,535.0,650,2141,1360.0,91.5,102.0,-10.4,82.84,2339,0.505,0.447,0.409,0.303,0.639,0.229,0.356,0.471,0.182,0.361,0.297,2401.0,898.0,2059.0,463.0,611.0,429.0,351.0,704.0,nba_api:leaguedashteamstats,-6.476584836264702,-4.036239588722221,-2.4403452475424805,1.1704739872647103
WNBA,2005,1611661328,SEA,Seattle Storm,34,20,14,0.588,906,2066,0.439,142,429,0.331,544,688,0.791,323,776,1099,520,201,158,516.0,657,2498,1365.0,100.4,96.9,3.5,87.4,2488,0.527,0.473,0.521,0.352,0.673,0.207,0.333,0.443,0.176,0.327,0.299,2407.0,892.0,2163.0,490.0,646.0,438.0,334.0,686.0,nba_api:leaguedashteamstats,2.1869392392324656,6.33961526845235,-4.152676029219885,-0.48953134900282835
WNBA,2005,1611661322,WAS,Washington Mystics,34,16,18,0.471,847,1968,0.43,181,510,0.355,388,546,0.711,266,677,943,517,260,76,435.0,697,2263,1380.0,96.8,98.3,-1.5,81.43,2338,0.512,0.476,0.471,0.293,0.693,0.186,0.277,0.485,0.215,0.307,0.346,2305.0,833.0,1872.0,489.0,648.0,504.0,267.0,757.0,nba_api:leaguedashteamstats,-0.9149797570850389,-0.3438146648672964,-0.5711650922177425,0.32031436056202
WNBA,2006,1611661314,CHA,Charlotte Sting,34,11,23,0.324,864,2178,0.397,176,544,0.324,552,777,0.71,347,747,1094,527,315,155,574.0,734,2456,1365.0,90.8,95.2,-4.4,95.03,2705,0.487,0.437,0.455,0.324,0.638,0.212,0.357,0.46,0.229,0.362,0.368,2571.0,911.0,2149.0,594.0,791.0,619.0,370.0,870.0,nba_api:leaguedashteamstats,-2.962711612711602,-2.8433665662669956,-0.11934504644460642,0.41964132846486857
WNBA,2006,1611661329,CHI,Chicago Sky,34,5,29,0.147,858,2175,0.394,157,536,0.293,449,643,0.698,357,680,1037,509,277,125,527.0,674,2322,1360.0,89.9,104.2,-14.3,91.08,2582,0.472,0.431,0.375,0.329,0.617,0.204,0.296,0.499,0.207,0.383,0.343,2687.0,971.0,2147.0,545.0,736.0,535.0,379.0,860.0,nba_api:leaguedashteamstats,-9.540225563909768,-5.990044239386342,-3.5501813245234253,1.1950685537372898
WNBA,2006,1611661323,CON,Connecticut Sun,34,26,8,0.765,982,2216,0.443,174,510,0.341,545,675,0.807,342,926,1268,630,252,153,515.0,530,2683,1375.0,100.6,90.8,9.8,93.02,2667,0.534,0.482,0.6,0.332,0.687,0.193,0.305,0.437,0.183,0.313,0.212,2417.0,948.0,2357.0,358.0,500.0,486.0,368.0,783.0,nba_api:leaguedashteamstats,6.814835164835174,3.471435743529745,3.3433994213054294,-1.0086942469295312
WNBA,2006,1611661321,DET,Detroit Shock,34,23,11,0.676,918,2219,0.414,136,414,0.329,553,746,0.741,406,880,1286,572,213,137,538.0,713,2525,1365.0,96.2,90.8,5.4,92.36,2627,0.496,0.445,0.556,0.379,0.702,0.205,0.336,0.429,0.193,0.298,0.324,2384.0,840.0,2164.0,529.0,702.0,507.0,324.0,760.0,nba_api:leaguedashteamstats,3.512406015037592,-1.0970617832459917,4.609467798283584,-0.6934763379035846
WNBA,2006,1611661316,HOU,Houston Comets,34,18,16,0.529,928,2098,0.442,169,472,0.358,482,678,0.711,303,822,1125,532,252,84,566.0,617,2507,1385.0,95.3,93.0,2.3,91.23,2631,0.523,0.483,0.527,0.321,0.679,0.215,0.323,0.449,0.197,0.321,0.276,2449.0,928.0,2232.0,445.0,615.0,519.0,337.0,787.0,nba_api:leaguedashteamstats,1.3777359616532094,-2.095537170055047,3.4732731317082566,-0.32814639128796697
WNBA,2006,1611661325,IND,Indiana Fever,34,21,13,0.618,873,2143,0.407,171,551,0.31,516,674,0.766,339,754,1093,501,353,92,528.0,606,2433,1370.0,94.6,90.2,4.4,90.1,2574,0.499,0.447,0.541,0.341,0.678,0.205,0.315,0.466,0.24,0.322,0.274,2316.0,883.0,2043.0,413.0,559.0,617.0,288.0,773.0,nba_api:leaguedashteamstats,2.7492481203007415,-4.145307397281093,6.894555517581835,-0.7507518796992585
WNBA,2006,1611661320,LAS,Los Angeles Sparks,34,25,9,0.735,962,2195,0.438,111,377,0.294,540,726,0.744,350,852,1202,610,296,129,534.0,679,2575,1373.0,97.5,94.0,3.5,92.21,2641,0.512,0.464,0.546,0.358,0.661,0.202,0.331,0.445,0.211,0.339,0.33,2476.0,873.0,2184.0,534.0,721.0,556.0,336.0,746.0,nba_api:leaguedashteamstats,3.2543217125146713,-0.018831419654728343,3.2731531321693996,0.3425570066323185
WNBA,2006,1611661324,MIN,Minnesota Lynx,34,10,24,0.294,945,2211,0.427,148,419,0.353,485,681,0.712,340,804,1144,491,193,113,530.0,654,2523,1365.0,95.2,102.9,-7.7,93.31,2649,0.502,0.461,0.42,0.336,0.65,0.2,0.308,0.473,0.165,0.35,0.311,2735.0,1004.0,2314.0,548.0,719.0,438.0,372.0,832.0,nba_api:leaguedashteamstats,-5.824027374054323,-0.7602549114602151,-5.063772462594107,0.4112667435927362
WNBA,2006,1611661313,NYL,New York Liberty,33,11,22,0.333,794,1990,0.399,204,618,0.33,492,624,0.788,274,707,981,457,246,107,559.0,648,2284,1330.0,91.7,102.9,-11.2,89.86,2491,0.504,0.45,0.413,0.312,0.648,0.224,0.314,0.489,0.19,0.352,0.34,2562.0,933.0,2071.0,537.0,705.0,473.0,330.0,802.0,nba_api:leaguedashteamstats,-6.638387288387278,-4.63281730733065,-2.0055699810566283,1.773377417495075
WNBA,2006,1611661317,PHO,Phoenix Mercury,33,17,16,0.515,1046,2352,0.445,253,696,0.364,521,667,0.781,323,781,1104,619,266,121,430.0,716,2866,1335.0,106.3,103.3,3.0,97.02,2696,0.542,0.499,0.517,0.317,0.618,0.159,0.284,0.478,0.193,0.382,0.362,2791.0,995.0,2281.0,610.0,826.0,520.0,396.0,847.0,nba_api:leaguedashteamstats,2.2766521647063254,12.584203527321204,-10.307551362614879,-0.1057007764701452
WNBA,2006,1611661318,SAC,Sacramento Monarchs,34,21,13,0.618,919,2190,0.42,157,461,0.341,542,741,0.731,418,720,1138,509,330,88,542.0,670,2537,1375.0,97.8,92.9,5.0,90.43,2593,0.504,0.455,0.531,0.394,0.66,0.209,0.338,0.47,0.245,0.34,0.327,2404.0,872.0,2021.0,504.0,661.0,634.0,294.0,725.0,nba_api:leaguedashteamstats,3.5502579552235822,-1.2261415491953427,4.776399504418925,-0.3615067506587706
WNBA,2006,1611661319,SAS,San Antonio Silver Stars,34,13,21,0.382,915,2255,0.406,189,556,0.34,504,672,0.75,354,814,1168,540,246,83,488.0,610,2523,1362.0,96.3,99.0,-2.8,92.51,2621,0.495,0.448,0.468,0.329,0.667,0.186,0.298,0.467,0.183,0.333,0.283,2603.0,974.0,2262.0,490.0,640.0,480.0,372.0,865.0,nba_api:leaguedashteamstats,-2.1167488016632077,-1.1445627210969715,-0.9721860805662361,0.23619237480738065
WNBA,2006,1611661328,SEA,Seattle Storm,34,18,16,0.529,960,2122,0.452,160,475,0.337,562,712,0.789,326,821,1147,514,232,127,570.0,682,2642,1360.0,100.6,98.2,2.5,92.61,2625,0.542,0.49,0.524,0.351,0.665,0.217,0.336,0.461,0.185,0.335,0.319,2575.0,940.0,2218.0,531.0,707.0,485.0,322.0,709.0,nba_api:leaguedashteamstats,1.731808381619727,2.0236242441410788,-0.29181586252135183,-0.2976033830861553
WNBA,2006,1611661322,WAS,Washington Mystics,34,18,16,0.529,1016,2199,0.462,187,522,0.358,528,715,0.738,330,770,1100,576,306,113,541.0,784,2747,1370.0,102.3,98.6,3.7,94.21,2684,0.546,0.505,0.524,0.337,0.665,0.202,0.325,0.481,0.213,0.335,0.405,2657.0,909.0,2102.0,635.0,851.0,573.0,321.0,720.0,nba_api:leaguedashteamstats,1.814835164835169,5.874661549981362,-4.059826385146193,-0.8322236586942426
WNBA,2007,1611661329,CHI,Chicago Sky,34,14,20,0.412,893,2187,0.408,185,530,0.349,460,684,0.673,366,747,1113,579,255,107,495.0,610,2431,1342.183333,94.7,98.8,-4.0,91.73,2570,0.489,0.45,0.47,0.35,0.639,0.193,0.312,0.47,0.212,0.361,0.286,2528.0,930.0,2168.0,490.0,621.0,542.0,369.0,813.0,nba_api:leaguedashteamstats,-2.020242914979763,-1.7219423919876529,-0.2983005229921103,0.5091688497261191
WNBA,2007,1611661323,CON,Connecticut Sun,34,18,16,0.529,981,2285,0.429,191,557,0.343,470,600,0.783,347,852,1199,609,270,152,528.0,621,2623,1357.9,97.7,94.2,3.5,94.98,2685,0.515,0.471,0.532,0.332,0.687,0.197,0.263,0.458,0.193,0.313,0.265,2534.0,957.0,2272.0,455.0,602.0,519.0,331.0,825.0,nba_api:leaguedashteamstats,2.6548644353612643,2.786035957907127,-0.13117152254586273,0.07910685960368857
WNBA,2007,1611661321,DET,Detroit Shock,34,24,10,0.706,968,2252,0.43,158,442,0.357,593,780,0.76,380,926,1306,561,226,114,564.0,697,2687,1370.0,98.3,92.3,6.0,96.3,2745,0.518,0.465,0.558,0.355,0.703,0.205,0.347,0.441,0.192,0.297,0.317,2540.0,895.0,2262.0,547.0,718.0,529.0,309.0,780.0,nba_api:leaguedashteamstats,4.269230769230765,3.1061277834509387,1.163102985779826,-0.34841628959276427
WNBA,2007,1611661316,HOU,Houston Comets,34,13,21,0.382,898,2116,0.424,121,358,0.338,550,715,0.769,371,758,1129,546,287,109,613.0,641,2467,1331.733333,94.3,98.0,-3.7,94.38,2619,0.507,0.453,0.483,0.384,0.651,0.234,0.339,0.467,0.214,0.349,0.327,2566.0,901.0,2143.0,563.0,701.0,561.0,336.0,709.0,nba_api:leaguedashteamstats,-3.290447224509056,-3.3671174802252732,0.0766702557162171,0.18014101078506162
WNBA,2007,1611661325,IND,Indiana Fever,34,21,13,0.618,907,2167,0.419,188,546,0.344,478,617,0.775,341,812,1153,511,308,136,589.0,646,2480,1375.0,93.8,89.6,4.2,92.3,2644,0.509,0.462,0.547,0.339,0.649,0.223,0.285,0.438,0.231,0.351,0.277,2370.0,881.0,2192.0,450.0,608.0,610.0,369.0,795.0,nba_api:leaguedashteamstats,3.085020242914965,-3.935977479706962,7.020997722621927,-0.15027387473209375
WNBA,2007,1611661320,LAS,Los Angeles Sparks,34,10,24,0.294,936,2298,0.407,159,454,0.35,492,625,0.787,356,780,1136,552,245,106,571.0,731,2523,1380.0,92.5,98.7,-6.2,95.37,2739,0.49,0.443,0.425,0.338,0.663,0.208,0.272,0.474,0.2,0.337,0.362,2708.0,954.0,2212.0,609.0,800.0,550.0,343.0,836.0,nba_api:leaguedashteamstats,-4.714903206365729,-2.0540931273194234,-2.660810079046305,0.43215561716368356
WNBA,2007,1611661324,MIN,Minnesota Lynx,34,10,24,0.294,971,2355,0.412,163,496,0.329,531,674,0.788,397,785,1182,596,238,95,561.0,713,2636,1375.0,96.9,101.1,-4.2,94.97,2720,0.497,0.447,0.45,0.382,0.676,0.206,0.286,0.487,0.194,0.324,0.358,2752.0,988.0,2195.0,614.0,785.0,529.0,318.0,800.0,nba_api:leaguedashteamstats,-3.230919175477113,0.6935025376812574,-3.9244217131583703,0.18084553040523987
WNBA,2007,1611661313,NYL,New York Liberty,34,16,18,0.471,870,2087,0.417,243,653,0.372,430,580,0.741,287,788,1075,500,289,109,612.0,618,2413,1370.0,91.4,94.7,-3.3,92.53,2640,0.515,0.475,0.47,0.291,0.647,0.232,0.278,0.457,0.213,0.353,0.278,2501.0,920.0,2223.0,471.0,619.0,562.0,378.0,837.0,nba_api:leaguedashteamstats,-2.1953502653207675,-5.539071392433895,3.3437211271131275,0.5622254922549903
WNBA,2007,1611661317,PHO,Phoenix Mercury,34,23,11,0.676,1063,2419,0.439,283,802,0.353,616,754,0.817,279,873,1152,683,285,159,486.0,658,3025,1370.0,104.4,100.0,4.4,101.66,2898,0.55,0.498,0.542,0.268,0.619,0.168,0.312,0.462,0.205,0.381,0.283,2904.0,1022.0,2526.0,570.0,716.0,595.0,445.0,945.0,nba_api:leaguedashteamstats,3.100945949258163,13.160469619966998,-10.059523670708835,-0.45787758015360147
WNBA,2007,1611661318,SAC,Sacramento Monarchs,34,19,15,0.559,865,2133,0.406,150,416,0.361,554,721,0.768,443,692,1135,514,309,95,592.0,623,2434,1336.016667,95.8,94.9,0.8,91.24,2542,0.497,0.44,0.507,0.421,0.647,0.233,0.338,0.474,0.244,0.353,0.321,2408.0,863.0,2011.0,501.0,645.0,619.0,297.0,690.0,nba_api:leaguedashteamstats,1.0371444760513855,-3.3056061947641915,4.342750670815577,-0.3452084651250851
WNBA,2007,1611661319,SAS,San Antonio Silver Stars,34,20,14,0.588,923,2176,0.424,207,566,0.366,464,577,0.804,323,764,1087,567,283,130,558.0,653,2517,1375.0,96.7,95.6,1.1,90.75,2602,0.518,0.472,0.514,0.34,0.636,0.214,0.265,0.457,0.224,0.364,0.322,2484.0,904.0,2139.0,529.0,688.0,583.0,361.0,776.0,nba_api:leaguedashteamstats,0.8346066618703563,-3.4503393067471237,4.28494596861748,-0.13598157342376138
WNBA,2007,1611661328,SEA,Seattle Storm,34,17,17,0.5,964,2210,0.436,224,639,0.351,582,715,0.814,344,820,1164,533,242,151,533.0,620,2734,1365.0,102.4,99.1,3.3,93.94,2671,0.541,0.487,0.516,0.344,0.663,0.2,0.324,0.467,0.185,0.337,0.252,2647.0,987.0,2321.0,478.0,586.0,495.0,333.0,761.0,nba_api:leaguedashteamstats,1.6481879037873997,3.4622345679202198,-1.8140466641328201,-0.9106356256243648
WNBA,2007,1611661322,WAS,Washington Mystics,34,16,18,0.471,877,2170,0.404,163,528,0.309,668,839,0.796,335,783,1118,472,282,133,571.0,763,2585,1380.0,94.9,97.1,-2.2,94.66,2725,0.509,0.442,0.479,0.335,0.643,0.21,0.387,0.456,0.213,0.357,0.361,2639.0,924.0,2216.0,616.0,801.0,579.0,383.0,825.0,nba_api:leaguedashteamstats,-1.178137651821861,0.16577690625797548,-1.3439145580798364,0.41009764229578605
WNBA,2008,1611661330,ATL,Atlanta Dream,34,4,30,0.118,895,2258,0.396,202,598,0.338,542,725,0.748,340,737,1077,492,285,142,593.0,796,2534,1365.0,91.7,104.5,-12.7,97.02,2762,0.492,0.441,0.377,0.322,0.615,0.215,0.321,0.488,0.204,0.385,0.407,2879.0,1014.0,2254.0,679.0,918.0,561.0,401.0,864.0,nba_api:leaguedashteamstats,-9.448129137115028,-0.6366545091185358,-8.811474627996493,0.6989296864143828
WNBA,2008,1611661329,CHI,Chicago Sky,34,12,22,0.353,898,2089,0.43,110,340,0.324,564,812,0.695,356,768,1124,546,264,147,523.0,638,2470,1374.885,95.7,96.5,-0.8,90.47,2583,0.505,0.456,0.501,0.334,0.634,0.202,0.388,0.456,0.2,0.366,0.298,2510.0,917.0,2199.0,506.0,656.0,521.0,365.0,791.0,nba_api:leaguedashteamstats,-1.4586783507366095,-3.9976418622882632,2.538963511551654,-0.34103129191308
WNBA,2008,1611661323,CON,Connecticut Sun,34,21,13,0.618,965,2286,0.422,221,669,0.33,539,724,0.744,370,869,1239,607,211,97,487.0,629,2690,1370.0,101.0,95.3,5.7,93.39,2664,0.516,0.47,0.536,0.345,0.678,0.183,0.317,0.453,0.187,0.322,0.279,2541.0,955.0,2284.0,472.0,638.0,499.0,360.0,840.0,nba_api:leaguedashteamstats,3.4413158741464525,2.8506311721526503,0.5906847019938022,-0.9410370670300185
WNBA,2008,1611661321,DET,Detroit Shock,34,22,12,0.647,974,2295,0.424,168,476,0.353,556,744,0.747,405,843,1248,604,278,118,496.0,724,2672,1375.0,99.7,94.2,5.5,93.54,2681,0.509,0.461,0.569,0.365,0.683,0.185,0.324,0.455,0.214,0.317,0.344,2522.0,872.0,2151.0,563.0,740.0,572.0,324.0,761.0,nba_api:leaguedashteamstats,3.334071952457046,2.1239583579588492,1.2101135944981967,-1.0776927534253073
WNBA,2008,1611661316,HOU,Houston Comets,34,17,17,0.5,923,2209,0.418,152,478,0.318,562,734,0.766,374,799,1173,554,290,119,598.0,727,2560,1385.0,95.8,97.4,-1.6,92.69,2673,0.506,0.452,0.498,0.376,0.656,0.224,0.333,0.464,0.207,0.344,0.358,2606.0,903.0,2179.0,582.0,781.0,553.0,348.0,743.0,nba_api:leaguedashteamstats,-0.9142402008640529,-1.073067821937812,0.15882762107375914,0.40928921090065296
WNBA,2008,1611661325,IND,Indiana Fever,34,17,17,0.5,876,2179,0.402,226,662,0.341,495,656,0.755,349,778,1127,500,324,165,585.0,728,2473,1390.0,93.1,92.9,0.3,91.53,2655,0.501,0.454,0.489,0.34,0.658,0.22,0.301,0.451,0.23,0.342,0.332,2457.0,891.0,2127.0,540.0,706.0,608.0,338.0,833.0,nba_api:leaguedashteamstats,-0.15781400823366054,-4.120316159805249,3.9625021515715884,-0.6284022435277782
WNBA,2008,1611661320,LAS,Los Angeles Sparks,34,20,14,0.588,954,2248,0.424,151,485,0.311,539,717,0.752,386,896,1282,613,251,216,608.0,713,2598,1400.0,95.2,92.8,2.4,93.38,2728,0.507,0.458,0.553,0.374,0.661,0.223,0.319,0.424,0.192,0.339,0.325,2523.0,888.0,2310.0,562.0,751.0,523.0,359.0,768.0,nba_api:leaguedashteamstats,2.4169627559958182,-0.3394764933219161,2.7564392493177343,0.2110804030546416
WNBA,2008,1611661324,MIN,Minnesota Lynx,34,16,18,0.471,991,2303,0.43,133,413,0.322,652,864,0.755,353,792,1145,557,309,131,472.0,751,2767,1380.0,99.9,98.3,1.5,96.31,2771,0.516,0.459,0.504,0.332,0.656,0.17,0.375,0.475,0.209,0.344,0.364,2721.0,974.0,2220.0,612.0,809.0,579.0,350.0,862.0,nba_api:leaguedashteamstats,1.5915445412769795,5.62134145969616,-4.029796918419181,0.23860336480639122
WNBA,2008,1611661313,NYL,New York Liberty,34,19,15,0.559,912,2168,0.421,259,706,0.367,490,653,0.75,327,778,1105,551,290,117,547.0,655,2573,1380.0,97.2,96.0,1.2,92.0,2647,0.524,0.48,0.5,0.326,0.667,0.207,0.301,0.467,0.212,0.333,0.312,2538.0,924.0,2163.0,516.0,674.0,559.0,352.0,823.0,nba_api:leaguedashteamstats,0.5732965467550728,-0.6170779597205831,1.190374506475656,-0.45611521795080945
WNBA,2008,1611661317,PHO,Phoenix Mercury,34,16,18,0.471,1069,2485,0.43,230,701,0.328,642,773,0.831,375,851,1226,560,232,156,489.0,794,3010,1365.0,104.7,104.2,0.4,101.33,2876,0.533,0.476,0.492,0.339,0.629,0.17,0.311,0.471,0.173,0.371,0.379,3009.0,1036.0,2460.0,694.0,932.0,500.0,440.0,858.0,nba_api:leaguedashteamstats,0.6262337437332413,13.776508022063009,-13.150274278329768,0.5968219790273589
WNBA,2008,1611661318,SAC,Sacramento Monarchs,34,18,16,0.529,883,2159,0.409,168,438,0.384,611,816,0.749,388,721,1109,473,319,77,586.0,690,2545,1360.0,95.9,96.8,-0.8,93.71,2653,0.505,0.448,0.469,0.378,0.656,0.221,0.378,0.494,0.235,0.344,0.292,2571.0,958.0,2128.0,469.0,622.0,624.0,308.0,767.0,nba_api:leaguedashteamstats,-0.382717687533185,-1.3225486661448476,0.9398309786116625,0.3819881948197561
WNBA,2008,1611661319,SAS,San Antonio Silver Stars,34,24,10,0.706,901,2080,0.433,183,539,0.34,561,694,0.808,246,847,1093,601,272,150,525.0,602,2546,1369.885,96.7,92.1,4.5,92.14,2634,0.534,0.477,0.568,0.289,0.65,0.199,0.334,0.429,0.201,0.35,0.279,2418.0,904.0,2271.0,471.0,634.0,528.0,389.0,817.0,nba_api:leaguedashteamstats,3.8371025138259727,-1.9581458823688678,5.7952483961948404,0.07239663147303155
WNBA,2008,1611661328,SEA,Seattle Storm,34,22,12,0.647,899,2112,0.426,143,453,0.316,552,728,0.758,340,822,1162,530,269,140,526.0,684,2493,1360.0,96.6,93.1,3.6,91.15,2580,0.512,0.46,0.541,0.344,0.659,0.204,0.345,0.438,0.199,0.341,0.314,2406.0,861.0,2164.0,512.0,680.0,515.0,332.0,760.0,nba_api:leaguedashteamstats,2.78940004785094,-3.8224677608428546,6.611867808693795,0.2305765184391757
WNBA,2008,1611661322,WAS,Washington Mystics,34,10,24,0.294,885,2131,0.415,163,460,0.354,435,659,0.66,362,770,1132,483,241,93,637.0,757,2368,1365.0,89.7,98.4,-8.8,92.89,2641,0.489,0.454,0.396,0.352,0.681,0.241,0.309,0.486,0.201,0.319,0.363,2601.0,929.0,2096.0,563.0,760.0,530.0,306.0,787.0,nba_api:leaguedashteamstats,-6.248348591558982,-6.485041896321741,0.23669330476275885,0.6045925849116056
WNBA,2009,1611661330,ATL,Atlanta Dream,34,18,16,0.529,1089,2428,0.449,114,374,0.305,569,755,0.754,404,855,1259,547,329,121,590.0,741,2861,1390.0,99.5,96.6,2.9,99.64,2876,0.518,0.472,0.503,0.365,0.655,0.205,0.311,0.46,0.208,0.345,0.342,2797.0,996.0,2363.0,624.0,807.0,601.0,353.0,821.0,nba_api:leaguedashteamstats,1.586599168663871,6.4729229621640885,-4.8863237935002175,-0.2957537725125996
WNBA,2009,1611661329,CHI,Chicago Sky,34,16,18,0.471,930,2136,0.435,186,471,0.395,527,693,0.76,307,776,1083,532,249,138,532.0,605,2573,1365.0,98.3,102.9,-4.6,92.06,2618,0.527,0.479,0.469,0.322,0.642,0.203,0.324,0.488,0.187,0.358,0.27,2693.0,1004.0,2269.0,479.0,613.0,489.0,359.0,797.0,nba_api:leaguedashteamstats,-3.0130683629219006,-2.046903230733663,-0.9661651321882374,0.5163434017839816
WNBA,2009,1611661323,CON,Connecticut Sun,34,16,18,0.471,966,2381,0.406,202,639,0.316,517,692,0.747,358,826,1184,608,250,130,453.0,677,2651,1395.0,96.7,96.5,0.2,94.5,2742,0.494,0.448,0.491,0.305,0.673,0.165,0.291,0.461,0.2,0.327,0.334,2654.0,953.0,2236.0,591.0,746.0,549.0,329.0,945.0,nba_api:leaguedashteamstats,-0.16216963182897715,-0.2313536460701453,0.06918401424116816,-0.07393433771133008
WNBA,2009,1611661321,DET,Detroit Shock,34,18,16,0.529,980,2277,0.43,153,436,0.351,539,721,0.748,373,853,1226,575,261,97,546.0,766,2652,1395.0,97.3,97.2,0.1,93.68,2725,0.511,0.464,0.51,0.359,0.68,0.2,0.317,0.457,0.195,0.32,0.369,2644.0,902.0,2201.0,632.0,813.0,531.0,320.0,781.0,nba_api:leaguedashteamstats,0.16284888503547634,-0.34597558763297265,0.508824472668449,-0.07244523261158248
WNBA,2009,1611661325,IND,Indiana Fever,34,22,12,0.647,877,2192,0.4,208,628,0.331,613,746,0.822,341,769,1110,519,370,115,526.0,690,2575,1375.0,96.5,93.3,3.2,93.05,2669,0.511,0.448,0.527,0.333,0.66,0.197,0.34,0.466,0.238,0.34,0.33,2483.0,900.0,2097.0,529.0,692.0,634.0,318.0,843.0,nba_api:leaguedashteamstats,2.6501316994976247,-2.005437740156189,4.655569439653814,-0.43810359462002246
WNBA,2009,1611661320,LAS,Los Angeles Sparks,34,18,16,0.529,973,2264,0.43,152,512,0.297,435,550,0.791,365,883,1248,587,217,166,568.0,583,2533,1385.0,96.8,95.6,1.2,90.59,2616,0.505,0.463,0.535,0.392,0.685,0.217,0.243,0.446,0.177,0.315,0.275,2498.0,903.0,2262.0,479.0,623.0,463.0,320.0,730.0,nba_api:leaguedashteamstats,0.5792198831252824,-4.852830720268811,5.432050603394093,-0.20865890475350546
WNBA,2009,1611661324,MIN,Minnesota Lynx,34,14,20,0.412,949,2257,0.42,242,695,0.348,590,765,0.771,325,762,1087,509,301,128,513.0,693,2730,1375.0,100.3,103.5,-3.2,95.2,2723,0.526,0.474,0.464,0.325,0.652,0.188,0.339,0.504,0.199,0.348,0.315,2827.0,1041.0,2260.0,550.0,711.0,543.0,317.0,848.0,nba_api:leaguedashteamstats,-2.471785045942182,2.2593608761249264,-4.731145922067109,0.3517443658225239
WNBA,2009,1611661313,NYL,New York Liberty,34,13,21,0.382,900,2168,0.415,254,710,0.358,458,582,0.787,280,802,1082,526,276,121,543.0,637,2512,1380.0,95.4,96.2,-0.7,91.62,2632,0.518,0.474,0.485,0.298,0.665,0.206,0.268,0.465,0.208,0.335,0.312,2535.0,906.0,2157.0,531.0,673.0,548.0,333.0,869.0,nba_api:leaguedashteamstats,-0.363772003770892,-4.536191051010031,4.172419047239139,0.06047042047153223
WNBA,2009,1611661317,PHO,Phoenix Mercury,34,23,11,0.676,1119,2433,0.46,257,659,0.39,643,752,0.855,284,900,1184,621,221,180,496.0,738,3138,1370.0,108.8,104.2,4.7,100.96,2883,0.568,0.513,0.531,0.322,0.637,0.172,0.309,0.461,0.158,0.363,0.333,3000.0,1081.0,2562.0,638.0,852.0,455.0,420.0,853.0,nba_api:leaguedashteamstats,3.4755833751104035,15.716378419984554,-12.240795044874151,-0.20088721312489044
WNBA,2009,1611661318,SAC,Sacramento Monarchs,34,12,22,0.353,946,2194,0.431,132,389,0.339,586,744,0.788,391,763,1154,540,289,98,584.0,645,2610,1370.0,98.0,101.2,-3.2,93.25,2664,0.518,0.461,0.488,0.393,0.651,0.219,0.339,0.498,0.217,0.349,0.264,2690.0,994.0,2221.0,479.0,586.0,576.0,326.0,702.0,nba_api:leaguedashteamstats,-2.1033639933105848,-1.8564285975592574,-0.2469353957513274,0.24957718316000355
WNBA,2009,1611661319,SAS,San Antonio Silver Stars,34,15,19,0.441,936,2190,0.427,256,739,0.346,487,626,0.778,281,768,1049,598,257,116,509.0,596,2615,1390.0,99.4,101.2,-1.8,90.82,2631,0.53,0.486,0.496,0.314,0.641,0.193,0.286,0.477,0.191,0.359,0.272,2661.0,1000.0,2279.0,488.0,620.0,502.0,364.0,824.0,nba_api:leaguedashteamstats,-1.208627151205358,-1.80906017650666,0.6004330253013022,0.1443140252652304
WNBA,2009,1611661328,SEA,Seattle Storm,34,20,14,0.588,909,2116,0.43,171,486,0.352,555,707,0.785,316,788,1104,536,276,150,555.0,710,2544,1405.0,97.4,95.0,2.5,89.13,2611,0.524,0.47,0.524,0.338,0.651,0.213,0.334,0.457,0.213,0.349,0.312,2476.0,882.0,2150.0,510.0,671.0,555.0,332.0,746.0,nba_api:leaguedashteamstats,1.765057059320993,-4.588884737910147,6.3539417972311405,-0.2349429406790069
WNBA,2009,1611661322,WAS,Washington Mystics,34,16,18,0.471,933,2205,0.423,139,426,0.326,580,828,0.7,388,803,1191,453,314,118,607.0,725,2585,1375.0,94.7,96.4,-1.7,95.13,2730,0.503,0.455,0.476,0.371,0.672,0.222,0.376,0.47,0.212,0.328,0.346,2622.0,945.0,2184.0,570.0,755.0,576.0,322.0,789.0,nba_api:leaguedashteamstats,-0.8966538817737719,-2.175596770425698,1.278942888651926,0.19158141234387505
WNBA,2010,1611661330,ATL,Atlanta Dream,34,19,15,0.559,1087,2449,0.444,131,453,0.289,598,843,0.709,436,883,1319,666,304,141,569.0,709,2903,1370.0,100.2,97.6,2.7,101.47,2896,0.515,0.471,0.516,0.38,0.679,0.196,0.344,0.469,0.2,0.321,0.351,2826.0,1019.0,2345.0,625.0,823.0,578.0,328.0,833.0,nba_api:leaguedashteamstats,2.9606481481481435,6.816612605944495,-3.855964457796351,0.6959422657952024
WNBA,2010,1611661329,CHI,Chicago Sky,34,14,20,0.412,942,2158,0.437,174,510,0.341,528,709,0.745,310,767,1077,581,284,160,497.0,599,2586,1375.0,99.0,100.2,-1.1,91.06,2611,0.523,0.477,0.499,0.325,0.651,0.19,0.329,0.491,0.205,0.349,0.272,2611.0,978.0,2202.0,448.0,598.0,535.0,342.0,793.0,nba_api:leaguedashteamstats,0.47346866096864915,-3.5993909307486938,4.072859591717343,1.208762778615708
WNBA,2010,1611661323,CON,Connecticut Sun,34,17,17,0.5,1008,2358,0.427,213,640,0.333,525,655,0.802,357,883,1240,604,241,130,499.0,606,2754,1380.0,100.5,98.9,1.7,95.39,2739,0.52,0.473,0.509,0.331,0.68,0.182,0.278,0.474,0.181,0.32,0.269,2715.0,1017.0,2350.0,488.0,633.0,497.0,344.0,866.0,nba_api:leaguedashteamstats,2.307514245014236,2.144140481963756,0.16337376305047968,1.1604554214848242
WNBA,2010,1611661325,IND,Indiana Fever,34,21,13,0.618,941,2147,0.438,216,591,0.365,563,720,0.782,327,779,1106,567,331,171,551.0,705,2661,1375.0,100.5,94.9,5.7,92.53,2647,0.54,0.489,0.547,0.334,0.647,0.208,0.335,0.458,0.227,0.353,0.336,2518.0,885.0,2128.0,567.0,716.0,603.0,339.0,783.0,nba_api:leaguedashteamstats,4.447827635327629,-1.9225562711554125,6.370383906483042,0.2419452823864523
WNBA,2010,1611661320,LAS,Los Angeles Sparks,34,13,21,0.382,972,2205,0.441,201,597,0.337,503,612,0.822,260,788,1048,626,244,123,496.0,571,2648,1365.0,99.2,103.2,-4.0,94.0,2670,0.535,0.486,0.491,0.28,0.651,0.186,0.278,0.488,0.181,0.349,0.27,2761.0,1025.0,2322.0,494.0,627.0,484.0,357.0,842.0,nba_api:leaguedashteamstats,-3.8153490028489743,-3.7726986654788317,-0.042650337370142566,-0.4918195910842682
WNBA,2010,1611661324,MIN,Minnesota Lynx,34,13,21,0.382,944,2375,0.397,169,526,0.321,618,818,0.756,394,803,1197,507,304,112,493.0,682,2675,1385.0,96.4,100.5,-4.1,96.23,2776,0.489,0.433,0.448,0.351,0.685,0.178,0.344,0.495,0.203,0.315,0.33,2791.0,998.0,2236.0,578.0,737.0,564.0,297.0,891.0,nba_api:leaguedashteamstats,-4.093839031339037,-2.6177626452410934,-1.4760763860979438,-0.6820743254566843
WNBA,2010,1611661313,NYL,New York Liberty,34,22,12,0.647,1001,2212,0.453,233,570,0.409,458,560,0.818,295,767,1062,631,278,100,494.0,645,2693,1375.0,103.0,98.7,4.3,91.32,2615,0.548,0.505,0.529,0.323,0.669,0.189,0.253,0.477,0.203,0.331,0.326,2583.0,929.0,2133.0,549.0,696.0,530.0,309.0,778.0,nba_api:leaguedashteamstats,3.7177706552706535,-0.47831751980458304,4.196088175075237,0.48247653762359466
WNBA,2010,1611661317,PHO,Phoenix Mercury,34,15,19,0.441,1151,2432,0.473,252,701,0.359,638,752,0.848,295,920,1215,686,237,148,519.0,679,3192,1390.0,108.4,108.3,0.1,101.7,2945,0.578,0.525,0.504,0.29,0.664,0.176,0.309,0.502,0.151,0.336,0.295,3188.0,1186.0,2605.0,571.0,769.0,445.0,397.0,883.0,nba_api:leaguedashteamstats,-0.8153490028490005,14.468680644865994,-15.284029647714995,-0.9329960616725299
WNBA,2010,1611661319,SAS,San Antonio Silver Stars,34,14,20,0.412,972,2110,0.461,195,587,0.332,472,619,0.763,266,757,1023,599,255,84,522.0,574,2611,1360.0,99.7,104.1,-4.4,92.35,2618,0.548,0.507,0.477,0.291,0.663,0.199,0.293,0.507,0.187,0.337,0.289,2722.0,1027.0,2197.0,494.0,636.0,489.0,330.0,796.0,nba_api:leaguedashteamstats,-4.196403133903138,-4.962148144799015,0.765745010895877,-0.9316972515501964
WNBA,2010,1611661328,SEA,Seattle Storm,34,28,6,0.824,992,2228,0.445,246,667,0.369,551,695,0.793,394,840,1234,636,281,128,524.0,704,2781,1380.0,105.5,95.5,10.0,91.57,2635,0.549,0.5,0.578,0.381,0.689,0.199,0.312,0.456,0.196,0.311,0.326,2512.0,888.0,2152.0,550.0,702.0,515.0,308.0,705.0,nba_api:leaguedashteamstats,5.415420227920214,-1.157314050094226,6.57273427801444,-2.496344477962139
WNBA,2010,1611661321,TUL,Tulsa Shock,34,6,28,0.176,984,2323,0.424,198,554,0.357,486,684,0.711,344,731,1075,567,332,144,616.0,671,2652,1365.0,93.2,107.2,-14.0,100.06,2844,0.505,0.466,0.394,0.321,0.627,0.217,0.294,0.528,0.211,0.373,0.327,3053.0,1092.0,2324.0,599.0,759.0,602.0,383.0,893.0,nba_api:leaguedashteamstats,-10.78614672364671,-1.8432268362225233,-8.942919887424186,1.007970923412115
WNBA,2010,1611661322,WAS,Washington Mystics,34,22,12,0.647,946,2098,0.451,160,454,0.352,563,726,0.775,341,821,1162,473,277,79,589.0,682,2615,1370.0,100.0,95.8,4.3,91.36,2614,0.541,0.489,0.527,0.376,0.704,0.225,0.346,0.464,0.203,0.296,0.332,2491.0,896.0,2101.0,540.0,697.0,527.0,285.0,676.0,nba_api:leaguedashteamstats,4.38443732193732,-3.076018669229874,7.460455991167194,0.7373784984079079
WNBA,2011,1611661330,ATL,Atlanta Dream,34,20,14,0.588,1084,2432,0.446,74,284,0.261,563,811,0.694,391,837,1228,627,317,181,511.0,636,2805,1375.0,99.4,97.3,2.1,98.5,2821,0.503,0.461,0.523,0.373,0.664,0.181,0.333,0.472,0.21,0.336,0.296,2747.0,1006.0,2333.0,544.0,690.0,593.0,351.0,827.0,nba_api:leaguedashteamstats,1.350265650265655,5.925571624375851,-4.575305974110196,-0.3556167026755215
WNBA,2011,1611661329,CHI,Chicago Sky,34,14,20,0.412,943,2153,0.438,163,448,0.364,475,616,0.771,310,838,1148,567,269,185,599.0,618,2524,1370.0,95.4,96.2,-0.8,92.92,2647,0.521,0.476,0.497,0.338,0.663,0.226,0.286,0.455,0.189,0.337,0.303,2556.0,936.0,2240.0,518.0,679.0,501.0,331.0,776.0,nba_api:leaguedashteamstats,-0.6906213906213732,-3.109332407747297,2.418711017125924,0.2505550799668621
WNBA,2011,1611661323,CON,Connecticut Sun,34,21,13,0.618,1010,2384,0.424,202,557,0.363,502,658,0.763,340,869,1209,583,248,116,446.0,533,2724,1385.0,99.9,95.6,4.3,94.61,2727,0.509,0.466,0.523,0.317,0.682,0.164,0.276,0.471,0.192,0.318,0.235,2612.0,1003.0,2340.0,409.0,549.0,526.0,345.0,895.0,nba_api:leaguedashteamstats,2.7982386232386185,3.029166405793215,-0.23092778255459656,-0.4958790238202049
WNBA,2011,1611661325,IND,Indiana Fever,34,21,13,0.618,936,2114,0.443,223,589,0.379,548,695,0.788,295,778,1073,556,299,165,502.0,609,2643,1365.0,102.0,96.9,5.0,91.09,2592,0.546,0.496,0.546,0.32,0.632,0.194,0.329,0.465,0.209,0.368,0.3,2510.0,925.0,2182.0,481.0,655.0,542.0,359.0,776.0,nba_api:leaguedashteamstats,3.107022407022428,0.029756454367137586,3.0772659526552903,-0.8047422988599249
WNBA,2011,1611661320,LAS,Los Angeles Sparks,34,15,19,0.441,973,2188,0.445,237,598,0.396,440,554,0.794,293,784,1077,617,249,115,516.0,575,2623,1380.0,99.5,103.8,-4.3,91.62,2637,0.539,0.499,0.489,0.3,0.653,0.196,0.253,0.491,0.176,0.347,0.245,2731.0,1042.0,2332.0,440.0,572.0,464.0,376.0,808.0,nba_api:leaguedashteamstats,-2.7591880341880826,0.1702611610981677,-2.9294491952862503,0.4172825540472114
WNBA,2011,1611661324,MIN,Minnesota Lynx,34,27,7,0.794,1074,2330,0.461,169,459,0.368,454,616,0.737,371,871,1242,617,249,124,439.0,603,2771,1360.0,105.5,95.4,10.2,92.66,2626,0.533,0.497,0.583,0.362,0.711,0.167,0.264,0.466,0.194,0.289,0.282,2503.0,896.0,2169.0,480.0,611.0,508.0,268.0,757.0,nba_api:leaguedashteamstats,6.9169900669901,3.172202905156186,3.744787161833914,-0.9653628741863711
WNBA,2011,1611661313,NYL,New York Liberty,34,19,15,0.559,999,2306,0.433,197,551,0.358,389,504,0.772,358,757,1115,534,286,129,504.0,644,2584,1370.0,98.5,96.9,1.6,91.92,2624,0.511,0.476,0.502,0.349,0.651,0.192,0.219,0.473,0.22,0.349,0.3,2542.0,923.0,2154.0,506.0,646.0,576.0,308.0,792.0,nba_api:leaguedashteamstats,1.0414818664818664,-1.5750184241980607,2.616500290679927,-0.19381225116519252
WNBA,2011,1611661317,PHO,Phoenix Mercury,34,19,15,0.559,1062,2303,0.461,239,641,0.373,662,778,0.851,310,884,1194,652,223,132,524.0,681,3025,1375.0,107.3,103.7,3.5,98.41,2820,0.572,0.513,0.53,0.319,0.677,0.186,0.338,0.487,0.164,0.323,0.3,2923.0,1071.0,2435.0,553.0,731.0,462.0,346.0,818.0,nba_api:leaguedashteamstats,2.521477246477243,12.686010931575453,-10.16453368509821,-0.47852275352275697
WNBA,2011,1611661319,SAS,San Antonio Silver Stars,34,18,16,0.529,969,2251,0.43,221,620,0.356,481,640,0.752,241,824,1065,617,286,124,434.0,593,2640,1370.0,98.7,96.1,2.6,93.65,2674,0.521,0.48,0.513,0.258,0.677,0.162,0.284,0.467,0.205,0.323,0.292,2568.0,940.0,2200.0,513.0,642.0,549.0,312.0,946.0,nba_api:leaguedashteamstats,1.8158119658119887,-0.177607502496258,1.9934194683082467,-0.30183509301154077
WNBA,2011,1611661328,SEA,Seattle Storm,34,21,13,0.618,892,2036,0.438,213,599,0.356,439,549,0.8,269,807,1076,545,253,117,547.0,643,2436,1360.0,97.2,94.8,2.4,88.43,2506,0.535,0.49,0.514,0.323,0.685,0.218,0.27,0.458,0.192,0.315,0.27,2375.0,885.0,2116.0,437.0,572.0,482.0,291.0,722.0,nba_api:leaguedashteamstats,1.3960441210440981,-6.775482049383606,8.171526170427704,-0.39807352601472545
WNBA,2011,1611661321,TUL,Tulsa Shock,34,3,31,0.088,848,2140,0.396,167,589,0.284,490,611,0.802,303,740,1043,491,251,106,582.0,681,2353,1365.0,89.5,106.2,-16.7,92.41,2628,0.488,0.435,0.365,0.315,0.685,0.221,0.286,0.528,0.185,0.315,0.314,2791.0,1046.0,2159.0,512.0,679.0,485.0,282.0,828.0,nba_api:leaguedashteamstats,-10.849468699468684,-7.247733930798431,-3.6017347686702523,2.0328842417077873
WNBA,2011,1611661322,WAS,Washington Mystics,34,6,28,0.176,878,2165,0.406,171,520,0.329,481,658,0.731,391,735,1126,476,282,113,576.0,637,2408,1375.0,93.2,103.6,-10.5,90.22,2585,0.491,0.445,0.399,0.376,0.665,0.223,0.304,0.501,0.19,0.335,0.31,2678.0,995.0,2142.0,531.0,664.0,492.0,303.0,779.0,nba_api:leaguedashteamstats,-6.648053823053834,-6.127795167742336,-0.5202586553114976,1.2931226475344015
WNBA,2012,1611661330,ATL,Atlanta Dream,34,19,15,0.559,1004,2315,0.434,144,487,0.296,520,704,0.739,349,835,1184,613,333,159,559.0,589,2672,1385.0,97.0,93.3,3.7,95.57,2755,0.509,0.465,0.534,0.35,0.67,0.203,0.304,0.46,0.217,0.33,0.27,2576.0,947.0,2282.0,477.0,616.0,600.0,343.0,831.0,nba_api:leaguedashteamstats,2.3758903133903138,1.394613129526923,0.9812771838633907,-0.4476390983743923
WNBA,2012,1611661329,CHI,Chicago Sky,34,14,20,0.412,957,2221,0.431,209,615,0.34,435,596,0.73,364,824,1188,553,297,129,605.0,664,2558,1390.0,96.7,97.1,-0.4,91.3,2645,0.515,0.478,0.484,0.38,0.689,0.229,0.268,0.475,0.204,0.311,0.321,2566.0,922.0,2147.0,527.0,690.0,538.0,276.0,746.0,nba_api:leaguedashteamstats,-0.2394943019943021,-2.05101021264813,1.8115159106538279,-0.004200184347243285
WNBA,2012,1611661323,CON,Connecticut Sun,34,25,9,0.735,1013,2350,0.431,199,559,0.356,549,664,0.827,351,819,1170,580,271,107,493.0,540,2774,1380.0,102.6,97.1,5.4,94.16,2705,0.525,0.473,0.531,0.345,0.658,0.182,0.283,0.475,0.201,0.342,0.231,2631.0,1008.0,2344.0,404.0,542.0,545.0,348.0,853.0,nba_api:leaguedashteamstats,3.148682336182354,4.481440175405702,-1.3327578392233477,-1.0572000167588227
WNBA,2012,1611661325,IND,Indiana Fever,34,22,12,0.647,930,2226,0.418,270,675,0.4,533,655,0.814,338,757,1095,563,324,146,464.0,570,2663,1370.0,103.1,95.5,7.6,90.34,2583,0.53,0.478,0.559,0.345,0.633,0.18,0.294,0.471,0.23,0.367,0.267,2459.0,925.0,2154.0,431.0,576.0,592.0,356.0,813.0,nba_api:leaguedashteamstats,4.939992877492874,0.5042506184747575,4.435742259018117,-1.060007122507126
WNBA,2012,1611661320,LAS,Los Angeles Sparks,34,24,10,0.706,1059,2312,0.458,194,540,0.359,545,687,0.793,382,872,1254,604,303,179,550.0,621,2857,1365.0,104.2,97.0,7.2,96.4,2741,0.546,0.5,0.56,0.364,0.646,0.201,0.297,0.46,0.195,0.354,0.269,2661.0,992.0,2385.0,469.0,641.0,536.0,382.0,759.0,nba_api:leaguedashteamstats,4.969551282051249,6.251347610722572,-1.281796328671323,-0.795154600301692
WNBA,2012,1611661324,MIN,Minnesota Lynx,34,27,7,0.794,1100,2326,0.473,226,565,0.4,497,658,0.755,380,905,1285,706,260,159,517.0,602,2923,1375.0,108.6,96.5,12.2,93.84,2691,0.559,0.521,0.609,0.385,0.679,0.192,0.283,0.454,0.184,0.321,0.269,2590.0,947.0,2328.0,474.0,626.0,493.0,340.0,713.0,nba_api:leaguedashteamstats,8.582799145299148,7.675428438898265,0.9073707064008829,-1.211318501759676
WNBA,2012,1611661313,NYL,New York Liberty,34,15,19,0.441,968,2280,0.425,204,575,0.355,344,454,0.758,341,794,1135,532,252,142,555.0,574,2484,1360.0,95.2,100.5,-5.3,92.14,2609,0.501,0.469,0.457,0.349,0.645,0.213,0.2,0.475,0.188,0.355,0.279,2625.0,972.0,2264.0,472.0,632.0,491.0,367.0,801.0,nba_api:leaguedashteamstats,-3.415420227920225,-3.9040593825076577,0.4886391545874327,0.7316385956091871
WNBA,2012,1611661317,PHO,Phoenix Mercury,34,7,27,0.206,920,2395,0.384,193,655,0.295,500,657,0.761,417,855,1272,465,243,129,561.0,696,2533,1370.0,91.6,106.8,-15.2,96.82,2766,0.472,0.424,0.38,0.355,0.652,0.203,0.274,0.49,0.165,0.348,0.302,2949.0,1063.0,2434.0,564.0,735.0,455.0,367.0,862.0,nba_api:leaguedashteamstats,-10.133012820512832,-1.9206240957318599,-8.212388724780972,2.102281297134226
WNBA,2012,1611661319,SAS,San Antonio Silver Stars,34,21,13,0.618,1024,2301,0.445,253,675,0.375,489,631,0.775,325,803,1128,642,302,116,444.0,531,2790,1370.0,105.6,98.9,6.7,92.64,2643,0.541,0.5,0.548,0.318,0.664,0.168,0.274,0.484,0.201,0.336,0.241,2616.0,978.0,2263.0,424.0,545.0,532.0,340.0,847.0,nba_api:leaguedashteamstats,4.326388888888893,3.7023957244862515,0.6239931644026413,-0.7912581699346362
WNBA,2012,1611661328,SEA,Seattle Storm,34,16,18,0.471,870,2006,0.434,238,679,0.351,443,590,0.751,228,855,1083,577,205,101,578.0,602,2421,1365.0,94.6,94.8,-0.1,90.18,2559,0.534,0.493,0.507,0.284,0.66,0.226,0.295,0.438,0.18,0.34,0.274,2436.0,877.0,2244.0,470.0,615.0,462.0,360.0,785.0,nba_api:leaguedashteamstats,-0.4407051282051153,-7.8330909392331804,7.392385811028065,-0.028940422322762394
WNBA,2012,1611661321,TUL,Tulsa Shock,34,9,25,0.265,932,2302,0.405,271,714,0.38,491,677,0.725,331,671,1002,521,329,94,501.0,649,2626,1375.0,96.4,104.9,-8.5,95.16,2724,0.505,0.464,0.408,0.307,0.623,0.184,0.294,0.531,0.229,0.377,0.304,2863.0,1047.0,2197.0,529.0,668.0,624.0,342.0,919.0,nba_api:leaguedashteamstats,-5.596688034188035,0.17189174570639576,-5.768579779894431,1.3739002011060828
WNBA,2012,1611661322,WAS,Washington Mystics,34,5,29,0.147,882,2140,0.412,144,478,0.301,423,588,0.719,340,721,1061,530,293,118,571.0,628,2331,1365.0,90.3,103.5,-13.1,90.58,2580,0.486,0.446,0.402,0.349,0.641,0.221,0.275,0.5,0.206,0.359,0.318,2661.0,981.0,2132.0,529.0,677.0,530.0,325.0,782.0,nba_api:leaguedashteamstats,-8.517984330484317,-8.47258281310004,-0.04540151738427767,1.1878980224568583
WNBA,2013,1611661330,ATL,Atlanta Dream,34,17,17,0.5,999,2360,0.423,119,432,0.275,497,671,0.741,364,848,1212,565,347,145,515.0,620,2614,1370.0,95.5,93.6,1.9,95.91,2737,0.492,0.449,0.513,0.335,0.67,0.188,0.284,0.45,0.211,0.33,0.299,2563.0,948.0,2256.0,532.0,675.0,579.0,344.0,869.0,nba_api:leaguedashteamstats,0.7865557865557866,1.395303953980262,-0.6087481674244755,-0.7134442134442134
WNBA,2013,1611661329,CHI,Chicago Sky,34,24,10,0.706,964,2297,0.42,164,488,0.336,609,748,0.814,360,903,1263,518,246,225,435.0,568,2701,1365.0,102.3,95.1,7.2,92.69,2640,0.514,0.455,0.565,0.355,0.684,0.165,0.326,0.439,0.171,0.316,0.255,2502.0,942.0,2329.0,459.0,595.0,450.0,307.0,822.0,nba_api:leaguedashteamstats,4.597366597366602,3.758996344925154,0.8383702524414476,-1.2555745791039863
WNBA,2013,1611661323,CON,Connecticut Sun,34,10,24,0.294,936,2341,0.4,141,468,0.301,402,545,0.738,347,804,1151,469,257,130,484.0,563,2415,1365.0,91.0,98.8,-7.8,93.13,2653,0.468,0.43,0.435,0.326,0.649,0.182,0.233,0.466,0.193,0.351,0.281,2613.0,993.0,2278.0,492.0,640.0,510.0,379.0,900.0,nba_api:leaguedashteamstats,-5.449930699930686,-4.1120025341382265,-1.3379281657924595,0.3735987118340196
WNBA,2013,1611661325,IND,Indiana Fever,34,16,18,0.471,866,2203,0.393,187,555,0.337,489,626,0.781,361,727,1088,464,326,120,451.0,612,2408,1375.0,95.5,95.8,-0.2,87.67,2521,0.486,0.436,0.48,0.342,0.662,0.179,0.284,0.469,0.222,0.338,0.304,2396.0,889.0,2034.0,490.0,618.0,556.0,305.0,839.0,nba_api:leaguedashteamstats,-0.3839223839223527,-5.3328717274768325,4.94894934355448,-0.736863560392941
WNBA,2013,1611661320,LAS,Los Angeles Sparks,34,24,10,0.706,1078,2271,0.475,110,318,0.346,520,668,0.778,305,870,1175,639,287,166,476.0,617,2786,1375.0,102.8,94.0,8.7,94.64,2711,0.543,0.499,0.577,0.314,0.666,0.176,0.294,0.442,0.192,0.334,0.283,2549.0,954.0,2313.0,504.0,655.0,520.0,357.0,787.0,nba_api:leaguedashteamstats,5.961625086625062,5.599932994607616,0.3616920920174467,-1.0089631486690553
WNBA,2013,1611661324,MIN,Minnesota Lynx,34,26,8,0.765,1109,2341,0.474,131,359,0.365,469,594,0.79,333,922,1255,698,262,162,412.0,562,2818,1365.0,106.6,94.7,11.8,92.89,2644,0.541,0.502,0.607,0.337,0.692,0.156,0.254,0.446,0.184,0.308,0.273,2500.0,917.0,2265.0,481.0,618.0,485.0,316.0,780.0,nba_api:leaguedashteamstats,8.784909909909919,6.647778330133733,2.1371315797761854,-0.5680312665606699
WNBA,2013,1611661313,NYL,New York Liberty,34,11,23,0.324,915,2263,0.404,120,366,0.328,417,550,0.758,364,911,1275,522,201,92,564.0,611,2367,1375.0,89.4,98.5,-9.0,92.6,2647,0.472,0.431,0.434,0.346,0.69,0.213,0.243,0.452,0.154,0.31,0.263,2617.0,963.0,2360.0,484.0,621.0,410.0,339.0,852.0,nba_api:leaguedashteamstats,-6.6391198891198835,-5.455206694917474,-1.1839131942024093,0.7138212873507044
WNBA,2013,1611661317,PHO,Phoenix Mercury,34,19,15,0.559,986,2179,0.453,163,538,0.303,575,709,0.811,265,928,1193,574,203,175,515.0,696,2710,1365.0,99.7,100.5,-0.7,95.53,2717,0.544,0.49,0.519,0.284,0.682,0.19,0.325,0.45,0.147,0.318,0.308,2729.0,987.0,2404.0,567.0,741.0,399.0,349.0,813.0,nba_api:leaguedashteamstats,0.3649514899514834,4.653654038317565,-4.288702548366081,0.9237750193632481
WNBA,2013,1611661319,SAS,San Antonio Silver Stars,34,12,22,0.353,923,2305,0.4,194,613,0.316,412,552,0.746,335,756,1091,556,281,126,455.0,558,2452,1365.0,93.9,101.3,-7.4,91.85,2611,0.481,0.443,0.437,0.304,0.672,0.174,0.239,0.493,0.193,0.328,0.271,2648.0,1002.0,2202.0,478.0,597.0,504.0,316.0,925.0,nba_api:leaguedashteamstats,-4.416753291753329,-3.349048821309701,-1.067704470443628,1.3479525905996121
WNBA,2013,1611661328,SEA,Seattle Storm,34,17,17,0.5,855,2029,0.421,196,590,0.332,504,615,0.82,272,758,1030,469,205,84,534.0,602,2410,1365.0,95.9,98.9,-3.0,88.46,2513,0.524,0.47,0.452,0.313,0.683,0.212,0.303,0.468,0.178,0.317,0.308,2491.0,916.0,2106.0,519.0,648.0,449.0,296.0,777.0,nba_api:leaguedashteamstats,-1.70157657657658,-5.351801318639469,3.6502247420628886,0.6807763645998905
WNBA,2013,1611661321,TUL,Tulsa Shock,34,11,23,0.324,913,2252,0.405,227,679,0.334,564,718,0.786,351,765,1116,514,272,126,513.0,614,2617,1390.0,98.3,100.7,-2.5,92.13,2663,0.51,0.456,0.457,0.328,0.652,0.193,0.319,0.488,0.196,0.348,0.286,2693.0,1013.0,2247.0,502.0,642.0,525.0,337.0,876.0,nba_api:leaguedashteamstats,-1.7431566181566067,1.5494847768902247,-3.2926413950468314,0.49213749949045216
WNBA,2013,1611661322,WAS,Washington Mystics,34,17,17,0.5,929,2251,0.413,157,453,0.347,551,699,0.788,337,870,1207,541,256,123,512.0,634,2566,1375.0,96.2,95.7,0.6,93.29,2666,0.501,0.448,0.494,0.33,0.673,0.192,0.311,0.449,0.179,0.327,0.281,2563.0,949.0,2298.0,501.0,645.0,479.0,349.0,822.0,nba_api:leaguedashteamstats,-0.16094941094940474,-0.004219342372846491,-0.15673006857655825,-0.24918470506705181
WNBA,2014,1611661330,ATL,Atlanta Dream,34,19,15,0.559,1038,2400,0.433,153,505,0.303,511,697,0.733,400,882,1282,659,327,148,546.0,659,2740,1395.0,97.6,95.5,2.1,96.43,2808,0.506,0.464,0.524,0.354,0.685,0.194,0.29,0.466,0.209,0.315,0.299,2670.0,985.0,2302.0,523.0,688.0,585.0,328.0,840.0,nba_api:leaguedashteamstats,1.119836182336173,3.753401960029115,-2.633565777692942,-0.9389873470755914
WNBA,2014,1611661329,CHI,Chicago Sky,34,15,19,0.441,973,2245,0.433,119,358,0.332,526,649,0.81,292,870,1162,556,244,201,488.0,648,2591,1375.0,97.3,99.8,-2.6,92.98,2663,0.512,0.46,0.491,0.312,0.653,0.183,0.289,0.453,0.169,0.347,0.287,2660.0,992.0,2363.0,517.0,678.0,450.0,381.0,840.0,nba_api:leaguedashteamstats,-1.9058048433048418,-0.5007978631362198,-1.405006980168622,0.12360692140104046
WNBA,2014,1611661323,CON,Connecticut Sun,34,13,21,0.382,986,2379,0.414,151,469,0.322,450,606,0.743,397,759,1156,473,273,110,502.0,678,2573,1375.0,97.1,99.4,-2.4,92.53,2651,0.486,0.446,0.447,0.376,0.658,0.189,0.255,0.474,0.201,0.342,0.318,2635.0,972.0,2195.0,553.0,699.0,532.0,318.0,823.0,nba_api:leaguedashteamstats,-2.199964387464364,-1.129019876595308,-1.0709445108690563,-0.37643497569965834
WNBA,2014,1611661325,IND,Indiana Fever,34,16,18,0.471,907,2168,0.418,175,506,0.346,532,705,0.755,346,751,1097,483,279,139,503.0,714,2521,1380.0,98.0,99.1,-1.1,89.57,2572,0.509,0.459,0.464,0.341,0.661,0.196,0.325,0.473,0.201,0.339,0.357,2554.0,923.0,2084.0,583.0,745.0,519.0,294.0,789.0,nba_api:leaguedashteamstats,-1.2904202279202308,-3.2275883140646053,1.9371680861443745,-0.31983199262611317
WNBA,2014,1611661320,LAS,Los Angeles Sparks,34,16,18,0.471,1043,2282,0.457,89,282,0.316,457,573,0.798,299,803,1102,631,308,116,492.0,585,2632,1385.0,97.2,97.7,-0.5,93.71,2707,0.519,0.477,0.504,0.298,0.685,0.182,0.251,0.485,0.203,0.315,0.259,2639.0,1006.0,2238.0,469.0,580.0,549.0,305.0,839.0,nba_api:leaguedashteamstats,0.3837250712250686,0.3834361380158784,0.0002889332091902119,0.589607424166245
WNBA,2014,1611661324,MIN,Minnesota Lynx,34,25,9,0.735,1068,2285,0.467,128,379,0.338,512,643,0.796,280,919,1199,690,241,124,419.0,572,2776,1375.0,104.4,98.9,5.6,92.72,2658,0.541,0.495,0.562,0.311,0.707,0.158,0.281,0.469,0.166,0.293,0.234,2624.0,990.0,2339.0,428.0,548.0,440.0,308.0,799.0,nba_api:leaguedashteamstats,4.33742877492877,4.186257817453936,0.1511709574748341,-0.13315946036534765
WNBA,2014,1611661313,NYL,New York Liberty,34,15,19,0.441,938,2223,0.422,103,338,0.305,474,630,0.752,311,871,1182,545,246,99,492.0,590,2453,1375.0,93.2,97.1,-3.9,91.88,2631,0.491,0.445,0.474,0.307,0.702,0.187,0.283,0.465,0.172,0.298,0.267,2557.0,960.0,2253.0,463.0,601.0,453.0,294.0,859.0,nba_api:leaguedashteamstats,-3.0204772079772377,-4.953069390300025,1.9325921823227876,0.038346321434526764
WNBA,2014,1611661317,PHO,Phoenix Mercury,34,29,5,0.853,1052,2172,0.484,178,508,0.35,558,687,0.812,237,909,1146,661,235,205,443.0,544,2840,1383.0,106.4,94.1,12.3,92.77,2668,0.574,0.525,0.614,0.253,0.678,0.166,0.316,0.441,0.171,0.322,0.218,2520.0,980.0,2394.0,407.0,522.0,457.0,344.0,828.0,nba_api:leaguedashteamstats,8.665776353276366,6.058944537662218,2.606831815614148,-0.7459883526059876
WNBA,2014,1611661319,SAS,San Antonio Stars,34,16,18,0.471,985,2291,0.43,226,630,0.359,449,546,0.822,299,778,1077,621,251,97,430.0,569,2645,1380.0,101.1,103.1,-2.0,91.1,2615,0.522,0.479,0.48,0.295,0.686,0.164,0.238,0.507,0.182,0.314,0.271,2705.0,1044.0,2204.0,470.0,597.0,477.0,284.0,876.0,nba_api:leaguedashteamstats,-1.0471866096866016,0.6318811596290157,-1.6790677693156173,0.7175192726663395
WNBA,2014,1611661328,SEA,Seattle Storm,34,12,22,0.353,895,2051,0.436,201,598,0.336,419,538,0.779,216,754,970,565,225,69,498.0,589,2410,1375.0,95.4,101.5,-6.0,88.13,2525,0.527,0.485,0.449,0.27,0.69,0.197,0.262,0.491,0.177,0.31,0.269,2561.0,979.0,2142.0,459.0,576.0,447.0,281.0,825.0,nba_api:leaguedashteamstats,-3.334223646723644,-6.647952014061924,3.31372836733828,1.1069528238645914
WNBA,2014,1611661321,TUL,Tulsa Shock,34,12,22,0.353,1000,2343,0.427,183,601,0.304,577,751,0.768,397,782,1179,519,246,110,464.0,691,2760,1383.0,103.1,106.1,-3.0,92.79,2678,0.516,0.466,0.456,0.366,0.681,0.173,0.321,0.501,0.173,0.319,0.339,2831.0,1039.0,2221.0,604.0,753.0,463.0,316.0,834.0,nba_api:leaguedashteamstats,-1.3805199430199488,4.620386906755441,-6.00090684977539,0.7077153510976983
WNBA,2014,1611661322,WAS,Washington Mystics,34,16,18,0.471,944,2221,0.425,178,561,0.317,459,575,0.798,330,873,1203,577,234,107,525.0,638,2525,1395.0,96.6,95.9,0.8,90.0,2613,0.51,0.465,0.509,0.333,0.675,0.201,0.259,0.443,0.164,0.325,0.264,2510.0,959.0,2325.0,448.0,613.0,430.0,351.0,799.0,nba_api:leaguedashteamstats,-0.3281695156695159,-3.1758810613875266,2.8477115457180107,-0.7693459862577512
WNBA,2015,1611661330,ATL,Atlanta Dream,34,15,19,0.441,954,2320,0.411,166,519,0.32,571,725,0.788,374,803,1177,548,314,125,545.0,744,2645,1370.0,97.7,100.6,-2.8,94.67,2707,0.501,0.447,0.466,0.376,0.676,0.201,0.313,0.477,0.202,0.324,0.366,2712.0,947.0,2171.0,640.0,795.0,544.0,297.0,794.0,nba_api:leaguedashteamstats,-1.1708304458304184,3.3109174025608867,-4.481747848391305,0.7997577894636994
WNBA,2015,1611661329,CHI,Chicago Sky,34,21,13,0.618,1070,2398,0.446,141,431,0.327,537,650,0.826,339,906,1245,542,227,227,411.0,632,2818,1375.0,104.4,99.4,5.0,94.18,2699,0.525,0.476,0.533,0.331,0.694,0.152,0.271,0.463,0.164,0.306,0.288,2680.0,994.0,2337.0,515.0,673.0,442.0,303.0,840.0,nba_api:leaguedashteamstats,4.120229845229848,8.321297381238995,-4.201067536009147,0.061406315818083534
WNBA,2015,1611661323,CON,Connecticut Sun,34,15,19,0.441,969,2296,0.422,209,623,0.335,403,544,0.741,306,747,1053,536,279,107,460.0,654,2550,1390.0,98.2,100.2,-2.0,89.72,2597,0.503,0.468,0.459,0.328,0.653,0.177,0.237,0.477,0.196,0.347,0.295,2605.0,957.0,2175.0,530.0,642.0,509.0,311.0,832.0,nba_api:leaguedashteamstats,-0.847822822822816,-0.33875787381070666,-0.5090649490121093,0.7698242360007135
WNBA,2015,1611661325,IND,Indiana Fever,34,20,14,0.588,939,2214,0.424,182,506,0.36,581,727,0.799,329,771,1100,506,295,97,490.0,708,2641,1370.0,99.8,97.4,2.4,92.72,2647,0.521,0.465,0.498,0.325,0.68,0.185,0.328,0.475,0.209,0.32,0.318,2577.0,945.0,2149.0,534.0,683.0,552.0,287.0,829.0,nba_api:leaguedashteamstats,2.208933933933925,2.8105882465031486,-0.6016543125692237,0.32658099275745434
WNBA,2015,1611661320,LAS,Los Angeles Sparks,34,14,20,0.412,959,2121,0.452,145,489,0.297,440,540,0.815,240,853,1093,621,197,140,450.0,608,2503,1370.0,98.9,100.0,-1.1,88.71,2530,0.531,0.486,0.513,0.278,0.688,0.178,0.255,0.451,0.148,0.312,0.319,2535.0,915.0,2206.0,545.0,703.0,375.0,310.0,809.0,nba_api:leaguedashteamstats,-1.643670593670572,-1.6922528844386275,0.048582290768055536,-0.7024941230823367
WNBA,2015,1611661324,MIN,Minnesota Lynx,34,22,12,0.647,984,2233,0.441,139,419,0.332,459,562,0.817,303,896,1199,617,209,149,446.0,537,2566,1365.0,99.6,94.2,5.3,90.81,2577,0.517,0.472,0.54,0.299,0.722,0.173,0.252,0.453,0.167,0.278,0.213,2439.0,935.0,2256.0,396.0,481.0,433.0,270.0,853.0,nba_api:leaguedashteamstats,2.6928158928158847,0.03474611917326165,2.658069773642623,-1.0424782248311741
WNBA,2015,1611661313,NYL,New York Liberty,34,23,11,0.676,940,2208,0.426,128,414,0.309,521,674,0.773,338,911,1249,569,250,146,497.0,616,2529,1370.0,96.6,92.4,4.3,91.67,2617,0.505,0.455,0.546,0.33,0.714,0.19,0.305,0.438,0.189,0.286,0.289,2416.0,855.0,2176.0,510.0,629.0,495.0,252.0,820.0,nba_api:leaguedashteamstats,3.5229325479325198,-1.5015448157967883,5.024477363729308,0.1994031361678137
WNBA,2015,1611661317,PHO,Phoenix Mercury,34,20,14,0.588,936,2142,0.437,157,485,0.324,526,649,0.81,245,890,1135,552,248,234,438.0,625,2555,1385.0,98.5,94.8,3.7,89.85,2593,0.526,0.474,0.549,0.268,0.673,0.169,0.303,0.432,0.17,0.327,0.255,2458.0,913.0,2305.0,468.0,588.0,441.0,334.0,857.0,nba_api:leaguedashteamstats,1.8428158928158935,-0.4123021884701563,2.25511808128605,-1.0101252836546948
WNBA,2015,1611661319,SAS,San Antonio Stars,34,8,26,0.235,861,2206,0.39,128,434,0.295,464,597,0.777,274,834,1108,516,245,130,475.0,519,2314,1365.0,89.0,100.2,-11.2,91.48,2600,0.469,0.419,0.426,0.286,0.697,0.183,0.271,0.487,0.171,0.303,0.231,2608.0,1039.0,2266.0,399.0,523.0,446.0,296.0,916.0,nba_api:leaguedashteamstats,-7.793670593670612,-6.60727354231248,-1.1863970513581314,0.8533882298587994
WNBA,2015,1611661328,SEA,Seattle Storm,34,10,24,0.294,898,2068,0.434,159,493,0.323,439,539,0.814,179,854,1033,569,205,114,514.0,609,2394,1360.0,92.3,99.9,-7.6,91.45,2594,0.519,0.473,0.461,0.235,0.7,0.198,0.261,0.47,0.167,0.3,0.277,2586.0,962.0,2230.0,488.0,618.0,433.0,300.0,856.0,nba_api:leaguedashteamstats,-5.6824786324786345,-4.536462243108525,-1.1460163893701099,-0.035419808949222364
WNBA,2015,1611661321,TUL,Tulsa Shock,34,18,16,0.529,907,2298,0.395,206,634,0.325,622,785,0.792,393,819,1212,480,236,127,427.0,663,2642,1370.0,101.5,100.5,1.0,91.29,2603,0.5,0.44,0.478,0.358,0.704,0.164,0.342,0.482,0.178,0.296,0.309,2620.0,964.0,2168.0,530.0,669.0,465.0,287.0,857.0,nba_api:leaguedashteamstats,0.16752136752136515,3.027938678550476,-2.860417311029111,-0.47953745600804665
WNBA,2015,1611661322,WAS,Washington Mystics,34,18,16,0.529,919,2180,0.422,205,593,0.346,458,578,0.792,275,824,1099,606,226,166,448.0,631,2501,1370.0,98.1,95.1,2.9,89.27,2550,0.514,0.469,0.528,0.299,0.662,0.176,0.265,0.436,0.183,0.338,0.252,2422.0,910.0,2245.0,466.0,566.0,466.0,348.0,845.0,nba_api:leaguedashteamstats,2.583223608223606,-2.4168942800894984,5.000117888313104,0.2596941964588999
WNBA,2016,1611661330,ATL,Atlanta Dream,34,17,17,0.5,985,2334,0.422,127,442,0.287,683,909,0.751,372,868,1240,510,245,171,471.0,680,2780,1390.0,100.8,103.3,-2.5,95.36,2759,0.508,0.449,0.474,0.346,0.654,0.171,0.389,0.47,0.171,0.346,0.321,2855.0,1043.0,2396.0,603.0,768.0,473.0,339.0,846.0,nba_api:leaguedashteamstats,-1.7982456140350909,0.11702302631578831,-1.9152686403508792,0.40763673890608576
WNBA,2016,1611661329,CHI,Chicago Sky,34,18,16,0.529,1131,2449,0.462,138,375,0.368,530,638,0.831,346,866,1212,620,236,173,411.0,670,2930,1377.0,107.1,106.2,0.8,95.42,2737,0.537,0.49,0.506,0.34,0.688,0.15,0.261,0.486,0.153,0.312,0.339,2909.0,1021.0,2340.0,635.0,793.0,420.0,302.0,817.0,nba_api:leaguedashteamstats,0.8230994152046831,4.799049707602336,-3.975950292397653,0.20545235638115367
WNBA,2016,1611661323,CON,Connecticut Sun,34,14,20,0.412,1070,2437,0.439,192,623,0.308,489,684,0.715,367,792,1159,568,285,117,482.0,729,2821,1392.0,102.1,103.7,-1.6,95.34,2764,0.515,0.478,0.457,0.348,0.687,0.174,0.281,0.499,0.193,0.313,0.356,2868.0,1021.0,2225.0,647.0,792.0,533.0,282.0,871.0,nba_api:leaguedashteamstats,-1.5350877192982404,1.1486019736842223,-2.6836896929824627,-0.15273477812176983
WNBA,2016,1611661321,DAL,Dallas Wings,34,11,23,0.324,955,2387,0.4,239,742,0.322,661,822,0.804,375,785,1160,521,220,120,475.0,701,2810,1390.0,101.8,108.5,-6.6,95.41,2760,0.511,0.45,0.419,0.347,0.666,0.172,0.344,0.51,0.167,0.334,0.34,3000.0,1104.0,2321.0,631.0,790.0,461.0,325.0,907.0,nba_api:leaguedashteamstats,-4.619883040935665,1.5218293128655054,-6.141712353801171,0.9683522531819815
WNBA,2016,1611661325,IND,Indiana Fever,34,17,17,0.5,994,2223,0.447,174,542,0.321,574,679,0.845,290,762,1052,601,298,80,498.0,708,2736,1370.0,102.8,103.4,-0.6,93.2,2661,0.542,0.486,0.493,0.327,0.687,0.187,0.305,0.508,0.199,0.313,0.348,2749.0,995.0,2132.0,582.0,742.0,530.0,277.0,794.0,nba_api:leaguedashteamstats,-0.173976608187135,-1.4073008040935688,1.2333241959064338,0.20837633298933556
WNBA,2016,1611661320,LAS,Los Angeles Sparks,34,26,8,0.765,1061,2178,0.487,200,533,0.375,499,631,0.791,227,843,1070,692,273,130,463.0,559,2821,1370.0,106.7,97.6,9.1,92.6,2643,0.574,0.533,0.575,0.278,0.683,0.175,0.29,0.471,0.183,0.317,0.258,2580.0,976.0,2256.0,454.0,583.0,483.0,309.0,793.0,nba_api:leaguedashteamstats,6.098684210526327,0.5540296052631808,5.544654605263146,-0.9895510835913202
WNBA,2016,1611661324,MIN,Minnesota Lynx,34,28,6,0.824,1095,2325,0.471,137,406,0.337,590,732,0.806,328,890,1218,681,280,156,460.0,647,2917,1380.0,107.4,96.6,10.8,94.35,2716,0.551,0.5,0.605,0.351,0.691,0.169,0.315,0.458,0.19,0.309,0.293,2617.0,949.0,2278.0,531.0,668.0,514.0,287.0,758.0,nba_api:leaguedashteamstats,7.6703216374269,3.3320358187134467,4.338285818713453,-1.1532077743378064
WNBA,2016,1611661313,NYL,New York Liberty,34,21,13,0.618,1022,2355,0.434,153,422,0.363,579,745,0.777,361,950,1311,637,243,161,498.0,683,2776,1395.0,100.6,99.7,0.9,94.92,2760,0.517,0.466,0.513,0.341,0.713,0.18,0.316,0.456,0.155,0.287,0.307,2749.0,980.0,2375.0,581.0,730.0,428.0,299.0,857.0,nba_api:leaguedashteamstats,0.5628654970760092,-0.3722130847953373,0.9350785818713465,-0.2312521499828143
WNBA,2016,1611661317,PHO,Phoenix Mercury,34,16,18,0.471,999,2204,0.453,209,610,0.343,668,795,0.84,254,846,1100,571,245,181,469.0,698,2875,1380.0,105.0,103.8,1.2,95.1,2739,0.563,0.501,0.522,0.278,0.668,0.171,0.362,0.481,0.175,0.332,0.297,2832.0,1035.0,2352.0,569.0,698.0,477.0,319.0,852.0,nba_api:leaguedashteamstats,1.0643274853800921,2.663934576023369,-1.5996070906432767,-0.22979016167873145
WNBA,2016,1611661319,SAS,San Antonio Stars,34,7,27,0.206,903,2229,0.405,152,508,0.299,491,615,0.798,285,798,1083,551,240,129,479.0,685,2449,1375.0,93.6,104.0,-10.5,91.44,2617,0.49,0.439,0.421,0.297,0.668,0.183,0.276,0.477,0.169,0.332,0.348,2728.0,968.0,2209.0,622.0,769.0,444.0,322.0,893.0,nba_api:leaguedashteamstats,-7.348684210526308,-9.902987938596485,2.554303728070177,0.8571981424148678
WNBA,2016,1611661328,SEA,Seattle Storm,34,16,18,0.471,983,2149,0.457,244,687,0.355,538,646,0.833,231,834,1065,644,215,121,491.0,588,2748,1365.0,103.9,103.1,0.7,93.01,2646,0.565,0.514,0.524,0.272,0.679,0.186,0.301,0.482,0.162,0.321,0.256,2727.0,1039.0,2336.0,476.0,598.0,429.0,323.0,813.0,nba_api:leaguedashteamstats,0.8019005847953204,-1.0855080409356699,1.8874086257309903,0.184253525971791
WNBA,2016,1611661322,WAS,Washington Mystics,34,13,21,0.382,955,2257,0.423,240,670,0.358,595,744,0.8,279,834,1113,593,213,110,433.0,669,2745,1390.0,103.1,104.8,-1.7,92.05,2663,0.531,0.476,0.481,0.303,0.668,0.163,0.33,0.483,0.164,0.332,0.308,2795.0,1022.0,2307.0,567.0,711.0,438.0,331.0,867.0,nba_api:leaguedashteamstats,-1.5453216374268868,-1.368494152046786,-0.17682748538010085,-0.07473340213276902
WNBA,2017,1611661330,ATL,Atlanta Dream,34,12,22,0.353,987,2413,0.409,153,525,0.291,556,729,0.763,343,850,1193,598,237,155,447.0,663,2683,1388.0,97.0,101.5,-4.4,95.71,2765,0.491,0.441,0.46,0.319,0.68,0.162,0.302,0.479,0.18,0.32,0.32,2811.0,1014.0,2314.0,592.0,740.0,499.0,293.0,931.0,nba_api:leaguedashteamstats,-3.38304093567251,-2.5269371345029072,-0.8561038011696027,0.38166494668043116
WNBA,2017,1611661329,CHI,Chicago Sky,34,12,22,0.353,1098,2380,0.461,217,579,0.375,379,482,0.786,257,891,1148,718,195,190,540.0,653,2792,1385.0,99.5,105.7,-6.1,97.25,2805,0.539,0.507,0.466,0.284,0.665,0.193,0.203,0.476,0.148,0.335,0.288,2966.0,1097.0,2519.0,569.0,726.0,415.0,365.0,875.0,nba_api:leaguedashteamstats,-4.172514619883048,1.4783260233918103,-5.650840643274858,0.9451324389404814
WNBA,2017,1611661323,CON,Connecticut Sun,34,21,13,0.618,1098,2452,0.448,223,611,0.365,505,681,0.742,332,917,1249,605,261,98,425.0,643,2924,1360.0,105.6,100.3,5.3,97.68,2769,0.531,0.493,0.527,0.325,0.719,0.153,0.278,0.479,0.17,0.281,0.275,2774.0,1022.0,2350.0,521.0,647.0,471.0,264.0,885.0,nba_api:leaguedashteamstats,3.6959064327485365,4.537536549707603,-0.8416301169590668,-0.7158582731338168
WNBA,2017,1611661321,DAL,Dallas Wings,34,16,18,0.471,979,2414,0.406,227,711,0.319,744,904,0.823,376,796,1172,532,278,126,468.0,687,2929,1380.0,104.2,107.6,-3.4,97.72,2812,0.521,0.453,0.453,0.352,0.683,0.166,0.374,0.521,0.18,0.317,0.325,3019.0,1115.0,2317.0,604.0,752.0,505.0,299.0,881.0,nba_api:leaguedashteamstats,-1.8304093567251343,5.767607821637432,-7.598017178362566,0.8166494668042774
WNBA,2017,1611661325,IND,Indiana Fever,34,9,25,0.265,960,2238,0.429,154,499,0.309,478,568,0.842,244,715,959,511,223,104,461.0,646,2552,1370.0,97.0,108.1,-11.1,92.55,2632,0.513,0.463,0.414,0.269,0.659,0.175,0.254,0.521,0.184,0.341,0.327,2865.0,1034.0,2186.0,588.0,714.0,489.0,299.0,897.0,nba_api:leaguedashteamstats,-7.528508771929834,-5.72571271929824,-1.802796052631594,1.6773735810113415
WNBA,2017,1611661320,LAS,Los Angeles Sparks,34,26,8,0.765,1077,2247,0.479,181,531,0.341,505,613,0.824,225,842,1067,634,316,125,452.0,569,2840,1378.0,106.7,96.1,10.6,92.67,2661,0.564,0.52,0.583,0.292,0.691,0.17,0.273,0.477,0.209,0.309,0.268,2557.0,944.0,2194.0,465.0,588.0,556.0,294.0,789.0,nba_api:leaguedashteamstats,7.2748538011695745,1.1369060672514575,6.137947733918117,-1.048675610595132
WNBA,2017,1611661324,MIN,Minnesota Lynx,34,27,7,0.794,1101,2301,0.478,203,548,0.37,497,626,0.794,327,870,1197,696,274,132,481.0,543,2902,1360.0,108.5,94.4,14.1,94.41,2675,0.563,0.523,0.606,0.345,0.699,0.18,0.272,0.466,0.198,0.301,0.226,2524.0,963.0,2271.0,408.0,513.0,529.0,277.0,751.0,nba_api:leaguedashteamstats,9.061403508771924,2.696326754385968,6.365076754385956,-2.0562435500516045
WNBA,2017,1611661313,NYL,New York Liberty,34,22,12,0.647,998,2350,0.425,192,579,0.332,522,670,0.779,365,951,1316,567,207,133,444.0,671,2710,1365.0,101.8,97.9,3.8,93.57,2663,0.512,0.466,0.525,0.352,0.736,0.167,0.285,0.452,0.152,0.264,0.298,2604.0,929.0,2278.0,543.0,678.0,404.0,256.0,825.0,nba_api:leaguedashteamstats,2.7485380116958718,-2.336147660818746,5.084685672514618,-0.3691090471276577
WNBA,2017,1611661317,PHO,Phoenix Mercury,34,18,16,0.529,973,2209,0.44,221,651,0.339,617,783,0.788,259,832,1091,599,217,153,478.0,730,2784,1375.0,102.3,102.6,-0.3,94.88,2722,0.545,0.49,0.507,0.281,0.673,0.176,0.354,0.477,0.176,0.327,0.316,2784.0,1014.0,2313.0,576.0,732.0,478.0,304.0,873.0,nba_api:leaguedashteamstats,0.27192982456141035,0.6682565789473767,-0.3963267543859663,0.27192982456141035
WNBA,2017,1611661319,SAS,San Antonio Stars,34,8,26,0.235,956,2230,0.429,162,486,0.333,455,592,0.769,314,818,1132,594,229,103,558.0,650,2529,1370.0,95.7,104.5,-8.8,92.69,2644,0.508,0.465,0.425,0.339,0.69,0.211,0.265,0.495,0.164,0.31,0.301,2766.0,1019.0,2256.0,534.0,680.0,435.0,296.0,821.0,nba_api:leaguedashteamstats,-6.2258771929824315,-7.087417763157896,0.8615405701754648,0.7447110423116863
WNBA,2017,1611661328,SEA,Seattle Storm,34,15,19,0.441,1025,2168,0.473,247,681,0.363,511,633,0.807,216,838,1054,686,221,109,485.0,615,2808,1375.0,105.0,105.0,0.0,93.38,2675,0.574,0.53,0.524,0.261,0.657,0.181,0.292,0.491,0.171,0.343,0.26,2808.0,1045.0,2360.0,489.0,614.0,457.0,341.0,824.0,nba_api:leaguedashteamstats,-0.35745614035085804,1.196792763157898,-1.554248903508756,-0.35745614035085804
WNBA,2017,1611661322,WAS,Washington Mystics,34,18,16,0.529,967,2323,0.416,232,732,0.317,613,727,0.843,349,886,1235,556,214,155,412.0,625,2779,1370.0,104.2,103.5,0.6,93.34,2668,0.526,0.466,0.509,0.327,0.683,0.154,0.313,0.478,0.155,0.317,0.264,2754.0,1023.0,2367.0,493.0,624.0,413.0,319.0,854.0,nba_api:leaguedashteamstats,0.44517543859649766,0.19446271929825,0.2507127192982477,-0.2901186790505612
WNBA,2018,1611661330,ATL,Atlanta Dream,34,23,11,0.676,1016,2383,0.426,199,626,0.318,551,739,0.746,332,885,1217,618,259,180,456.0,620,2782,1360.0,100.4,97.5,2.9,97.82,2771,0.514,0.468,0.515,0.321,0.682,0.165,0.31,0.468,0.184,0.318,0.261,2704.0,1004.0,2375.0,483.0,620.0,511.0,332.0,908.0,nba_api:leaguedashteamstats,2.0372807017543892,-0.8193804824561353,2.8566611842105245,-0.2568369453044341
WNBA,2018,1611661329,CHI,Chicago Sky,34,13,21,0.382,1055,2330,0.453,244,671,0.364,494,619,0.798,278,846,1124,721,227,132,522.0,629,2848,1380.0,101.8,109.9,-8.1,97.15,2798,0.547,0.505,0.461,0.305,0.645,0.187,0.266,0.508,0.162,0.355,0.278,3063.0,1144.0,2478.0,544.0,689.0,452.0,386.0,854.0,nba_api:leaguedashteamstats,-5.614035087719314,2.209128289473683,-7.823163377192997,0.7094943240453917
WNBA,2018,1611661323,CON,Connecticut Sun,34,21,13,0.618,1144,2455,0.466,258,703,0.367,433,579,0.748,375,879,1254,666,244,101,458.0,661,2979,1360.0,108.6,101.4,7.2,96.78,2744,0.55,0.519,0.528,0.36,0.721,0.167,0.236,0.493,0.172,0.279,0.278,2777.0,1017.0,2295.0,516.0,638.0,472.0,265.0,822.0,nba_api:leaguedashteamstats,4.942982456140346,5.011595394736838,-0.06861293859649198,-0.9981940144478898
WNBA,2018,1611661321,DAL,Dallas Wings,34,15,19,0.441,1037,2349,0.441,229,752,0.305,643,813,0.791,359,886,1245,614,228,158,481.0,631,2946,1360.0,106.2,105.0,1.3,97.73,2773,0.544,0.49,0.507,0.352,0.699,0.173,0.346,0.497,0.158,0.301,0.292,2902.0,1060.0,2367.0,549.0,691.0,438.0,294.0,800.0,nba_api:leaguedashteamstats,1.1878654970760394,4.514766081871342,-3.326900584795303,-0.1062521499827842
WNBA,2018,1611661325,IND,Indiana Fever,34,6,28,0.176,981,2414,0.406,192,591,0.325,443,547,0.81,304,819,1123,544,218,92,412.0,634,2597,1380.0,95.7,107.2,-11.5,94.43,2713,0.489,0.446,0.411,0.289,0.689,0.152,0.227,0.522,0.17,0.311,0.288,2913.0,1086.0,2298.0,516.0,662.0,461.0,291.0,966.0,nba_api:leaguedashteamstats,-8.620614035087717,-5.748327850877199,-2.8722861842105187,0.6735036119711069
WNBA,2018,1611661319,LVA,Las Vegas Aces,33,14,19,0.424,1032,2334,0.442,125,361,0.346,597,774,0.771,310,906,1216,668,208,128,422.0,584,2786,1325.0,102.0,105.2,-3.2,98.88,2731,0.521,0.469,0.493,0.312,0.718,0.155,0.332,0.504,0.154,0.282,0.252,2871.0,1064.0,2371.0,479.0,598.0,420.0,294.0,877.0,nba_api:leaguedashteamstats,-1.9364035087718996,-0.16820175438594465,-1.768201754385955,0.5635964912281004
WNBA,2018,1611661320,LAS,Los Angeles Sparks,34,19,15,0.559,1026,2268,0.452,204,588,0.347,427,527,0.81,245,819,1064,623,270,96,411.0,558,2683,1365.0,101.1,98.9,2.2,93.22,2655,0.537,0.497,0.509,0.252,0.7,0.155,0.232,0.493,0.192,0.3,0.269,2618.0,984.0,2186.0,464.0,587.0,509.0,286.0,906.0,nba_api:leaguedashteamstats,1.8559941520467773,-3.81106542397661,5.667059576023387,-0.05577055383557572
WNBA,2018,1611661324,MIN,Minnesota Lynx,34,18,16,0.529,1032,2290,0.451,183,529,0.346,437,561,0.779,304,895,1199,666,235,100,483.0,563,2684,1360.0,100.8,99.8,1.1,94.04,2662,0.529,0.491,0.512,0.322,0.742,0.181,0.245,0.497,0.162,0.258,0.226,2661.0,1010.0,2268.0,406.0,513.0,432.0,231.0,828.0,nba_api:leaguedashteamstats,0.6717836257309933,-3.669837353801166,4.341620979532159,-0.0046869625043008956
WNBA,2018,1611661313,NYL,New York Liberty,34,7,27,0.206,1001,2315,0.432,226,713,0.317,413,541,0.763,294,867,1161,662,224,93,499.0,703,2641,1370.0,97.5,105.9,-8.4,95.16,2709,0.517,0.481,0.445,0.288,0.68,0.184,0.234,0.496,0.161,0.32,0.327,2884.0,1014.0,2312.0,589.0,756.0,439.0,294.0,904.0,nba_api:leaguedashteamstats,-6.7192982456140395,-4.776836622807015,-1.9424616228070244,0.4277605779153726
WNBA,2018,1611661317,PHO,Phoenix Mercury,34,20,14,0.588,1016,2221,0.457,288,799,0.36,596,702,0.849,245,864,1109,700,198,160,462.0,641,2916,1360.0,107.3,103.7,3.5,96.11,2718,0.576,0.522,0.546,0.269,0.673,0.17,0.316,0.478,0.155,0.327,0.28,2830.0,1035.0,2402.0,534.0,672.0,423.0,340.0,830.0,nba_api:leaguedashteamstats,2.3530701754385843,3.459868421052625,-1.1067982456140406,-0.17634158926729793
WNBA,2018,1611661328,SEA,Seattle Storm,34,26,8,0.765,1093,2335,0.468,307,816,0.376,473,586,0.807,284,920,1204,721,266,149,456.0,559,2966,1370.0,108.5,99.3,9.2,95.7,2734,0.572,0.534,0.559,0.297,0.707,0.167,0.251,0.479,0.167,0.293,0.228,2709.0,1033.0,2377.0,434.0,542.0,455.0,303.0,854.0,nba_api:leaguedashteamstats,6.951023391812867,4.513011695906438,2.438011695906429,-0.6078001375988977
WNBA,2018,1611661322,WAS,Washington Mystics,33,21,12,0.636,1006,2244,0.448,277,773,0.358,500,583,0.858,284,792,1076,587,236,127,401.0,606,2789,1320.0,107.6,103.5,4.2,94.29,2591,0.558,0.51,0.512,0.293,0.683,0.155,0.26,0.496,0.174,0.317,0.273,2685.0,988.0,2209.0,493.0,603.0,451.0,298.0,829.0,nba_api:leaguedashteamstats,2.890350877192977,-0.7147203947368537,3.605071271929831,-0.16847265221878738
WNBA,2019,1611661330,ATL,Atlanta Dream,34,8,26,0.235,872,2352,0.371,217,748,0.29,460,612,0.752,336,892,1228,533,224,184,491.0,598,2421,1365.0,89.8,99.5,-9.7,94.77,2696,0.462,0.417,0.422,0.315,0.657,0.182,0.26,0.463,0.171,0.343,0.256,2681.0,996.0,2394.0,466.0,612.0,462.0,371.0,973.0,nba_api:leaguedashteamstats,-6.812134502923976,-7.46127558479532,0.6491410818713446,0.8349243206054364
WNBA,2019,1611661329,CHI,Chicago Sky,34,20,14,0.588,1066,2380,0.448,247,735,0.336,497,607,0.819,279,958,1237,733,230,152,519.0,601,2876,1365.0,101.6,100.1,1.4,99.5,2831,0.543,0.5,0.526,0.295,0.679,0.183,0.255,0.462,0.161,0.321,0.248,2832.0,1055.0,2522.0,501.0,625.0,455.0,334.0,869.0,nba_api:leaguedashteamstats,1.4269005847953125,6.305116959064324,-4.8782163742690114,0.13278293773648886
WNBA,2019,1611661323,CON,Connecticut Sun,34,23,11,0.676,1026,2423,0.423,254,713,0.356,441,627,0.703,370,880,1250,655,303,133,481.0,593,2747,1365.0,100.3,96.8,3.5,96.32,2740,0.509,0.476,0.506,0.349,0.727,0.176,0.259,0.487,0.196,0.273,0.253,2650.0,988.0,2252.0,457.0,570.0,537.0,247.0,886.0,nba_api:leaguedashteamstats,2.951023391812873,2.353636695906437,0.5973866959064358,0.06867045063640242
WNBA,2019,1611661321,DAL,Dallas Wings,34,10,24,0.294,880,2265,0.389,216,662,0.326,458,565,0.811,356,797,1153,518,248,129,496.0,659,2434,1360.0,94.0,101.6,-7.5,91.38,2588,0.484,0.436,0.423,0.336,0.677,0.192,0.249,0.478,0.185,0.323,0.321,2631.0,930.0,2162.0,563.0,695.0,479.0,284.0,855.0,nba_api:leaguedashteamstats,-5.084795321637424,-7.112710160818712,2.0279148391812885,0.7093223254213994
WNBA,2019,1611661325,IND,Indiana Fever,34,13,21,0.382,985,2333,0.422,197,569,0.346,471,593,0.794,305,889,1194,589,213,126,473.0,593,2638,1370.0,98.6,101.9,-3.4,93.79,2676,0.508,0.464,0.476,0.323,0.675,0.177,0.254,0.473,0.165,0.325,0.252,2730.0,999.0,2370.0,486.0,597.0,443.0,334.0,845.0,nba_api:leaguedashteamstats,-2.170321637426876,-0.9054733187134438,-1.2648483187134323,0.5355607155143005
WNBA,2019,1611661319,LVA,Las Vegas Aces,34,21,13,0.618,1020,2389,0.427,187,509,0.367,568,731,0.777,312,1007,1319,711,240,154,495.0,574,2795,1370.0,99.1,95.0,4.1,98.8,2820,0.516,0.466,0.536,0.32,0.731,0.176,0.306,0.451,0.161,0.269,0.234,2679.0,978.0,2451.0,470.0,573.0,453.0,281.0,911.0,nba_api:leaguedashteamstats,2.7141812865497092,3.3341739766081853,-0.619992690058476,-0.6975834193326436
WNBA,2019,1611661320,LAS,Los Angeles Sparks,34,22,12,0.647,1031,2388,0.432,242,710,0.341,418,499,0.838,294,870,1164,634,278,129,488.0,615,2722,1365.0,99.3,96.0,3.3,96.26,2741,0.522,0.482,0.52,0.305,0.667,0.178,0.209,0.46,0.202,0.333,0.271,2626.0,944.0,2313.0,497.0,627.0,553.0,334.0,901.0,nba_api:leaguedashteamstats,2.4247076023391925,1.0894371345029352,1.3352704678362572,-0.3988218094255136
WNBA,2019,1611661324,MIN,Minnesota Lynx,34,18,16,0.529,1029,2280,0.451,197,594,0.332,410,525,0.781,306,849,1155,689,287,132,552.0,562,2665,1360.0,98.8,95.8,3.0,95.12,2697,0.531,0.495,0.533,0.331,0.695,0.205,0.23,0.484,0.21,0.305,0.23,2581.0,971.0,2237.0,414.0,514.0,566.0,269.0,790.0,nba_api:leaguedashteamstats,2.1103801169590666,-0.5177266081871288,2.6281067251461954,-0.3602081183350512
WNBA,2019,1611661313,NYL,New York Liberty,34,10,24,0.294,977,2358,0.414,222,665,0.334,456,579,0.788,308,867,1175,667,231,125,524.0,712,2632,1360.0,95.4,103.8,-8.5,97.68,2760,0.504,0.461,0.434,0.306,0.674,0.19,0.246,0.491,0.166,0.326,0.31,2881.0,1031.0,2352.0,570.0,729.0,461.0,318.0,897.0,nba_api:leaguedashteamstats,-6.301900584795359,-0.5545961257310283,-5.74730445906433,1.021628826969347
WNBA,2019,1611661317,PHO,Phoenix Mercury,34,15,19,0.441,925,2184,0.424,223,686,0.325,528,624,0.846,226,878,1104,608,202,150,448.0,568,2601,1365.0,98.3,99.5,-1.2,93.19,2647,0.529,0.475,0.515,0.25,0.666,0.169,0.286,0.47,0.17,0.334,0.209,2639.0,1014.0,2401.0,383.0,503.0,450.0,349.0,916.0,nba_api:leaguedashteamstats,-1.137426900584782,-2.222359283625718,1.084932383040936,-0.01977984176125247
WNBA,2019,1611661328,SEA,Seattle Storm,34,18,16,0.529,946,2251,0.42,241,717,0.336,410,518,0.792,309,779,1088,601,323,132,534.0,529,2543,1360.0,96.2,96.4,-0.2,93.39,2644,0.513,0.474,0.486,0.316,0.685,0.202,0.23,0.49,0.207,0.315,0.22,2553.0,971.0,2212.0,387.0,487.0,549.0,273.0,855.0,nba_api:leaguedashteamstats,0.08406432748538073,-4.030884502923978,4.114948830409359,0.37818197454420427
WNBA,2019,1611661322,WAS,Washington Mystics,34,26,8,0.765,1115,2375,0.469,316,864,0.366,489,559,0.875,285,848,1133,746,260,158,401.0,528,3035,1365.0,112.9,98.1,14.8,94.36,2689,0.579,0.536,0.592,0.318,0.7,0.149,0.235,0.479,0.184,0.3,0.22,2627.0,995.0,2312.0,413.0,508.0,494.0,292.0,816.0,nba_api:leaguedashteamstats,9.795321637426902,9.722660818713454,0.07266081871344898,-2.204678362573098
WNBA,2020,1611661330,ATL,Atlanta Dream,22,7,15,0.318,691,1563,0.442,130,371,0.35,269,355,0.758,199,568,767,371,151,73,327.0,408,1781,885.0,99.0,107.1,-8.1,97.63,1799,0.518,0.484,0.437,0.3,0.705,0.182,0.227,0.514,0.167,0.295,0.283,1928.0,700.0,1532.0,354.0,434.0,300.0,182.0,589.0,nba_api:leaguedashteamstats,-5.4999999999999964,-1.3916666666666675,-4.108333333333329,1.1818181818181852
WNBA,2020,1611661329,CHI,Chicago Sky,22,12,10,0.545,737,1500,0.491,167,476,0.351,267,327,0.817,161,578,739,480,164,89,344.0,396,1908,880.0,105.7,102.7,3.0,98.37,1805,0.58,0.547,0.524,0.28,0.704,0.191,0.218,0.503,0.176,0.296,0.264,1850.0,693.0,1529.0,313.0,403.0,318.0,179.0,530.0,nba_api:leaguedashteamstats,2.416666666666659,3.7916666666666625,-1.3750000000000036,-0.21969696969697727
WNBA,2020,1611661323,CON,Connecticut Sun,22,10,12,0.455,653,1530,0.427,130,417,0.312,332,440,0.755,220,561,781,403,202,69,309.0,413,1768,885.0,100.1,99.5,0.6,95.81,1766,0.513,0.469,0.495,0.329,0.73,0.175,0.288,0.495,0.196,0.27,0.29,1758.0,634.0,1431.0,340.0,415.0,347.0,155.0,570.0,nba_api:leaguedashteamstats,0.4166666666666652,-3.008333333333332,3.424999999999997,-0.037878787878789344
WNBA,2020,1611661321,DAL,Dallas Wings,22,8,14,0.364,648,1562,0.415,196,607,0.323,343,421,0.815,198,522,720,344,180,70,272.0,433,1835,890.0,103.6,108.0,-4.4,95.57,1772,0.525,0.478,0.44,0.299,0.694,0.153,0.27,0.521,0.176,0.306,0.315,1913.0,694.0,1472.0,378.0,463.0,311.0,189.0,614.0,nba_api:leaguedashteamstats,-3.249999999999992,0.708333333333333,-3.958333333333325,0.2954545454545534
WNBA,2020,1611661325,IND,Indiana Fever,22,6,16,0.273,648,1467,0.442,152,440,0.345,349,426,0.819,197,544,741,422,112,70,349.0,390,1797,880.0,101.6,111.8,-10.2,96.27,1768,0.543,0.494,0.446,0.323,0.713,0.197,0.29,0.521,0.138,0.287,0.308,1970.0,718.0,1521.0,384.0,468.0,244.0,184.0,535.0,nba_api:leaguedashteamstats,-7.2083333333333295,-0.7958333333333281,-6.412500000000001,0.6553030303030338
WNBA,2020,1611661319,LVA,Las Vegas Aces,22,18,4,0.818,720,1512,0.476,93,254,0.366,419,514,0.815,179,644,823,457,172,66,276.0,331,1952,880.0,107.3,97.2,10.0,99.08,1820,0.562,0.507,0.59,0.286,0.748,0.152,0.34,0.485,0.174,0.252,0.201,1763.0,674.0,1564.0,245.0,314.0,316.0,172.0,549.0,nba_api:leaguedashteamstats,7.708333333333332,5.362499999999997,2.3458333333333345,-0.8825757575757596
WNBA,2020,1611661320,LAS,Los Angeles Sparks,22,15,7,0.682,708,1473,0.481,159,399,0.398,293,370,0.792,140,551,691,440,197,66,317.0,403,1868,885.0,104.3,98.8,5.5,97.08,1791,0.571,0.535,0.53,0.248,0.721,0.177,0.251,0.511,0.215,0.279,0.261,1767.0,647.0,1440.0,294.0,376.0,385.0,174.0,577.0,nba_api:leaguedashteamstats,4.208333333333334,1.6125000000000043,2.59583333333333,-0.3825757575757569
WNBA,2020,1611661324,MIN,Minnesota Lynx,22,14,8,0.636,673,1475,0.456,182,473,0.385,329,402,0.818,218,538,756,435,185,66,327.0,372,1857,880.0,106.7,101.7,5.1,95.02,1740,0.562,0.518,0.528,0.331,0.692,0.188,0.273,0.505,0.194,0.308,0.271,1773.0,645.0,1444.0,314.0,392.0,338.0,179.0,500.0,nba_api:leaguedashteamstats,3.333333333333342,1.049999999999999,2.283333333333343,-0.4848484848484764
WNBA,2020,1611661313,NYL,New York Liberty,22,2,20,0.091,540,1451,0.372,167,602,0.277,334,406,0.823,175,612,787,327,139,94,392.0,420,1581,880.0,87.3,104.5,-17.2,98.67,1811,0.485,0.43,0.376,0.267,0.722,0.216,0.28,0.491,0.151,0.278,0.251,1889.0,704.0,1587.0,330.0,398.0,273.0,178.0,635.0,nba_api:leaguedashteamstats,-11.916666666666666,-10.575000000000001,-1.341666666666665,2.083333333333334
WNBA,2020,1611661317,PHO,Phoenix Mercury,22,13,9,0.591,664,1475,0.45,185,540,0.343,382,463,0.825,165,582,747,448,149,123,334.0,434,1895,885.0,104.5,101.8,2.7,98.47,1813,0.564,0.513,0.527,0.264,0.68,0.184,0.314,0.477,0.176,0.32,0.289,1851.0,663.0,1559.0,364.0,451.0,320.0,214.0,578.0,nba_api:leaguedashteamstats,1.708333333333326,3.1374999999999975,-1.4291666666666716,-0.29166666666667407
WNBA,2020,1611661328,SEA,Seattle Storm,22,18,4,0.818,701,1491,0.47,185,470,0.394,339,415,0.817,167,590,757,482,221,89,308.0,364,1926,880.0,108.3,93.3,15.0,97.39,1779,0.575,0.532,0.597,0.277,0.686,0.173,0.278,0.454,0.201,0.314,0.245,1672.0,604.0,1507.0,305.0,369.0,361.0,207.0,548.0,nba_api:leaguedashteamstats,9.50000000000001,3.3333333333333393,6.166666666666671,-2.0454545454545343
WNBA,2020,1611661322,WAS,Washington Mystics,22,9,13,0.409,652,1507,0.433,183,536,0.341,273,331,0.825,161,532,693,434,173,49,301.0,373,1760,890.0,100.1,102.2,-2.1,94.73,1758,0.532,0.493,0.488,0.265,0.734,0.171,0.22,0.523,0.195,0.266,0.273,1794.0,659.0,1420.0,308.0,387.0,343.0,167.0,597.0,nba_api:leaguedashteamstats,-1.4166666666666656,-3.224999999999999,1.8083333333333336,0.12878787878787978
WNBA,2021,1611661330,ATL,Atlanta Dream,32,8,24,0.25,980,2352,0.417,196,632,0.31,362,503,0.72,311,782,1093,558,285,149,382.0,588,2518,1290.0,97.5,104.0,-6.5,96.33,2583,0.489,0.458,0.441,0.291,0.689,0.148,0.214,0.52,0.194,0.311,0.297,2698.0,967.0,2118.0,496.0,630.0,504.0,279.0,947.0,nba_api:leaguedashteamstats,-5.3676470588235405,-1.6028711484593865,-3.764775910364154,0.25735294117645946
WNBA,2021,1611661329,CHI,Chicago Sky,32,16,16,0.5,986,2236,0.441,233,679,0.343,459,543,0.845,265,854,1119,697,224,145,465.0,609,2664,1300.0,100.9,99.4,1.5,97.46,2641,0.538,0.493,0.515,0.28,0.69,0.176,0.243,0.48,0.188,0.31,0.271,2622.0,969.0,2238.0,474.0,607.0,497.0,301.0,847.0,nba_api:leaguedashteamstats,1.1290849673202832,2.701447245564907,-1.5723622782446238,-0.18341503267971682
WNBA,2021,1611661323,CON,Connecticut Sun,32,26,6,0.813,933,2100,0.444,223,625,0.357,462,566,0.816,311,860,1171,575,251,115,484.0,570,2551,1290.0,104.1,91.7,12.4,90.96,2450,0.543,0.497,0.577,0.37,0.766,0.198,0.27,0.459,0.188,0.234,0.244,2237.0,817.0,1998.0,402.0,488.0,458.0,188.0,687.0,nba_api:leaguedashteamstats,8.748366013071882,-2.013912231559296,10.762278244631178,-1.064133986928118
WNBA,2021,1611661321,DAL,Dallas Wings,32,14,18,0.438,949,2262,0.42,262,740,0.354,436,526,0.829,320,836,1156,557,219,124,443.0,589,2596,1290.0,102.2,103.0,-0.8,94.47,2540,0.521,0.477,0.468,0.332,0.727,0.174,0.233,0.505,0.165,0.273,0.265,2613.0,966.0,2150.0,442.0,569.0,418.0,241.0,833.0,nba_api:leaguedashteamstats,-0.21650326797390207,0.6804388422035172,-0.8969421101774193,0.31474673202609793
WNBA,2021,1611661325,IND,Indiana Fever,32,6,26,0.188,909,2183,0.416,157,552,0.284,435,544,0.8,307,792,1099,534,200,121,480.0,568,2410,1280.0,95.3,107.8,-12.5,94.78,2528,0.497,0.452,0.423,0.334,0.709,0.19,0.249,0.517,0.157,0.291,0.273,2724.0,996.0,2169.0,481.0,592.0,398.0,255.0,814.0,nba_api:leaguedashteamstats,-8.422385620915094,-4.672502334267064,-3.7498832866480303,1.3901143790849062
WNBA,2021,1611661319,LVA,Las Vegas Aces,32,24,8,0.75,1060,2248,0.472,162,432,0.375,574,701,0.819,236,1001,1237,668,216,147,376.0,455,2856,1295.0,107.1,96.0,11.1,98.98,2667,0.559,0.508,0.582,0.25,0.758,0.141,0.312,0.464,0.147,0.242,0.204,2566.0,973.0,2346.0,388.0,478.0,392.0,250.0,868.0,nba_api:leaguedashteamstats,7.8676470588235565,8.448109243697502,-0.5804621848739453,-1.1948529411764435
WNBA,2021,1611661320,LAS,Los Angeles Sparks,32,12,20,0.375,865,2107,0.411,216,645,0.335,382,499,0.766,194,741,935,494,266,135,445.0,618,2328,1290.0,92.3,97.5,-5.2,94.03,2523,0.5,0.462,0.452,0.233,0.654,0.176,0.237,0.476,0.23,0.346,0.322,2467.0,849.0,2024.0,541.0,652.0,583.0,297.0,929.0,nba_api:leaguedashteamstats,-4.054738562091478,-8.317845471521936,4.263106909430459,0.28901143790852224
WNBA,2021,1611661324,MIN,Minnesota Lynx,32,22,10,0.688,982,2146,0.458,216,635,0.34,467,558,0.837,233,885,1118,653,217,131,467.0,561,2647,1290.0,102.8,98.0,4.7,95.74,2576,0.553,0.508,0.536,0.285,0.736,0.181,0.26,0.476,0.173,0.264,0.234,2519.0,931.0,2197.0,426.0,513.0,445.0,226.0,813.0,nba_api:leaguedashteamstats,3.48202614379087,1.8779178338001934,1.6041083099906768,-0.5179738562091298
WNBA,2021,1611661313,NYL,New York Liberty,32,12,20,0.375,904,2115,0.427,321,887,0.362,382,470,0.813,199,868,1067,615,195,122,542.0,572,2511,1285.0,96.1,104.3,-8.2,97.81,2613,0.541,0.503,0.45,0.241,0.693,0.207,0.222,0.488,0.154,0.307,0.246,2736.0,1018.0,2322.0,471.0,571.0,403.0,285.0,885.0,nba_api:leaguedashteamstats,-6.084150326797371,-1.7992180205415345,-4.284932306255836,0.9470996732026293
WNBA,2021,1611661317,PHO,Phoenix Mercury,32,19,13,0.594,945,2102,0.45,241,697,0.346,495,620,0.798,255,903,1158,631,152,167,439.0,521,2626,1290.0,104.3,101.3,3.1,93.56,2517,0.553,0.507,0.538,0.285,0.702,0.174,0.295,0.466,0.139,0.298,0.206,2544.0,965.0,2313.0,387.0,476.0,348.0,300.0,816.0,nba_api:leaguedashteamstats,2.555555555555576,1.4498015873015895,1.1057539682539863,-0.006944444444424214
WNBA,2021,1611661328,SEA,Seattle Storm,32,21,11,0.656,992,2203,0.45,275,725,0.379,455,542,0.839,229,909,1138,682,244,135,413.0,497,2714,1305.0,103.6,98.4,5.2,96.24,2619,0.556,0.513,0.546,0.247,0.732,0.158,0.246,0.482,0.169,0.268,0.221,2572.0,969.0,2248.0,404.0,496.0,443.0,250.0,869.0,nba_api:leaguedashteamstats,3.8071895424836484,3.8154995331465713,-0.008309990662922928,-0.6303104575163516
WNBA,2021,1611661322,WAS,Washington Mystics,32,12,20,0.375,908,2215,0.41,288,878,0.328,449,556,0.808,260,805,1065,596,222,99,412.0,551,2553,1285.0,99.5,104.4,-5.0,95.79,2567,0.519,0.475,0.457,0.264,0.725,0.16,0.251,0.52,0.179,0.275,0.259,2676.0,993.0,2146.0,446.0,556.0,459.0,248.0,928.0,nba_api:leaguedashteamstats,-3.4444444444444375,-0.5668650793650745,-2.877579365079363,0.39930555555556246
WNBA,2022,1611661330,ATL,Atlanta Dream,36,14,22,0.389,1035,2463,0.42,271,771,0.351,485,624,0.777,311,966,1277,632,280,112,581.0,702,2826,1450.0,96.4,99.8,-3.4,97.22,2933,0.516,0.475,0.462,0.297,0.74,0.198,0.253,0.494,0.181,0.26,0.308,2934.0,1031.0,2389.0,573.0,737.0,531.0,265.0,956.0,nba_api:leaguedashteamstats,-2.9932171605791527,-3.8314365404733226,0.83821937989417,0.006782839420847342
WNBA,2022,1611661329,CHI,Chicago Sky,36,26,10,0.722,1176,2443,0.481,260,754,0.345,493,599,0.823,260,994,1254,874,261,155,531.0,584,3105,1455.0,105.8,99.7,6.0,96.81,2936,0.574,0.535,0.551,0.271,0.716,0.181,0.245,0.483,0.17,0.284,0.223,2925.0,1121.0,2561.0,450.0,570.0,498.0,310.0,886.0,nba_api:leaguedashteamstats,4.676230849690432,4.160710844570616,0.5155200051198161,-0.3237691503095679
WNBA,2022,1611661323,CON,Connecticut Sun,36,25,11,0.694,1147,2484,0.462,230,649,0.354,564,715,0.789,367,969,1336,758,318,97,562.0,615,3088,1450.0,105.8,96.3,9.5,96.45,2919,0.552,0.508,0.569,0.371,0.745,0.193,0.288,0.494,0.203,0.255,0.244,2799.0,1036.0,2362.0,464.0,577.0,590.0,250.0,794.0,nba_api:leaguedashteamstats,7.080233351253882,2.9335820855771626,4.146651265676719,-0.9475444265238968
WNBA,2022,1611661321,DAL,Dallas Wings,36,18,18,0.5,1068,2456,0.435,279,813,0.343,571,747,0.764,344,873,1217,676,256,134,489.0,676,2986,1445.0,104.6,104.3,0.2,94.84,2855,0.536,0.492,0.486,0.328,0.7,0.171,0.304,0.514,0.182,0.3,0.286,2979.0,1092.0,2380.0,533.0,680.0,520.0,277.0,901.0,nba_api:leaguedashteamstats,0.16707582224268958,0.7540040366396425,-0.586928214396953,-0.027368622201754872
WNBA,2022,1611661325,IND,Indiana Fever,36,5,31,0.139,1021,2498,0.409,245,724,0.338,520,697,0.746,352,845,1197,649,258,129,593.0,719,2807,1450.0,95.2,108.1,-12.9,97.92,2950,0.5,0.458,0.391,0.318,0.67,0.201,0.279,0.526,0.185,0.33,0.31,3206.0,1169.0,2467.0,611.0,764.0,548.0,317.0,972.0,nba_api:leaguedashteamstats,-10.02823904925959,-3.425682577677669,-6.60255647158192,1.0550942840737445
WNBA,2022,1611661319,LVA,Las Vegas Aces,36,26,10,0.722,1163,2529,0.46,343,951,0.361,587,713,0.823,249,1023,1272,748,276,140,420.0,569,3256,1445.0,109.6,102.0,7.7,98.64,2970,0.573,0.528,0.543,0.245,0.745,0.141,0.282,0.502,0.162,0.255,0.233,3027.0,1113.0,2546.0,472.0,593.0,481.0,295.0,1009.0,nba_api:leaguedashteamstats,5.643343884518453,8.292796454299303,-2.64945256978085,-0.7177672265926578
WNBA,2022,1611661320,LAS,Los Angeles Sparks,36,13,23,0.361,1074,2409,0.446,195,609,0.32,517,658,0.786,250,844,1094,680,308,142,529.0,657,2860,1445.0,97.6,106.7,-9.1,97.2,2931,0.53,0.486,0.453,0.257,0.691,0.18,0.273,0.532,0.201,0.309,0.302,3116.0,1112.0,2383.0,581.0,719.0,586.0,304.0,962.0,nba_api:leaguedashteamstats,-6.028671519846105,-2.411807073309926,-3.6168644465361783,1.0824395912650058
WNBA,2022,1611661324,MIN,Minnesota Lynx,36,14,22,0.389,1087,2414,0.45,246,707,0.348,548,699,0.784,323,1007,1330,743,220,102,559.0,610,2968,1450.0,102.6,104.4,-1.8,95.77,2892,0.545,0.501,0.494,0.311,0.734,0.193,0.29,0.503,0.153,0.266,0.252,3021.0,1101.0,2508.0,500.0,633.0,442.0,284.0,884.0,nba_api:leaguedashteamstats,-1.3541545520043465,0.20949200632137632,-1.5636465583257229,0.11806767021787579
WNBA,2022,1611661313,NYL,New York Liberty,36,16,20,0.444,1036,2402,0.431,349,995,0.351,445,541,0.823,251,981,1232,745,219,148,558.0,656,2866,1455.0,99.0,102.0,-3.0,95.52,2896,0.543,0.504,0.487,0.26,0.705,0.193,0.225,0.469,0.156,0.295,0.301,2952.0,1040.0,2489.0,616.0,749.0,452.0,320.0,965.0,nba_api:leaguedashteamstats,-1.5188911015291087,-2.321503112466335,0.8026120109372261,0.8699977873597802
WNBA,2022,1611661317,PHO,Phoenix Mercury,36,15,21,0.417,1028,2395,0.429,316,961,0.329,548,671,0.817,246,876,1122,693,267,163,513.0,714,2920,1455.0,100.7,104.1,-3.4,95.85,2901,0.543,0.495,0.475,0.249,0.667,0.177,0.28,0.501,0.189,0.333,0.282,3028.0,1090.0,2474.0,548.0,698.0,551.0,349.0,989.0,nba_api:leaguedashteamstats,-2.9286089807591553,-1.1560084528378036,-1.7726005279213517,0.07139101924084468
WNBA,2022,1611661328,SEA,Seattle Storm,36,22,14,0.611,1095,2478,0.442,333,922,0.361,447,542,0.825,280,928,1208,813,299,150,483.0,560,2970,1445.0,102.6,97.4,5.2,96.18,2894,0.547,0.509,0.531,0.252,0.698,0.167,0.219,0.485,0.194,0.302,0.218,2822.0,1073.0,2471.0,425.0,539.0,562.0,310.0,1005.0,nba_api:leaguedashteamstats,3.4732375680706955,-0.46625474889036056,3.939492316961056,-0.6378735430404152
WNBA,2022,1611661322,WAS,Washington Mystics,36,22,14,0.611,1055,2403,0.439,274,811,0.338,504,643,0.784,289,968,1257,729,274,133,494.0,572,2888,1455.0,101.1,96.0,5.1,94.05,2857,0.538,0.496,0.54,0.278,0.742,0.173,0.268,0.485,0.194,0.258,0.252,2731.0,1007.0,2344.0,456.0,590.0,551.0,241.0,951.0,nba_api:leaguedashteamstats,3.811660888201313,-2.7378929217526915,6.549553809954005,-0.5494502229097975
WNBA,2023,1611661330,ATL,Atlanta Dream,40,19,21,0.475,1176,2748,0.428,257,766,0.336,692,878,0.788,321,1123,1444,743,251,185,582.0,772,3301,1610.0,99.7,101.5,-1.8,98.7,3311,0.527,0.475,0.488,0.283,0.726,0.176,0.32,0.482,0.168,0.274,0.312,3360.0,1189.0,2766.0,693.0,863.0,556.0,313.0,1113.0,nba_api:leaguedashteamstats,-0.9815878098233801,0.10756242908704738,-1.0891502389104275,0.49341219017661997
WNBA,2023,1611661329,CHI,Chicago Sky,40,18,22,0.45,1229,2783,0.442,330,888,0.372,481,640,0.752,343,990,1333,818,267,181,573.0,691,3269,1610.0,101.3,103.4,-2.1,96.18,3228,0.533,0.501,0.475,0.292,0.692,0.178,0.23,0.499,0.178,0.308,0.268,3334.0,1240.0,2747.0,592.0,736.0,575.0,337.0,1060.0,nba_api:leaguedashteamstats,-1.5417945281696541,-0.8269810845262366,-0.7148134436434175,0.08320547183034588
WNBA,2023,1611661323,CON,Connecticut Sun,40,27,13,0.675,1206,2710,0.445,287,798,0.36,608,794,0.766,322,1022,1344,826,323,152,548.0,736,3307,1615.0,103.2,98.8,4.4,95.12,3204,0.54,0.498,0.532,0.299,0.715,0.171,0.293,0.486,0.198,0.285,0.299,3159.0,1137.0,2615.0,617.0,783.0,633.0,327.0,1027.0,nba_api:leaguedashteamstats,3.54063173747201,-0.42974574196803683,3.970377479440047,-0.1593682625279902
WNBA,2023,1611661321,DAL,Dallas Wings,40,22,18,0.55,1295,2926,0.443,270,853,0.317,654,811,0.806,471,1076,1547,813,303,171,550.0,754,3514,1605.0,106.9,103.5,3.5,98.21,3286,0.535,0.489,0.525,0.369,0.727,0.167,0.277,0.504,0.175,0.273,0.293,3396.0,1211.0,2729.0,646.0,800.0,575.0,318.0,964.0,nba_api:leaguedashteamstats,2.2930584311018958,5.282403330488549,-2.989344899386653,-0.6569415688981044
WNBA,2023,1611661325,IND,Indiana Fever,40,13,27,0.325,1207,2730,0.442,269,791,0.34,557,711,0.783,357,1004,1361,720,260,119,595.0,787,3240,1615.0,101.8,106.3,-4.5,94.83,3182,0.532,0.491,0.462,0.314,0.705,0.187,0.26,0.509,0.166,0.295,0.309,3402.0,1196.0,2688.0,667.0,831.0,531.0,303.0,997.0,nba_api:leaguedashteamstats,-3.8221589602024464,-1.4910638707280013,-2.331095089474445,0.22784103979755344
WNBA,2023,1611661319,LVA,Las Vegas Aces,40,34,6,0.85,1344,2767,0.486,371,996,0.372,654,779,0.84,246,1147,1393,868,321,191,470.0,638,3713,1600.0,113.0,97.7,15.3,98.57,3285,0.597,0.553,0.592,0.237,0.733,0.143,0.282,0.48,0.169,0.267,0.221,3211.0,1210.0,2841.0,485.0,627.0,555.0,320.0,1053.0,nba_api:leaguedashteamstats,11.070895057270166,9.659451148575227,1.4114439086949382,-1.479104942729835
WNBA,2023,1611661320,LAS,Los Angeles Sparks,40,17,23,0.425,1136,2672,0.425,260,780,0.333,624,762,0.819,266,993,1259,760,339,114,551.0,676,3156,1605.0,98.0,100.0,-1.9,96.31,3219,0.525,0.474,0.48,0.253,0.727,0.171,0.285,0.513,0.198,0.273,0.253,3221.0,1201.0,2629.0,524.0,666.0,637.0,287.0,1112.0,nba_api:leaguedashteamstats,-1.610758689499869,-4.21187765531171,2.601118965811841,0.01424131050013111
WNBA,2023,1611661324,MIN,Minnesota Lynx,40,19,21,0.475,1174,2701,0.435,270,832,0.325,588,735,0.8,318,1052,1370,777,257,105,569.0,675,3206,1610.0,99.8,105.7,-5.9,95.84,3213,0.53,0.485,0.472,0.277,0.701,0.177,0.272,0.509,0.166,0.299,0.23,3399.0,1258.0,2820.0,527.0,650.0,535.0,347.0,1061.0,nba_api:leaguedashteamstats,-3.8552619823347936,-2.102953787426742,-1.7523081949080517,0.9697380176652066
WNBA,2023,1611661313,NYL,New York Liberty,40,32,8,0.8,1286,2797,0.46,444,1187,0.374,553,667,0.829,347,1168,1515,965,266,178,568.0,640,3569,1615.0,109.6,99.4,10.3,96.56,3255,0.577,0.539,0.577,0.308,0.733,0.175,0.238,0.476,0.16,0.267,0.233,3222.0,1201.0,2834.0,522.0,661.0,518.0,320.0,999.0,nba_api:leaguedashteamstats,7.450970329711517,6.071331846344879,1.3796384833666373,-1.224029670288484
WNBA,2023,1611661317,PHO,Phoenix Mercury,40,9,31,0.225,1136,2558,0.444,271,827,0.328,521,649,0.803,264,971,1235,763,227,170,644.0,753,3064,1605.0,97.6,107.9,-10.3,94.01,3139,0.539,0.497,0.443,0.27,0.674,0.205,0.254,0.506,0.162,0.326,0.278,3396.0,1232.0,2748.0,617.0,765.0,509.0,358.0,997.0,nba_api:leaguedashteamstats,-7.66973226657251,-6.021771941128614,-1.6479603254438953,0.6302677334274911
WNBA,2023,1611661328,SEA,Seattle Storm,40,11,29,0.275,1114,2718,0.41,340,968,0.351,585,744,0.786,329,1067,1396,706,279,178,616.0,717,3153,1605.0,96.9,104.0,-7.1,97.23,3254,0.518,0.472,0.44,0.284,0.716,0.189,0.274,0.503,0.17,0.284,0.264,3378.0,1238.0,2763.0,600.0,730.0,551.0,327.0,1112.0,nba_api:leaguedashteamstats,-4.578200549964961,-3.605251095196777,-0.9729494547681847,1.0467994500350386
WNBA,2023,1611661322,WAS,Washington Mystics,40,19,21,0.475,1156,2699,0.428,310,923,0.336,599,728,0.823,263,1028,1291,768,309,130,529.0,743,3221,1605.0,99.9,100.3,-0.4,96.4,3223,0.533,0.486,0.493,0.24,0.714,0.164,0.27,0.496,0.192,0.286,0.299,3235.0,1146.0,2629.0,626.0,786.0,620.0,290.0,1146.0,nba_api:leaguedashteamstats,-0.29606076898798106,-2.431103578209584,2.135042809221603,0.05393923101201892
WNBA,2024,1611661330,ATL,Atlanta Dream,40,15,25,0.375,1112,2723,0.408,239,775,0.308,617,799,0.772,369,1075,1444,735,288,148,551.0,674,3080,1615.0,96.6,100.1,-3.6,94.75,3190,0.501,0.452,0.476,0.308,0.731,0.173,0.294,0.488,0.17,0.269,0.261,3190.0,1156.0,2695.0,560.0,703.0,541.0,298.0,1086.0,nba_api:leaguedashteamstats,-2.3962039623487392,-4.624635311405508,2.228431349056769,0.3537960376512608
WNBA,2024,1611661329,CHI,Chicago Sky,40,13,27,0.325,1188,2813,0.422,193,597,0.323,527,710,0.742,434,1030,1464,759,280,151,571.0,761,3096,1600.0,97.0,103.5,-6.5,95.72,3191,0.495,0.457,0.444,0.341,0.713,0.179,0.252,0.499,0.169,0.287,0.295,3301.0,1202.0,2694.0,614.0,794.0,540.0,312.0,1038.0,nba_api:leaguedashteamstats,-4.3949459084523035,-4.155704746260158,-0.23924116219214575,0.7300540915476965
WNBA,2024,1611661323,CON,Connecticut Sun,40,28,12,0.7,1170,2637,0.444,235,719,0.327,629,835,0.753,334,1004,1338,796,326,146,533.0,645,3204,1610.0,102.3,94.1,8.1,93.32,3133,0.533,0.488,0.547,0.308,0.727,0.17,0.317,0.482,0.209,0.273,0.262,2944.0,1086.0,2520.0,514.0,660.0,652.0,280.0,989.0,nba_api:leaguedashteamstats,5.562833500186712,-2.440532952758324,8.003366452945036,-0.937166499813288
WNBA,2024,1611661321,DAL,Dallas Wings,40,9,31,0.225,1266,2841,0.446,250,767,0.326,586,746,0.786,419,971,1390,817,285,158,626.0,739,3368,1615.0,102.1,111.7,-9.5,98.05,3298,0.531,0.49,0.445,0.346,0.685,0.19,0.263,0.536,0.166,0.315,0.293,3685.0,1339.0,2819.0,665.0,825.0,549.0,351.0,970.0,nba_api:leaguedashteamstats,-6.9989489223859485,3.6071583337663933,-10.606107256152342,0.9260510776140514
WNBA,2024,1611661325,IND,Indiana Fever,40,20,20,0.5,1250,2741,0.456,368,1034,0.356,531,685,0.775,331,1071,1402,816,235,173,612.0,726,3399,1605.0,104.2,107.5,-3.4,97.54,3263,0.559,0.523,0.48,0.293,0.713,0.188,0.25,0.507,0.149,0.287,0.284,3506.0,1246.0,2823.0,645.0,803.0,487.0,326.0,1016.0,nba_api:leaguedashteamstats,-1.7415802702125802,4.453653132738931,-6.195233402951511,0.9334197297874196
WNBA,2024,1611661319,LVA,Las Vegas Aces,40,27,13,0.675,1236,2725,0.454,376,1058,0.355,607,733,0.828,223,1141,1364,820,282,198,466.0,661,3455,1605.0,106.1,99.6,6.5,97.3,3257,0.567,0.523,0.542,0.213,0.74,0.143,0.269,0.488,0.164,0.26,0.248,3236.0,1202.0,2779.0,524.0,689.0,533.0,295.0,1123.0,nba_api:leaguedashteamstats,4.796328950484882,4.308709526840272,0.48761942364460964,-0.6786710495151178
WNBA,2024,1611661320,LAS,Los Angeles Sparks,40,8,32,0.2,1124,2655,0.423,289,902,0.32,599,783,0.765,294,1013,1307,787,292,129,639.0,715,3136,1605.0,97.0,105.7,-8.6,96.79,3232,0.523,0.478,0.437,0.293,0.714,0.198,0.295,0.522,0.167,0.286,0.268,3425.0,1267.0,2730.0,576.0,733.0,541.0,318.0,1042.0,nba_api:leaguedashteamstats,-6.113544844916891,-2.6928141299763704,-3.420730714940521,1.1114551550831084
WNBA,2024,1611661324,MIN,Minnesota Lynx,40,30,10,0.75,1205,2692,0.448,380,1000,0.38,489,619,0.79,297,1073,1370,921,343,168,570.0,654,3279,1615.0,102.8,94.8,8.0,94.83,3190,0.553,0.518,0.561,0.266,0.682,0.179,0.23,0.46,0.197,0.318,0.23,3024.0,1127.0,2749.0,497.0,631.0,629.0,374.0,1037.0,nba_api:leaguedashteamstats,5.6888068035229145,-0.42662772009622163,6.115434523619136,-0.6861931964770855
WNBA,2024,1611661313,NYL,New York Liberty,40,32,8,0.8,1230,2747,0.448,405,1160,0.349,559,687,0.814,338,1125,1463,911,316,179,553.0,615,3424,1600.0,107.0,95.3,11.7,96.15,3201,0.561,0.521,0.577,0.299,0.743,0.173,0.25,0.476,0.175,0.257,0.217,3058.0,1162.0,2732.0,455.0,592.0,560.0,296.0,1010.0,nba_api:leaguedashteamstats,7.266193323470444,2.8983811685655736,4.36781215490487,-1.8838066765295567
WNBA,2024,1611661317,PHO,Phoenix Mercury,40,19,21,0.475,1164,2652,0.439,341,1045,0.326,589,737,0.799,269,1024,1293,794,264,189,564.0,675,3258,1610.0,101.3,105.4,-4.1,95.88,3216,0.547,0.503,0.481,0.247,0.674,0.175,0.278,0.496,0.163,0.326,0.243,3390.0,1237.0,2869.0,542.0,698.0,523.0,406.0,1073.0,nba_api:leaguedashteamstats,-2.946781146867318,0.17367377007790186,-3.12045491694522,0.35321885313268186
WNBA,2024,1611661328,SEA,Seattle Storm,40,25,15,0.625,1242,2852,0.435,242,840,0.288,603,718,0.84,346,1040,1386,826,372,206,523.0,660,3329,1610.0,102.1,96.4,5.6,97.31,3262,0.525,0.478,0.533,0.295,0.7,0.16,0.252,0.477,0.2,0.3,0.268,3150.0,1152.0,2707.0,569.0,726.0,652.0,355.0,1086.0,nba_api:leaguedashteamstats,3.749139160162362,0.804900219388033,2.944238940774329,-0.7258608398376376
WNBA,2024,1611661322,WAS,Washington Mystics,40,14,26,0.35,1161,2681,0.433,389,1064,0.366,461,601,0.767,283,991,1274,863,291,137,642.0,737,3172,1610.0,98.0,101.7,-3.8,96.49,3238,0.538,0.506,0.476,0.27,0.69,0.198,0.224,0.502,0.199,0.31,0.303,3291.0,1172.0,2643.0,636.0,800.0,643.0,326.0,1088.0,nba_api:leaguedashteamstats,-2.471296682643516,-1.906161290880513,-0.5651353917630031,0.503703317356484
WNBA,2025,1611661330,ATL,Atlanta Dream,44,30,14,0.682,1323,2984,0.443,421,1248,0.337,645,821,0.786,390,1219,1609,942,299,198,552.0,696,3712,1765.0,108.2,98.9,9.3,93.08,3430,0.555,0.514,0.559,0.32,0.737,0.161,0.275,0.478,0.157,0.263,0.234,3378.0,1275.0,2970.0,538.0,694.0,537.0,309.0,1072.0,nba_api:leaguedashteamstats,6.151988242502779,1.8586300093490316,4.293358233153747,-1.4389208484063118
WNBA,2025,1611661329,CHI,Chicago Sky,44,10,34,0.227,1234,2903,0.425,293,889,0.33,574,752,0.763,430,1131,1561,850,266,184,745.0,782,3335,1760.0,97.0,109.9,-12.8,93.75,3437,0.516,0.476,0.425,0.355,0.701,0.217,0.259,0.521,0.152,0.299,0.28,3777.0,1359.0,3005.0,645.0,840.0,522.0,384.0,1050.0,nba_api:leaguedashteamstats,-8.232791804151372,-5.028583371068591,-3.2042084330827807,1.812662741303173
WNBA,2025,1611661323,CON,Connecticut Sun,44,11,33,0.25,1215,2951,0.412,271,896,0.302,636,802,0.793,376,1026,1402,765,345,161,615.0,863,3337,1765.0,95.9,108.8,-12.9,94.57,3479,0.505,0.458,0.414,0.296,0.672,0.177,0.272,0.53,0.188,0.328,0.322,3782.0,1340.0,2878.0,732.0,927.0,652.0,387.0,1168.0,nba_api:leaguedashteamstats,-8.372666757642826,-4.959525308362036,-3.413141449280789,1.7409696059935378
WNBA,2025,1611661321,DAL,Dallas Wings,44,10,34,0.227,1328,3143,0.423,289,950,0.304,649,809,0.802,442,1115,1557,888,323,175,610.0,833,3594,1765.0,101.6,109.1,-7.5,96.34,3537,0.514,0.469,0.446,0.335,0.709,0.172,0.257,0.531,0.167,0.291,0.326,3871.0,1350.0,2939.0,749.0,957.0,593.0,358.0,1161.0,nba_api:leaguedashteamstats,-5.139372898711802,0.7916444403623286,-5.93101733907413,1.1560816467427442
WNBA,2025,1611661331,GSV,Golden State Valkyries,44,23,21,0.523,1167,2867,0.407,427,1314,0.325,659,809,0.815,384,1170,1554,815,301,126,623.0,772,3420,1765.0,101.5,99.8,1.7,91.55,3368,0.531,0.482,0.504,0.313,0.706,0.185,0.282,0.472,0.167,0.294,0.274,3359.0,1173.0,2899.0,624.0,794.0,562.0,370.0,1095.0,nba_api:leaguedashteamstats,1.2078467726736237,-4.5628410483945805,5.770687821068204,-0.17851686369001274
WNBA,2025,1611661325,IND,Indiana Fever,44,24,20,0.545,1380,3025,0.456,365,1056,0.346,609,791,0.77,389,1081,1470,906,339,121,615.0,820,3734,1765.0,106.2,101.8,4.5,95.71,3515,0.554,0.517,0.521,0.313,0.702,0.175,0.261,0.503,0.19,0.298,0.296,3586.0,1299.0,2892.0,674.0,857.0,669.0,347.0,1093.0,nba_api:leaguedashteamstats,2.476825230958659,2.7398095058909107,-0.2629842749322515,-0.8868111326777046
WNBA,2025,1611661319,LVA,Las Vegas Aces,44,30,14,0.682,1305,2975,0.439,400,1138,0.351,670,813,0.824,356,1118,1474,861,329,216,572.0,730,3680,1760.0,105.9,101.9,3.9,94.92,3476,0.552,0.506,0.517,0.277,0.687,0.165,0.273,0.489,0.172,0.313,0.244,3552.0,1317.0,3021.0,600.0,736.0,598.0,382.0,1159.0,nba_api:leaguedashteamstats,3.1525320941539503,2.114881824687516,1.0376502694664342,0.24344118506304113
WNBA,2025,1611661320,LAS,Los Angeles Sparks,44,21,23,0.477,1349,2952,0.457,380,1127,0.337,691,898,0.769,351,1113,1464,911,319,136,660.0,742,3769,1775.0,105.2,108.5,-3.3,96.84,3584,0.563,0.521,0.479,0.295,0.692,0.184,0.304,0.524,0.166,0.308,0.231,3882.0,1422.0,3136.0,593.0,723.0,594.0,399.0,1104.0,nba_api:leaguedashteamstats,-2.058936822750243,4.689782645736587,-6.74871946848683,0.5092449954315752
WNBA,2025,1611661324,MIN,Minnesota Lynx,44,34,10,0.773,1414,2997,0.472,422,1116,0.378,537,707,0.76,376,1128,1504,1026,361,211,571.0,704,3787,1765.0,109.5,97.5,12.1,94.06,3457,0.572,0.542,0.582,0.298,0.687,0.165,0.236,0.481,0.196,0.313,0.229,3373.0,1251.0,2959.0,526.0,679.0,677.0,394.0,1071.0,nba_api:leaguedashteamstats,7.765227779073351,3.437799871339072,4.327427907734279,-1.6438631300175572
WNBA,2025,1611661313,NYL,New York Liberty,44,27,17,0.614,1303,2875,0.453,419,1180,0.355,688,822,0.837,297,1184,1481,960,336,192,608.0,714,3713,1760.0,105.8,100.6,5.2,95.75,3510,0.574,0.526,0.548,0.252,0.689,0.173,0.286,0.483,0.171,0.311,0.247,3534.0,1305.0,3078.0,563.0,761.0,601.0,425.0,1129.0,nba_api:leaguedashteamstats,3.2824378113010155,2.5832354697861692,0.6992023415148463,-0.7857440068808028
WNBA,2025,1611661317,PHO,Phoenix Mercury,44,27,17,0.614,1308,3018,0.433,414,1217,0.34,613,782,0.784,382,1143,1525,921,344,164,594.0,782,3643,1760.0,103.6,100.4,3.2,95.81,3515,0.542,0.502,0.512,0.29,0.704,0.169,0.259,0.486,0.189,0.296,0.28,3525.0,1257.0,2945.0,664.0,826.0,662.0,370.0,1184.0,nba_api:leaguedashteamstats,2.2652277790733533,0.7877998713390673,1.477427907734286,-0.4165904027448284
WNBA,2025,1611661328,SEA,Seattle Storm,44,23,21,0.523,1370,3044,0.45,332,971,0.342,542,703,0.771,303,1058,1361,938,373,223,539.0,751,3614,1770.0,103.0,100.1,2.9,95.28,3508,0.539,0.505,0.514,0.258,0.686,0.154,0.231,0.497,0.201,0.314,0.276,3524.0,1287.0,2907.0,636.0,802.0,708.0,367.0,1216.0,nba_api:leaguedashteamstats,1.488762684858985,0.07507695264652803,1.413685732212457,-0.5566918605955604
WNBA,2025,1611661322,WAS,Washington Mystics,44,16,28,0.364,1230,2801,0.439,248,754,0.329,686,910,0.754,338,1115,1453,846,286,140,672.0,800,3394,1765.0,97.2,103.2,-6.0,94.76,3492,0.53,0.483,0.472,0.288,0.729,0.192,0.325,0.505,0.173,0.271,0.283,3589.0,1291.0,2905.0,655.0,823.0,601.0,322.0,1099.0,nba_api:leaguedashteamstats,-3.9870801113394485,-4.527710863311988,0.5406307519725395,0.44473807047873315
